Sector,Project ID,Parent company,Company Country (HQ),Project Status,Destination Country,Destination city,Year Announced,Year Completed,Technology,Industry activity,Capital Investment (US$m),Expansion,Joint Venture,Joint Venture Local,Joint Venture Company,Source (Parent company name and HQ),Source (Project Status),"Source (Project location, country and city)",Source (Amount),"Source (Ownership share, where available)",Source (Date Announced [MM/DD/YYYY]),Source (Date Completed [MM/DD/YYYY]),Source (Industry Activity),Source (Joint Venture),Operational
Battery,EV1,Toyota,Japan,Operational,United States,Liberty (North Carolina),2021,2025,Battery,Manufacturing,13900,0,0,0,,https://pressroom.toyota.com/toyota-charges-into-u-s-battery-manufacturing/,https://pressroom.toyota.com/toyota-charges-into-u-s-battery-manufacturing/,https://pressroom.toyota.com/toyota-charges-into-u-s-battery-manufacturing/,https://pressroom.toyota.com/toyota-charges-into-u-s-battery-manufacturing/,,https://pressroom.toyota.com/toyota-charges-into-u-s-battery-manufacturing/,https://pressroom.toyota.com/toyota-charges-into-u-s-battery-manufacturing/,https://pressroom.toyota.com/toyota-charges-into-u-s-battery-manufacturing/,,Operational
Battery,Battery 15.1,Hon Hai Technology Group,Taiwan,Announced,Indonesia,Batang (Central Java),2022,N/A,Battery,Manufacturing,8000,0,1,1,"Indonesia Battery Corporation, Indika, and Gogoro",https://www.foxconn.com/en-us/press-center/press-releases/latest-news/734,https://www.foxconn.com/en-us/press-center/press-releases/latest-news/734,https://jakartaglobe.id/business/foxconn-chooses-c-javas-batang-industrial-complex-for-8b-project-in-ev-ecosystem,https://jakartaglobe.id/business/foxconn-chooses-c-javas-batang-industrial-complex-for-8b-project-in-ev-ecosystem,https://www.foxconn.com/en-us/press-center/press-releases/latest-news/734,https://www.foxconn.com/en-us/press-center/press-releases/latest-news/734 01/21/2022,,https://www.foxconn.com/en-us/press-center/press-releases/latest-news/734,https://www.foxconn.com/en-us/press-center/press-releases/latest-news/734,Announced only
Battery,HAR0010,CATL,China,Commenced,Hungary,Debrecen (Hajdú-Bihar),2022,N/A,Battery,Manufacturing,7500,0,0,0,,https://www.catl.com/en/news/983.html,https://www.catl.com/en/news/983.html,https://www.electrive.com/2022/08/12/catl-to-build-battery-factory-in-hungary-with-mercedes-as-major-customer/,https://www.catl.com/en/news/983.html,,https://www.catl.com/en/news/983.html 08/12/2022,https://www.catl.com/en/news/983.html (year only),https://www.catl.com/en/news/983.html,,Under construction
Battery,HAR0038,Gotion,China,Commenced,Morocco,Kenitra (Rabat-Salé-Kénitra),2024,N/A,Battery,Manufacturing,6500,0,0,0,,https://www.moroccoworldnews.com/2024/11/12493/cdg-gotion-high-tech-sign-agreement-for-1-3-billion-electric-battery-gigafactory-in-kenitra/,https://www.moroccoworldnews.com/2025/05/202536/gotion-gigafactory-construction-launches-within-days-in-kenitra/,https://www.moroccoworldnews.com/2024/11/12493/cdg-gotion-high-tech-sign-agreement-for-1-3-billion-electric-battery-gigafactory-in-kenitra/,https://www.just-auto.com/news/gotion-morocco-gigafactory-report/,,https://www.moroccoworldnews.com/2024/11/12493/cdg-gotion-high-tech-sign-agreement-for-1-3-billion-electric-battery-gigafactory-in-kenitra/ 11/13/2024,https://www.moroccoworldnews.com/2025/05/202536/gotion-gigafactory-construction-launches-within-days-in-kenitra/ (year only),https://www.moroccoworldnews.com/2024/06/18726/morocco-to-build-1-3-billion-electric-battery-gigafactory-in-kenitra/,,Under construction
Battery,HAR0011,CATL,China,Commenced,Indonesia,Karawang (West Java),2022,N/A,Battery,Manufacturing,6000,0,1,1,"PT Aneka Tambang Tbk (ANTAM), Indonesia Battery Corporation (IBC)",https://www.catl.com/en/news/6481.html,https://en.antaranews.com/news/362733/prabowo-breaks-ground-for-ev-battery-plant-construction-in-karawang,https://en.antaranews.com/news/362733/prabowo-breaks-ground-for-ev-battery-plant-construction-in-karawang,https://www.catl.com/en/news/6481.html,https://www.catl.com/en/news/6481.html,https://www.catl.com/en/news/6481.html (year only),https://www.catl.com/en/news/6481.html (year only),https://www.catl.com/en/news/6481.html,https://www.catl.com/en/news/6481.html,Under construction
Battery,HAR0047,Huayou Cobalt,China,Announced,Indonesia,Halmahera (North Maluku),2026,N/A,Battery,Manufacturing,6000,0,1,1,"ANTAM, IBC (local); EVE Energy",https://autonews.gasgoo.com/articles/market-industry/eve-energy-deepens-southeast-asia-push-with-indonesia-battery-ecosystem-pact-2018569023271051265,https://autonews.gasgoo.com/articles/market-industry/eve-energy-deepens-southeast-asia-push-with-indonesia-battery-ecosystem-pact-2018569023271051265,https://www.indonesiaminer.com/news/detail/antam-ibc-and-huayou-partner-to-strengthen-nickel-downstreaming-and-build-indonesias-integrated-battery-ecosystem,https://www.antam.com/en/news-and-events/antam-ibc-and-huayou-strengthen-national-integrated-battery-ecosystem-through-global-strategic-collaboration,https://voi.id/en/economy/555155,https://autonews.gasgoo.com/articles/market-industry/eve-energy-deepens-southeast-asia-push-with-indonesia-battery-ecosystem-pact-2018569023271051265 (year only),https://autonews.gasgoo.com/articles/market-industry/eve-energy-deepens-southeast-asia-push-with-indonesia-battery-ecosystem-pact-2018569023271051265 (year only),https://autonews.gasgoo.com/articles/market-industry/eve-energy-deepens-southeast-asia-push-with-indonesia-battery-ecosystem-pact-2018569023271051265,https://voi.id/en/economy/555155,Announced only
Battery,New_NingboRonbayNewEne_ID1,"Ningbo Ronbay New Energy Technology Co., Ltd.",China,Under Construction,Indonesia,Morowali (Central Sulawesi),2025,N/A,Battery,Manufacturing,6000,0,1,1,"CALT, ANTAM, IBC",https://www.catl.com/en/news/6481.html,https://www.enlit-asia.com/latest-news/catl-partners-break-ground-6-billion-battery-integration-project-indonesia,https://www.enlit-asia.com/latest-news/catl-partners-break-ground-6-billion-battery-integration-project-indonesia,https://www.catl.com/en/news/6481.html,https://www.catl.com/en/news/6481.html,https://www.catl.com/en/news/6481.html,https://cnevpost.com/2024/01/26/byd-launches-production-uzbekistan-plant/,https://www.enlit-asia.com/latest-news/catl-partners-break-ground-6-billion-battery-integration-project-indonesia,https://www.catl.com/en/news/6481.html,Under construction
Battery,Battery10.5,SK Innovation (SK Energy),South Korea,Commenced,United States,Glendale (Kentucky),2021,N/A,Battery,Manufacturing,5800,0,1,1,Ford Motor,https://corporate.ford.com/articles/electrification/blue-oval-city/,https://www.kentucky.gov/Pages/Activity-stream.aspx?n=GovernorBeshear&prId=2561,https://www.kentucky.gov/Pages/Activity-stream.aspx?n=GovernorBeshear&prId=2561,https://www.kentucky.gov/Pages/Activity-stream.aspx?n=GovernorBeshear&prId=2561,https://www.blueovalsk.com/,https://corporate.ford.com/articles/electrification/blue-oval-city/ 09/27/2021,,https://corporate.ford.com/articles/electrification/blue-oval-city/,https://www.blueovalsk.com/,Under construction
Battery,New_LGES_AZ1,LG,South Korea,Under Construction,United States,Queen Creek (Arizona),2023,2026,Battery,Manufacturing,5500,0,0,0,,https://news.lgensol.com/company-news/press-releases/2592/,https://news.lgensol.com/company-news/press-releases/2592/,https://news.lgensol.com/company-news/press-releases/2592/,https://news.lgensol.com/company-news/press-releases/2592/,https://news.lgensol.com/company-news/press-releases/2592/ (100% LG Energy Solution),https://news.lgensol.com/company-news/press-releases/2592/,https://news.lgensol.com/company-news/press-releases/2592/ (year only),https://news.lgensol.com/company-news/press-releases/2592/,,Under construction
Battery,New_Agratas_GB1,Agratas,India,Under Construction,United Kingdom,Somerset,2023,2026,Battery,Manufacturing,5200,0,1,0,AESC Group (Envision) – 12% stake in Agratas; Tata Sons 88% (acquired Mar 2025),https://www.fleetnews.co.uk/news/manufacturer-news/2023/07/19/jlr-owner-to-build-4bn-electric-vehicle-battery-factory-in-the-uk,https://agratas.com/news/new-footage-shows-impressive-progress-at-our-somerset-battery-facility,https://www.automotivelogistics.media/battery-supply-chain/tatas-agratas-confirms-location-of-uk-gigafactory-for-anchor-client-jlr/45302.article,https://www.automotivelogistics.media/ev-and-battery/tatas-agratas-confirms-location-of-uk-gigafactory-for-anchor-client-jlr/188713,https://www.evmechanica.com/chinese-owned-aesc-acquires-12-stake-in-tatas-agratas/,https://www.fleetnews.co.uk/news/manufacturer-news/2023/07/19/jlr-owner-to-build-4bn-electric-vehicle-battery-factory-in-the-uk,https://www.agratas.com/news/new-footage-shows-impressive-progress-at-our-somerset-battery-facility,https://www.automotivelogistics.media/battery-supply-chain/tatas-agratas-confirms-location-of-uk-gigafactory-for-anchor-client-jlr/45302.article,https://www.evmechanica.com/chinese-owned-aesc-acquires-12-stake-in-tatas-agratas/,Under construction
Battery,EV11,Hyundai Motor Group,South Korea,Under Construction,United States,Cartersville (Georgia),2023,N/A,Battery,Manufacturing,5000,0,1,0,HSAGP Energy LLC (Hyundai Motor Group–SK On JV),https://www.hyundai.com/worldwide/en/newsroom/detail/hyundai-motor-group-and-sk-on-to-establish-ev-battery-cell-production-joint-venture-in-us-0000000237,https://www.hyundai.com/worldwide/en/newsroom/detail/hyundai-motor-group-and-sk-on-to-establish-ev-battery-cell-production-joint-venture-in-us-0000000237,https://www.hyundai.com/worldwide/en/newsroom/detail/hyundai-motor-group-and-sk-on-to-establish-ev-battery-cell-production-joint-venture-in-us-0000000237,https://www.hyundai.com/worldwide/en/newsroom/detail/hyundai-motor-group-and-sk-on-to-establish-ev-battery-cell-production-joint-venture-in-us-0000000237,https://www.hyundai.com/worldwide/en/newsroom/detail/hyundai-motor-group-and-sk-on-to-establish-ev-battery-cell-production-joint-venture-in-us-0000000237,https://www.hyundai.com/worldwide/en/newsroom/detail/hyundai-motor-group-and-sk-on-to-establish-ev-battery-cell-production-joint-venture-in-us-0000000237,https://www.hyundai.com/worldwide/en/newsroom/detail/hyundai-motor-group-and-sk-on-to-establish-ev-battery-cell-production-joint-venture-in-us-0000000237,https://www.hyundai.com/worldwide/en/newsroom/detail/hyundai-motor-group-and-sk-on-to-establish-ev-battery-cell-production-joint-venture-in-us-0000000237,https://www.hyundai.com/worldwide/en/newsroom/detail/hyundai-motor-group-and-sk-on-to-establish-ev-battery-cell-production-joint-venture-in-us-0000000237,Under construction
Battery,EV12,LG Energy Solution,South Korea,Operational,Canada,Windsor (Ontario),2022,2025,Battery,Manufacturing,5000,0,1,0,NextStar Energy Inc.,https://nextstar-energy.com/stellantis-and-lg-energy-solution-to-invest-over-5-billion-cad-in-joint-venture-for-first-large-scale-lithium-ion-battery-production-plant-in-canada/,https://nextstar-energy.com/stellantis-and-lg-energy-solution-to-invest-over-5-billion-cad-in-joint-venture-for-first-large-scale-lithium-ion-battery-production-plant-in-canada/,https://nextstar-energy.com/stellantis-and-lg-energy-solution-to-invest-over-5-billion-cad-in-joint-venture-for-first-large-scale-lithium-ion-battery-production-plant-in-canada/,https://nextstar-energy.com/stellantis-and-lg-energy-solution-to-invest-over-5-billion-cad-in-joint-venture-for-first-large-scale-lithium-ion-battery-production-plant-in-canada/,https://nextstar-energy.com/stellantis-and-lg-energy-solution-to-invest-over-5-billion-cad-in-joint-venture-for-first-large-scale-lithium-ion-battery-production-plant-in-canada/,https://nextstar-energy.com/stellantis-and-lg-energy-solution-to-invest-over-5-billion-cad-in-joint-venture-for-first-large-scale-lithium-ion-battery-production-plant-in-canada/,https://nextstar-energy.com/stellantis-and-lg-energy-solution-to-invest-over-5-billion-cad-in-joint-venture-for-first-large-scale-lithium-ion-battery-production-plant-in-canada/,https://nextstar-energy.com/stellantis-and-lg-energy-solution-to-invest-over-5-billion-cad-in-joint-venture-for-first-large-scale-lithium-ion-battery-production-plant-in-canada/,https://nextstar-energy.com/stellantis-and-lg-energy-solution-to-invest-over-5-billion-cad-in-joint-venture-for-first-large-scale-lithium-ion-battery-production-plant-in-canada/,Operational
Battery,EV14,PowerCo SE (Volkswagen),Germany,Under Construction,Canada,St. Thomas (Ontario),2023,2029,Battery,Manufacturing,4800,0,0,0,,https://www.volkswagen-group.com/en/press-releases/start-of-european-battery-cell-production-powerco-commissions-salzgitter-gigafactory-20045,https://www.volkswagen-group.com/en/press-releases/start-of-european-battery-cell-production-powerco-commissions-salzgitter-gigafactory-20045,https://www.volkswagen-group.com/en/press-releases/start-of-european-battery-cell-production-powerco-commissions-salzgitter-gigafactory-20045,https://www.volkswagen-group.com/en/press-releases/start-of-european-battery-cell-production-powerco-commissions-salzgitter-gigafactory-20045,https://www.businesstoday.in/auto/story/why-toyota-is-building-its-third-plant-in-india-530998-2026-05-12,https://www.volkswagen-group.com/en/press-releases/start-of-european-battery-cell-production-powerco-commissions-salzgitter-gigafactory-20045,https://www.volkswagen-group.com/en/press-releases/start-of-european-battery-cell-production-powerco-commissions-salzgitter-gigafactory-20045,https://www.volkswagen-group.com/en/press-releases/start-of-european-battery-cell-production-powerco-commissions-salzgitter-gigafactory-20045,,Under construction
Battery,HAR0013,CATL,China,Commenced,Spain,Zaragoza (Aragon),2024,N/A,Battery,Manufacturing,4437,0,1,0,Stellantis N.V.,https://www.stellantis.com/en/news/press-releases/2024/december/stellantis-and-calt-to-invest-up-to-4-1-billion-in-joint-venture-for-large-scale-lfp-battery-plant-in-spain,https://www.electrive.com/2025/11/26/catl-and-stellantis-start-battery-plant-construction-in-spain/,https://www.stellantis.com/en/news/press-releases/2024/december/stellantis-and-calt-to-invest-up-to-4-1-billion-in-joint-venture-for-large-scale-lfp-battery-plant-in-spain,https://www.electrive.com/2025/11/26/catl-and-stellantis-start-battery-plant-construction-in-spain/,https://www.stellantis.com/en/news/press-releases/2024/december/stellantis-and-calt-to-invest-up-to-4-1-billion-in-joint-venture-for-large-scale-lfp-battery-plant-in-spain,https://www.stellantis.com/en/news/press-releases/2024/december/stellantis-and-calt-to-invest-up-to-4-1-billion-in-joint-venture-for-large-scale-lfp-battery-plant-in-spain 12/10/2024,https://www.electrive.com/2025/11/26/catl-and-stellantis-start-battery-plant-construction-in-spain/ (year only),https://www.stellantis.com/en/news/press-releases/2024/december/stellantis-and-calt-to-invest-up-to-4-1-billion-in-joint-venture-for-large-scale-lfp-battery-plant-in-spain,https://www.stellantis.com/en/news/press-releases/2024/december/stellantis-and-calt-to-invest-up-to-4-1-billion-in-joint-venture-for-large-scale-lfp-battery-plant-in-spain,Under construction
Battery,EV15,Honda,Japan,Under Construction,United States,Jeffersonville (Indiana),2022,N/A,Battery,Manufacturing,4400,0,1,0,L-H Battery Company Inc. (Honda–LG Energy Solution JV),https://global.honda/en/newsroom/news/2023/c230301eng.html,https://global.honda/en/newsroom/news/2023/c230301eng.html,https://global.honda/en/newsroom/news/2023/c230301eng.html,https://global.honda/en/newsroom/news/2023/c230301eng.html,https://global.honda/en/newsroom/news/2023/c230301eng.html,https://global.honda/en/newsroom/news/2023/c230301eng.html,https://global.honda/en/newsroom/news/2023/c230301eng.html,https://global.honda/en/newsroom/news/2023/c230301eng.html,https://global.honda/en/newsroom/news/2023/c230301eng.html,Under construction
Battery,EV16,Hyundai Motor Group,South Korea,Under Construction,United States,Ellabell (Georgia),2023,N/A,Battery,Manufacturing,4300,0,1,0,HL-GA Battery Company LLC (Hyundai Motor Group–LG Energy Solution JV),https://www.hyundai.com/worldwide/en/newsroom/detail/hyundai-motor-group-and-lg-energy-solution-to-establish-battery-cell-manufacturing-joint-venture-in-the-u.s.-0000000254,https://www.hyundai.com/worldwide/en/newsroom/detail/hyundai-motor-group-and-lg-energy-solution-to-establish-battery-cell-manufacturing-joint-venture-in-the-u.s.-0000000254,https://www.hyundai.com/worldwide/en/newsroom/detail/hyundai-motor-group-and-lg-energy-solution-to-establish-battery-cell-manufacturing-joint-venture-in-the-u.s.-0000000254,https://www.hyundai.com/worldwide/en/newsroom/detail/hyundai-motor-group-and-lg-energy-solution-to-establish-battery-cell-manufacturing-joint-venture-in-the-u.s.-0000000254,https://www.hyundai.com/worldwide/en/newsroom/detail/hyundai-motor-group-and-lg-energy-solution-to-establish-battery-cell-manufacturing-joint-venture-in-the-u.s.-0000000254,https://www.hyundai.com/worldwide/en/newsroom/detail/hyundai-motor-group-and-lg-energy-solution-to-establish-battery-cell-manufacturing-joint-venture-in-the-u.s.-0000000254,https://www.hyundai.com/worldwide/en/newsroom/detail/hyundai-motor-group-and-lg-energy-solution-to-establish-battery-cell-manufacturing-joint-venture-in-the-u.s.-0000000254,https://www.hyundai.com/worldwide/en/newsroom/detail/hyundai-motor-group-and-lg-energy-solution-to-establish-battery-cell-manufacturing-joint-venture-in-the-u.s.-0000000254,https://www.hyundai.com/worldwide/en/newsroom/detail/hyundai-motor-group-and-lg-energy-solution-to-establish-battery-cell-manufacturing-joint-venture-in-the-u.s.-0000000254,Under construction
Battery,Battery3.2,Panasonic (Matsushita),Japan,Completed,United States,De Soto (Kansas),2022,2025,Battery,Manufacturing,4000,0,0,0,,https://na.panasonic.com/news/panasonic-energy-begins-mass-production-at-new-automotive-lithium-ion-battery-factory-in-kansas-aiming-for-annual-capacity-of-32-gwh-to-accelerate-us-local-production,https://www.kansascommerce.gov/2025/07/governor-kelly-celebrates-grand-opening-of-panasonic-ev-battery-manufacturing-facility-in-de-soto/,https://www.kansascommerce.gov/2025/07/governor-kelly-celebrates-grand-opening-of-panasonic-ev-battery-manufacturing-facility-in-de-soto/,https://www.kansascommerce.gov/panasonic-project-announcement/,,https://www.kcur.org/news/2022-07-13/kansas-reportedly-landing-4-billion-factory-that-will-make-batteries-for-tesla (year only),https://na.panasonic.com/news/panasonic-energy-begins-mass-production-at-new-automotive-lithium-ion-battery-factory-in-kansas-aiming-for-annual-capacity-of-32-gwh-to-accelerate-us-local-production 07/14/2025,https://na.panasonic.com/news/panasonic-energy-begins-mass-production-at-new-automotive-lithium-ion-battery-factory-in-kansas-aiming-for-annual-capacity-of-32-gwh-to-accelerate-us-local-production,,Operational
Battery,Battery1.2,Samsung,South Korea,Announced,United States,New Carlisle (Indiana),2024,N/A,Battery,Manufacturing,3500,0,1,1,General Motors,https://www.samsungsdi.com/sdi-now/sdi-news/3942.html,https://www.samsungsdi.com/sdi-now/sdi-news/3942.html,https://www.samsungsdi.com/sdi-now/sdi-news/3942.html,https://www.samsungsdi.com/sdi-now/sdi-news/3942.html,https://www.samsungsdi.com/sdi-now/sdi-news/3942.html,https://www.samsungsdi.com/sdi-now/sdi-news/3942.html 08/28/2024,https://insideevs.com/news/731721/gm-samsung-sdi-indiana-ev-battery-factory-official-delay/ (year only),https://www.samsungsdi.com/sdi-now/sdi-news/3942.html,https://www.samsungsdi.com/sdi-now/sdi-news/3942.html,Announced only
Battery,New_Stellantis_US2,Stellantis,Netherlands,Under Construction,United States,Kokomo (Indiana),2023,2027,Battery,Manufacturing,3200,1,1,0,StarPlus Energy (Stellantis-Samsung SDI),https://www.stellantis.com/en/news/press-releases/2023/october/stellantis-samsung-sdi-announce-kokomo-indiana-as-site-for-second-us-starplus-energy-gigafactory,https://www.stellantis.com/en/news/press-releases/2023/october/stellantis-samsung-sdi-announce-kokomo-indiana-as-site-for-second-us-starplus-energy-gigafactory,https://www.stellantis.com/en/news/press-releases/2023/october/stellantis-samsung-sdi-announce-kokomo-indiana-as-site-for-second-us-starplus-energy-gigafactory,https://www.stellantis.com/en/news/press-releases/2023/october/stellantis-samsung-sdi-announce-kokomo-indiana-as-site-for-second-us-starplus-energy-gigafactory,https://www.stellantis.com/en/news/press-releases/2023/october/stellantis-samsung-sdi-announce-kokomo-indiana-as-site-for-second-us-starplus-energy-gigafactory,https://www.stellantis.com/en/news/press-releases/2023/october/stellantis-samsung-sdi-announce-kokomo-indiana-as-site-for-second-us-starplus-energy-gigafactory,https://www.stellantis.com/en/news/press-releases/2023/october/stellantis-samsung-sdi-announce-kokomo-indiana-as-site-for-second-us-starplus-energy-gigafactory,https://www.stellantis.com/en/news/press-releases/2023/october/stellantis-samsung-sdi-announce-kokomo-indiana-as-site-for-second-us-starplus-energy-gigafactory,https://www.stellantis.com/en/news/press-releases/2023/october/stellantis-samsung-sdi-announce-kokomo-indiana-as-site-for-second-us-starplus-energy-gigafactory,Under construction
Battery,FDI236151,Volkswagen,Germany,Completed,Spain,Sagunto (Valencia),2022,2027,Battery,Manufacturing,3135,0,0,0,,https://www.volkswagen-group.com/en/press-releases/gigafactory-valencia-powerco-gives-starting-signal-for-construction-of-second-cell-factory-17033,https://www.volkswagen-group.com/en/press-releases/gigafactory-valencia-powerco-gives-starting-signal-for-construction-of-second-cell-factory-17033,https://www.volkswagen-group.com/en/press-releases/gigafactory-valencia-powerco-gives-starting-signal-for-construction-of-second-cell-factory-17033,https://www.volkswagen-group.com/en/press-releases/gigafactory-valencia-powerco-gives-starting-signal-for-construction-of-second-cell-factory-17033,,https://www.volkswagen-group.com/en/press-releases/gigafactory-valencia-powerco-gives-starting-signal-for-construction-of-second-cell-factory-17033 (year only),https://battery-tech.net/battery-markets-news/powerco-to-start-cell-production-at-sagunto-in-july-2027/ (year only),https://www.volkswagen-group.com/en/press-releases/gigafactory-valencia-powerco-gives-starting-signal-for-construction-of-second-cell-factory-17033,,Operational
Battery,Battery2.7,LG,South Korea,Completed,United States,Holland (Michigan),2023,2025,Battery,Manufacturing,3000,1,0,0,,https://www.michiganbusiness.org/news/2023/10/michigan-wins-$3-billion-investment-powering-new-ev-production-by-lges-toyota/,https://www.michiganbusiness.org/news/2023/10/michigan-wins-$3-billion-investment-powering-new-ev-production-by-lges-toyota/,https://lgenergymi.com/construction-growth/,https://www.michiganbusiness.org/news/2023/10/michigan-wins-$3-billion-investment-powering-new-ev-production-by-lges-toyota/,,https://www.michiganbusiness.org/news/2023/10/michigan-wins-$3-billion-investment-powering-new-ev-production-by-lges-toyota/ 10/04/2023,https://www.detroitnews.com/story/business/autos/2023/10/04/lg-energy-solution-to-invest-3b-in-mich-to-make-batteries-for-toyota/71060801007/ (year only),https://lgenergymi.com/construction-growth/,,Operational
Battery,Battery 2.3,LG,South Korea,Completed,United States,Lansing (Michigan),2022,2025,Battery,Manufacturing,2600,0,1,1,General Motors,https://news.lgensol.com/company-news/press-releases/881/,https://www.wkar.org/wkar-news/2025-03-31/lansing-electric-vehicle-battery-plant-stalls-as-gm-transfers-ownership-to-former-partner,https://news.lgensol.com/company-news/press-releases/881/,https://news.gm.com/home.detail.html/Pages/news/us/en/2022/jan/0125-gmandlg.html,https://news.gm.com/home.detail.html/Pages/news/us/en/2022/jan/0125-gmandlg.html,https://news.gm.com/home.detail.html/Pages/news/us/en/2022/jan/0125-gmandlg.html 01/25/2022,[UNVERIFIED] https://news.lgensol.com/company-news/press-releases/881/ (year only),https://news.lgensol.com/company-news/press-releases/881/,https://news.gm.com/home.detail.html/Pages/news/us/en/2022/jan/0125-gmandlg.html,Operational
Battery,New_Stellantis_US1,Stellantis,Netherlands,Operational,United States,Kokomo (Indiana),2022,2025,Battery,Manufacturing,2500,0,1,0,StarPlus Energy (Stellantis-Samsung SDI),https://www.stellantis.com/en/news/press-releases/2023/october/stellantis-samsung-sdi-announce-kokomo-indiana-as-site-for-second-us-starplus-energy-gigafactory,https://www.utilitydive.com/news/starplus-energy-finalizes-doe-loan-battery-plants-indiana-stellantis-samsung/736039/,https://www.stellantis.com/en/news/press-releases/2023/october/stellantis-samsung-sdi-announce-kokomo-indiana-as-site-for-second-us-starplus-energy-gigafactory,https://www.stellantis.com/en/news/press-releases/2022/may/stellantis-and-samsung-announce-battery-plant-in-kokomo,https://www.detroitnews.com/story/business/autos/chrysler/2023/10/11/stellantis-samsung-sdi-second-kokomo-indiana-battery-plant/71139735007/,https://www.stellantis.com/en/news/press-releases/2023/october/stellantis-samsung-sdi-announce-kokomo-indiana-as-site-for-second-us-starplus-energy-gigafactory,https://www.stellantis.com/en/news/press-releases/2022/may/stellantis-and-samsung-announce-battery-plant-in-kokomo,https://www.stellantis.com/en/news/press-releases/2022/may/stellantis-and-samsung-announce-battery-plant-in-kokomo,https://www.detroitnews.com/story/business/autos/chrysler/2023/10/11/stellantis-samsung-sdi-second-kokomo-indiana-battery-plant/71139735007/,Operational
Battery,EV33,AESC (Envision),Japan,Operational,France,Douai (Hauts-de-France),2021,2025,Battery,Manufacturing,2400,0,0,0,Renault (anchor partner),https://media.renaultgroup.com/renault-group-places-france-at-the-heart-of-its-industrial-strategy-for-ev-batteries/,https://media.renaultgroup.com/renault-group-places-france-at-the-heart-of-its-industrial-strategy-for-ev-batteries/,https://media.renaultgroup.com/renault-group-places-france-at-the-heart-of-its-industrial-strategy-for-ev-batteries/,https://media.renaultgroup.com/renault-group-places-france-at-the-heart-of-its-industrial-strategy-for-ev-batteries/,https://www.business-standard.com/companies/news/jsw-green-mobility-gets-636-acre-land-for-maharashtra-manufacturing-plant-124101001239_1.html,https://media.renaultgroup.com/renault-group-places-france-at-the-heart-of-its-industrial-strategy-for-ev-batteries/,https://media.renaultgroup.com/renault-group-places-france-at-the-heart-of-its-industrial-strategy-for-ev-batteries/,https://media.renaultgroup.com/renault-group-places-france-at-the-heart-of-its-industrial-strategy-for-ev-batteries/,,Operational
Battery,Battery10.4,SK Innovation (SK Energy),South Korea,Completed,China,Yancheng (Jiangsu),2021,2021,Battery,Manufacturing,2300,0,1,0,EVE Energy,https://english.etnews.com/20210901200002,https://english.etnews.com/20210901200002,https://english.etnews.com/20210901200002,https://aei.dempa.net/archives/2164,https://english.etnews.com/20210901200002,https://english.etnews.com/20210901200002 (year only),https://english.etnews.com/20210901200002 (year only),https://english.etnews.com/20210901200002,https://english.etnews.com/20210901200002,Operational
Battery,FDI215463,LG,South Korea,Completed,United States,Lordstown (Ohio),2019,2022,Battery,Manufacturing,2300,0,1,1,General Motors,https://www.jobsohio.com/newsroom/ohio-success/ultium-cells,https://www.jobsohio.com/newsroom/ohio-success/ultium-cells,https://www.jobsohio.com/newsroom/ohio-success/ultium-cells,https://www.energy.gov/edf/ultium-cells,https://www.jobsohio.com/newsroom/ohio-success/ultium-cells,https://www.jobsohio.com/newsroom/ohio-success/ultium-cells (year only),https://www.vindy.com/news/local-news/2024/12/100-million-battery-cells-produced-at-lordstown-plant/ (year only),https://www.energy.gov/edf/ultium-cells,https://www.jobsohio.com/newsroom/ohio-success/ultium-cells,Operational
Battery,Battery10.1,SK Innovation (SK Energy),South Korea,Completed,Hungary,Iváncsa (Fejér),2021,2024,Battery,Manufacturing,2290,0,0,0,,https://hipa.hu/news/gigantic-investment-of-sk-innovation-the-largest-greenfield-fdi-project-ever-to-start-in-ivancsa/,https://skonhungary.com/about-us/,https://hipa.hu/news/gigantic-investment-of-sk-innovation-the-largest-greenfield-fdi-project-ever-to-start-in-ivancsa/,https://hipa.hu/news/gigantic-investment-of-sk-innovation-the-largest-greenfield-fdi-project-ever-to-start-in-ivancsa/,,https://www.electrive.com/2021/01/29/sk-innovation-announces-third-battery-cell-factory-in-hungary/ 01/29/2021,https://skonhungary.com/about-us/ (year only),https://hipa.hu/news/gigantic-investment-of-sk-innovation-the-largest-greenfield-fdi-project-ever-to-start-in-ivancsa/,,Operational
Battery,HAR0006,CALB,China,Commenced,Portugal,Sines (Setúbal),2023,N/A,Battery,Manufacturing,2200,0,0,0,,http://en.calb-tech.com/news_detail/5.html,https://www.electrive.com/2025/02/24/calb-prepares-to-build-its-battery-plant-in-portugal/,https://www.portugalglobal.pt/en/news/2025/february/calb-to-build-a-zero-carbon-battery-gigafactory-in-portugal/,https://www.ess-news.com/2026/01/28/portugal-signs-off-e350-million-incentives-for-calbs-e2-07-billion-sines-battery-plant/,,https://www.electrive.com/2022/11/04/calb-signs-mou-for-factory-in-portugal/ (year only),https://chemxplore.com/news/calb-portugal-15-gwh-battery-factory-to-start-construction-this-year (year only),http://en.calb-tech.com/news_detail/5.html,,Under construction
Battery,New_Umicore_CA1,Umicore,Belgium,Paused,Canada,Loyalist (Ontario),2022,2026,Battery,Manufacturing,2100,0,0,0,,https://www.umicore.com/en/media/newsroom/umicore-prepares-to-construct-battery-materials-production-plant-in-canada/,https://www.umicore.com/en/media/newsroom/umicore-shares-details-on-cost-saving-measures-and-pauses-construction-of-its-battery-materials-plant-in-canada/,https://www.umicore.com/en/media/newsroom/umicore-prepares-to-construct-battery-materials-production-plant-in-canada/,https://www.kingstonist.com/news/umicore-breaks-ground-on-multibillion-dollar-battery-plant-in-loyalist/,https://www.kingstonist.com/news/umicore-breaks-ground-on-multibillion-dollar-battery-plant-in-loyalist/,https://www.umicore.com/en/media/newsroom/umicore-prepares-to-construct-battery-materials-production-plant-in-canada/,,https://www.umicore.com/en/media/newsroom/umicore-prepares-to-construct-battery-materials-production-plant-in-canada/,,Paused
Battery,Battery1.21,Samsung,South Korea,Announced,Poland,Gdansk (Pomerania),2024,N/A,Battery,Manufacturing,2000,0,0,0,,https://news.metal.com/newscontent/102890919/samsung-sdi-consider-to-build-battery-gigafactory-in-poland,https://news.metal.com/newscontent/102890919/samsung-sdi-consider-to-build-battery-gigafactory-in-poland,https://www.agenzianova.com/en/news/poland-samsung-wants-to-build-a-battery-plant-for-electric-cars-worth-two-billion-euros/,https://www.agenzianova.com/en/news/poland-samsung-wants-to-build-a-battery-plant-for-electric-cars-worth-two-billion-euros/,,[UNVERIFIED] https://news.metal.com/newscontent/102890919/samsung-sdi-consider-to-build-battery-gigafactory-in-poland (year only),[UNVERIFIED] https://www.agenzianova.com/en/news/poland-samsung-wants-to-build-a-battery-plant-for-electric-cars-worth-two-billion-euros/ (year only),https://news.metal.com/newscontent/102890919/samsung-sdi-consider-to-build-battery-gigafactory-in-poland,,Announced only
Battery,Battery7.3,Gotion,China,Commenced,United States,Manteno (Illinois),2023,N/A,Battery,Manufacturing,2000,0,0,0,,https://www.illinois.gov/news/press-release.26993.html,https://www.illinoisedc.org/news/gov-pritzker-and-gotion-announce-new-2-billion-electric-vehicle-battery-gigafactory-in-kankakee-county/,https://www.illinois.gov/news/press-release.26993.html,https://www.illinois.gov/news/press-release.26993.html,,https://www.illinois.gov/news/press-release.26993.html 09/08/2023,https://autotechinsight.spglobal.com/news/5283484/gotion-to-start-ev-battery-production-in-manteno-in-september-with-five-production-lines (year only),https://gotionillinois.com/,,Under construction
Battery,FDI192516,LG,South Korea,Completed,China,Nanjing (Jiangsu),2018,2019,Battery,Manufacturing,2000,0,0,0,,https://www.electrive.com/2018/07/19/lg-chem-to-open-second-battery-factory-in-china/,https://news.metal.com/newscontent/101006894/stage-1-of-lg-chem-battery-project-in-china-reached-mass-production,https://asia.nikkei.com/Business/Companies/LG-Chem-breaks-ground-on-2nd-EV-battery-plant-in-China,https://www.electrive.com/2018/07/19/lg-chem-to-open-second-battery-factory-in-china/,,https://www.electrive.com/2018/07/19/lg-chem-to-open-second-battery-factory-in-china/ (year only),https://news.metal.com/newscontent/101006894/stage-1-of-lg-chem-battery-project-in-china-reached-mass-production (year only),https://www.electrive.com/2018/07/19/lg-chem-to-open-second-battery-factory-in-china/,,Operational
Battery,New_COBCO_MA1,COBCO,China,Commenced,Morocco,Jorf Lasfar (Casablanca-Settat),2023,2025,Battery,Manufacturing,2000,0,1,1,Al Mada and CNGR,https://cobco.ma/cobco-inaugurates-its-first-manufacturing-unit-with-a-capacity-of-40000-tons/,https://www.electrive.com/2025/06/26/cobco-starts-ev-battery-material-production-in-morocco/,https://www.electrive.com/2025/06/26/cobco-starts-ev-battery-material-production-in-morocco/,https://www.batteriesintertiol.com/2025/06/30/cobco-starts-up-2bn-morocco-battery-materials-plant/,https://cobco.ma/cobco-iugurates-its-first-manufacturing-unit-with-a-capacity-of-40000-tons/,https://www.maroc.ma/en/news/cobcos-manufacturing-unit-electric-battery-materials-major-milestone-moroccos-industry,https://cobco.ma/cobco-iugurates-its-first-manufacturing-unit-with-a-capacity-of-40000-tons/,https://www.electrive.com/2025/06/26/cobco-starts-ev-battery-material-production-in-morocco/,https://cobco.ma/cobco-iugurates-its-first-manufacturing-unit-with-a-capacity-of-40000-tons/,Under construction
Battery,HAR0009,CATL,China,Completed,Germany,Erfurt (Thuringia),2018,2022,Battery,Manufacturing,1910,0,0,0,,https://www.invest-in-thuringia.de/en/news/news-detail/catl-takes-off-europes-largest-cell-production-facility-starts-production/,https://www.invest-in-thuringia.de/en/news/news-detail/catl-takes-off-europes-largest-cell-production-facility-starts-production/,https://www.invest-in-thuringia.de/en/news/news-detail/catl-takes-off-europes-largest-cell-production-facility-starts-production/,https://www.electrive.com/2018/07/09/catl-revealing-details-on-battery-factory-in-erfurt/,,https://www.autonews.com/article/20180709/ANE/180709764/bmw-will-buy-battery-cells-from-catl-s-new-german-plant/ (year only),https://www.invest-in-thuringia.de/en/news/news-detail/catl-takes-off-europes-largest-cell-production-facility-starts-production/ (year only),https://www.invest-in-thuringia.de/en/news/news-detail/catl-takes-off-europes-largest-cell-production-facility-starts-production/,,Operational
Battery,New_SK_PL1,SK,South Korea,Operational,Poland,Dąbrowa Górnicza (Silesia),2019,2021,Battery,Manufacturing,1700,0,0,0,,https://www.fdiintelligence.com/content/8bf73ac3-6358-41b2-86fd-2d97aefb875e,https://www.paih.gov.pl/en/news/20211011-the_opening_ceremony_of_the_sk_hi_tech_battery_materials_factory/,https://www.paih.gov.pl/en/news/20211011-the_opening_ceremony_of_the_sk_hi_tech_battery_materials_factory/,https://www.fdiintelligence.com/content/8bf73ac3-6358-41b2-86fd-2d97aefb875e,https://www.paih.gov.pl/en/news/20211011-the_opening_ceremony_of_the_sk_hi_tech_battery_materials_factory/,https://www.paih.gov.pl/en/news/20211011-the_opening_ceremony_of_the_sk_hi_tech_battery_materials_factory/ (year only),https://www.paih.gov.pl/en/news/20211011-the_opening_ceremony_of_the_sk_hi_tech_battery_materials_factory/,https://www.paih.gov.pl/en/news/20211011-the_opening_ceremony_of_the_sk_hi_tech_battery_materials_factory/,,Operational
Battery,New_AESC_US1,AESC (Envision),Japan,Operational,United States,Smyrna (Tennessee),2012,2012,Battery,Manufacturing,1700,0,0,0,,https://www.solarpowerworldonline.com/2026/05/aesc-sells-tennessee-lithium-battery-cell-manufacturing-plant-to-fixx-energy/,https://www.solarpowerworldonline.com/2026/05/aesc-sells-tennessee-lithium-battery-cell-manufacturing-plant-to-fixx-energy/,https://www.solarpowerworldonline.com/2026/05/aesc-sells-tennessee-lithium-battery-cell-manufacturing-plant-to-fixx-energy/,https://www.reliableplant.com/Read/24773/Nissan-battery-plant-Tennessee,https://www.solarpowerworldonline.com/2026/05/aesc-sells-tennessee-lithium-battery-cell-manufacturing-plant-to-fixx-energy/,https://www.reliableplant.com/Read/24773/Nissan-battery-plant-Tennessee (year only),https://www.reliableplant.com/Read/24773/Nissan-battery-plant-Tennessee (year only),https://www.solarpowerworldonline.com/2026/05/aesc-sells-tennessee-lithium-battery-cell-manufacturing-plant-to-fixx-energy/,,Operational
Battery,Battery10.7,SK Innovation (SK Energy),South Korea,Completed,United States,Commerce (California),2018,2022,Battery,Manufacturing,1670,0,0,0,,https://gov.georgia.gov/press-releases/2023-01-30/gov-kemp-sk-battery-america-exceeds-hiring-goal-track-reach-3000-workers,https://insideevs.com/news/419036/sk-innovation-2nd-battery-gigafactory-georgia/,https://gov.georgia.gov/press-releases/2023-01-30/gov-kemp-sk-battery-america-exceeds-hiring-goal-track-reach-3000-workers,https://eepower.com/news/sk-innovation-to-invest-1-67-billion-in-ev-battery-factory-in-georgia/,,https://eepower.com/news/sk-innovation-to-invest-1-67-billion-in-ev-battery-factory-in-georgia/ (year only),https://gov.georgia.gov/press-releases/2023-01-30/gov-kemp-sk-battery-america-exceeds-hiring-goal-track-reach-3000-workers (year only),https://gov.georgia.gov/press-releases/2023-01-30/gov-kemp-sk-battery-america-exceeds-hiring-goal-track-reach-3000-workers,,Operational
Battery,New_XTCNewEnergyMateri_FR1,XTC New Energy Materials (Xiamen),China,Under Construction,France,Dunkirk (Hauts-de-France),2023,2028,Battery,Manufacturing,1620,0,1,1,Orano,https://www.orano.group/en/news/news-group/2024/december/automotive-battery-components-orano-and-xtc-new-energy-announce-the-creation-of-two-joint-ventures-in-france-as-part-of-their-collaboration-project,https://finance.yahoo.com/news/xtc-energy-orano-announce-construction-144800456.html,https://finance.yahoo.com/news/xtc-energy-orano-announce-construction-144800456.html,http://en.fao.xm.gov.cn/2024-05/11/c_986454.htm,https://finance.yahoo.com/news/xtc-energy-orano-announce-construction-144800456.html,https://finance.yahoo.com/news/xtc-energy-orano-announce-construction-144800456.html,https://finance.yahoo.com/news/xtc-energy-orano-announce-construction-144800456.html,https://www.orano.group/en/news/news-group/2026/march/xtc-new-energy-and-orano-announce-the-construction-of-their-first-battery-cathode-active-material-manufacturing-plant-in-northern-france,https://finance.yahoo.com/news/xtc-energy-orano-announce-construction-144800456.html,Under construction
Battery,New_Viaanode_CA1,Viaanode,Norway,Announced,Canada,St Catherines (Ontario),2025,2028,Battery,Manufacturing,1538,0,0,0,,https://www.vianode.com/news/vianode-to-build-large-scale-clean-synthetic-graphite-plant-in-ontario-in-support-of-canadas-contribution-to-the-g7-critical-minerals-production-alliance,https://www.vianode.com/news/vianode-to-build-large-scale-clean-synthetic-graphite-plant-in-ontario-in-support-of-canadas-contribution-to-the-g7-critical-minerals-production-alliance,https://www.vianode.com/news/vianode-to-build-large-scale-clean-synthetic-graphite-plant-in-ontario-in-support-of-canadas-contribution-to-the-g7-critical-minerals-production-alliance,https://www.vianode.com/news/vianode-to-build-large-scale-clean-synthetic-graphite-plant-in-ontario-in-support-of-canadas-contribution-to-the-g7-critical-minerals-production-alliance,https://www.vianode.com/news/vianode-to-build-large-scale-clean-synthetic-graphite-plant-in-ontario-in-support-of-canadas-contribution-to-the-g7-critical-minerals-production-alliance,https://www.vianode.com/news/vianode-to-build-large-scale-clean-synthetic-graphite-plant-in-ontario-in-support-of-canadas-contribution-to-the-g7-critical-minerals-production-alliance,https://www.vianode.com/news/vianode-to-build-large-scale-clean-synthetic-graphite-plant-in-ontario-in-support-of-canadas-contribution-to-the-g7-critical-minerals-production-alliance,https://www.vianode.com/news/vianode-to-build-large-scale-clean-synthetic-graphite-plant-in-ontario-in-support-of-canadas-contribution-to-the-g7-critical-minerals-production-alliance,,Announced only
Battery,HAR0025,EVE Energy,China,Announced,United Kingdom,Coventry (West Midlands),2024,N/A,Battery,Manufacturing,1500,0,0,0,,https://www.electrive.com/2024/03/25/eve-energy-considers-building-battery-factory-in-coventry/,https://www.electrive.com/2024/03/25/eve-energy-considers-building-battery-factory-in-coventry/,https://www.edie.net/west-midlands-gigafactory-set-to-secure-1bn-investment-from-chinese-ev-battery-maker/,https://www.sustainability-beat.co.uk/2024/03/25/bmw-ev-battery-energy/,,https://www.electrive.com/2024/03/25/eve-energy-considers-building-battery-factory-in-coventry/ (year only),[UNVERIFIED] https://www.evinfrastructurenews.com/public-charging/eve-energy-discusses-investing-1-billion-into-coventry-60gwh-gigafactory (year only),https://www.evinfrastructurenews.com/public-charging/eve-energy-discusses-investing-1-billion-into-coventry-60gwh-gigafactory,,Announced only
Battery,New_HuayouCobalt_HU1,Huayou Cobalt,China,Under Construction,Hungary,Ács (Komárom-Esztergom),2023,N/A,Battery,Manufacturing,1500,0,0,0,,https://www.yicaiglobal.com/news/chinas-huayou-cobalt-gains-after-hungarian-plant-lands-another-big-battery-materials-order,https://ceenergynews.com/transport/chinese-owned-huayou-cobalt-chooses-hungary-for-its-first-ev-battery-plant-in-europe/,https://www.electrive.com/2023/06/23/huayou-cobalt-to-build-cathode-plant-in-hungary/,https://source.benchmarkminerals.com/article/chinese-battery-materials-producers-expand-overseas-with-hungary-south-korea-deals,https://www.yicaiglobal.com/news/chinas-huayou-cobalt-gains-after-hungarian-plant-lands-another-big-battery-materials-order,https://ceenergynews.com/transport/chinese-owned-huayou-cobalt-chooses-hungary-for-its-first-ev-battery-plant-in-europe/,https://www.gwm-global.com/news/3401476.html,https://ceenergynews.com/transport/chinese-owned-huayou-cobalt-chooses-hungary-for-its-first-ev-battery-plant-in-europe/,,Under construction
Battery,New_BMW_CN2,BMW,Germany,Operational,China,Shenyang (Liaoning),2018,2020,Battery,Manufacturing,1487,0,1,1,Brilliance,https://www.electrive.com/2024/04/29/bmw-makes-china-site-fit-for-the-neue-klasse/,https://www.electrive.com/2024/04/29/bmw-makes-china-site-fit-for-the-neue-klasse/,https://www.shenyang.gov.cn/english/business/202305/t20230525_4469838.html,https://www.press.bmwgroup.com/global/article/detail/T0441753EN/production-milestone-in-shenyang:-bba-reaches-6-million-vehicles?language=en,https://www.electrive.com/2024/04/29/bmw-makes-china-site-fit-for-the-neue-klasse/,https://www.electrive.com/2024/04/29/bmw-makes-china-site-fit-for-the-neue-klasse/ (year only),https://electrification-solutions.com/chinas-battery-giants-forge-full-industry-chain-in-morocco-via-chain-investment-creating-new-gateway-to-global-markets/,https://www.electrive.com/2024/04/29/bmw-makes-china-site-fit-for-the-neue-klasse/,https://www.electrive.com/2024/04/29/bmw-makes-china-site-fit-for-the-neue-klasse/,Operational
Battery,HAR0074,Sunwoda,China,Commenced,Thailand,Chonburi,2025,N/A,Battery,Manufacturing,1470,0,0,0,,https://cnevpost.com/2025/03/13/thailand-approves-sunwoda-investment-ev-battery-cell-plants/,https://cnevpost.com/2025/03/13/thailand-approves-sunwoda-investment-ev-battery-cell-plants/,https://www.nationthailand.com/business/automobile/40047370,https://www.ess-news.com/2025/03/24/chinas-sunwoda-invests-1-5bn-in-thailand-battery-plants/,https://www.nationthailand.com/business/corporate/40029835,https://cnevpost.com/2025/03/13/thailand-approves-sunwoda-investment-ev-battery-cell-plants/ (year only),https://www.just-auto.com/news/thailand-sunwodas-battery-cell/ (year only),https://cnevpost.com/2025/03/13/thailand-approves-sunwoda-investment-ev-battery-cell-plants/,,Under construction
Battery,Battery1.10,Samsung,South Korea,Commenced,China,Xi'an (Shaanxi),2018,N/A,Battery,Manufacturing,1470,0,0,0,,http://m.nbdpress.com/articles/2018-12-10/5778.html,https://www.yicaiglobal.com/news/samsung-unit-to-invest-usd15-billion-restart-xian-power-battery-project-,https://www.china-arn.com/en/index.php?c=show&id=70,https://news.metal.com/newscontent/100859391/report:-samsung-sdi-to-expand-power-battery-capacity-in-china/,,http://m.nbdpress.com/articles/2018-12-10/5778.html 12/10/2018,https://www.yicaiglobal.com/news/samsung-unit-to-invest-usd15-billion-restart-xian-power-battery-project- (year only),http://m.nbdpress.com/articles/2018-12-10/5778.html,,Under construction
Battery,HAR0021,EVE Energy,China,Commenced,Hungary,Debrecen (Hajdú-Bihar),2023,N/A,Battery,Manufacturing,1400,0,0,0,,https://hipa.hu/news/eve-power-teams-up-with-bmw-in-debrecen-to-supply-ifactory-next-door/,https://www.electrive.com/2023/11/30/groundbreaking-ceremony-for-eve-energys-hungarian-battery-factory/,https://hipa.hu/news/eve-power-teams-up-with-bmw-in-debrecen-to-supply-ifactory-next-door/,https://cnevpost.com/2023/06/09/eve-energy-1-4-billion-hungary-battery-plant/,,https://www.electrive.com/2023/05/10/eve-energy-to-build-battery-factory-in-hungary/ 05/10/2023,https://www.energy-storage.news/industry-updates/eve-to-build-plant-to-supply-bmw-electric-vehicles-in-hungary/ (year only),https://hipa.hu/news/eve-power-teams-up-with-bmw-in-debrecen-to-supply-ifactory-next-door/,,Under construction
Battery,HAR0022,EVE Energy,China,Commenced,Thailand,Chonburi,2023,N/A,Battery,Manufacturing,1400,0,1,1,Energy Absolute,https://cnevpost.com/2023/07/27/eve-energy-to-build-battery-base-thailand/,https://www.electrive.com/2023/07/28/eve-energy-absolute-energy-to-build-battery-plant-in-thailand/,https://construction-property.com/chinese-battery-maker-eve-energy-to-build-lithium-ion-plant-in-thailand/,https://www.yicaiglobal.com/news/chinas-eve-energy-to-build-lithium-battery-plant-in-thailand-for-southeast-asian-clients,https://cnevpost.com/2023/07/27/eve-energy-to-build-battery-base-thailand/,https://cnevpost.com/2023/07/27/eve-energy-to-build-battery-base-thailand/ 07/27/2023,[UNVERIFIED] https://construction-property.com/chinese-battery-maker-eve-energy-to-build-lithium-ion-plant-in-thailand/ (year only),https://www.electrive.com/2023/07/28/eve-energy-absolute-energy-to-build-battery-plant-in-thailand/,https://cnevpost.com/2023/07/27/eve-energy-to-build-battery-base-thailand/,Under construction
Battery,Battery1.1,Samsung,South Korea,Completed,Hungary,Göd (Pest),2017,2022,Battery,Manufacturing,1353,0,0,0,,https://ec.europa.eu/commission/presscorner/detail/en/ip_23_1265,https://insideevs.com/news/400155/samsung-sdi-expands-battery-plant-hungary/,https://ec.europa.eu/commission/presscorner/detail/en/ip_23_1265,https://www.kedglobal.com/batteries/newsView/ked202303020024,,https://insideevs.com/news/400155/samsung-sdi-expands-battery-plant-hungary/ (year only),https://www.kedglobal.com/batteries/newsView/ked202303020024 (year only),https://ec.europa.eu/commission/presscorner/detail/en/ip_23_1265,,Operational
Battery,Battery1.9,Samsung,South Korea,Commenced,Malaysia,Seremban (Negeri Sembilan),2022,N/A,Battery,Manufacturing,1344,0,0,0,,https://www.mida.gov.my/media-release/samsung-sdi-energy-malaysia-invests-rm7-billion-for-its-first-ev-battery-cell-manufacturing-facility-in-malaysia/,https://paultan.org/2022/07/21/samsung-sdi-breaks-ground-on-rm5-8-billion-battery-plant-in-seremban-malaysia-production-to-start-2024/,https://www.nst.com.my/business/2022/07/815425/samsung-sdi-opens-first-plant-asean-malaysias-first-ev-battery-facility,https://www.power-technology.com/news/samsung-sdi-plant-malaysia/,,https://paultan.org/2022/07/21/samsung-sdi-breaks-ground-on-rm5-8-billion-battery-plant-in-seremban-malaysia-production-to-start-2024/ 07/21/2022,https://paultan.org/2022/07/21/samsung-sdi-breaks-ground-on-rm5-8-billion-battery-plant-in-seremban-malaysia-production-to-start-2024/ (year only),https://www.mida.gov.my/media-release/samsung-sdi-energy-malaysia-invests-rm7-billion-for-its-first-ev-battery-cell-manufacturing-facility-in-malaysia/,,Under construction
Battery,New_AsahiKasei_CA1,Asahi Kasei,Japan,Under Construction,Canada,Port Colborne (Ontario),2024,2027,Battery,Manufacturing,1300,0,0,0,,https://asia.nikkei.com/spotlight/supply-chain/asahi-kasei-to-build-1.3bn-ev-battery-components-plant-in-canada,https://asia.nikkei.com/spotlight/supply-chain/asahi-kasei-to-build-1.3bn-ev-battery-components-plant-in-canada,https://asia.nikkei.com/spotlight/supply-chain/asahi-kasei-to-build-1.3bn-ev-battery-components-plant-in-canada,https://asia.nikkei.com/spotlight/supply-chain/asahi-kasei-to-build-1.3bn-ev-battery-components-plant-in-canada,https://asia.nikkei.com/spotlight/supply-chain/asahi-kasei-to-build-1.3bn-ev-battery-components-plant-in-canada,https://asia.nikkei.com/spotlight/supply-chain/asahi-kasei-to-build-1.3bn-ev-battery-components-plant-in-canada,https://asia.nikkei.com/spotlight/supply-chain/asahi-kasei-to-build-1.3bn-ev-battery-components-plant-in-canada,https://asia.nikkei.com/spotlight/supply-chain/asahi-kasei-to-build-1.3bn-ev-battery-components-plant-in-canada,,Under construction
Battery,HAR0027,Farasis,China,Completed,Turkey,Gemlik (Bursa),2021,2023,Battery,Manufacturing,1250,0,1,1,TOGG (Turkey Automobile Joint Venture Group),https://www.farasis-energy.com/en/farasis-energy-and-togg-joint-venture-siro-laid-the-foundation-stone-of-the-cell-factory/,https://www.electrive.com/2023/04/21/turkey-siro-kicks-off-series-production-of-battery-modules-and-packs/,https://www.farasis-energy.com/en/farasis-energy-and-togg-joint-venture-siro-laid-the-foundation-stone-of-the-cell-factory/,https://chinaglobalsouth.com/analysis/sino-turkish-competition-and-cooperation-in-the-ev-sector/,https://www.electrive.com/2021/11/30/togg-farasis-launch-battery-joint-venture-siro/,https://www.electrive.com/2021/11/30/togg-farasis-launch-battery-joint-venture-siro/ 11/30/2021,https://www.electrive.com/2023/04/21/turkey-siro-kicks-off-series-production-of-battery-modules-and-packs/ (year only),https://www.farasis-energy.com/en/farasis-energy-and-togg-joint-venture-siro-laid-the-foundation-stone-of-the-cell-factory/,https://www.electrive.com/2021/11/30/togg-farasis-launch-battery-joint-venture-siro/,Operational
Battery,New_EcoPro_CA1,Eco Pro,South Korea,Paused,Canada,Bécancour (Quebec),2023,2027,Battery,Manufacturing,1200,0,1,0,Ford,https://electrek.co/2023/08/17/ford-sk-announce-massive-battery-cathode-factory-quebec-battery-valley/,https://www.auto123.com/en/news/ecopro-battery-plant-construction-suspended-becancour/72865/,https://electrek.co/2023/08/17/ford-sk-announce-massive-battery-cathode-factory-quebec-battery-valley/,https://electrek.co/2023/08/17/ford-sk-announce-massive-battery-cathode-factory-quebec-battery-valley/,https://electrek.co/2023/08/17/ford-sk-announce-massive-battery-cathode-factory-quebec-battery-valley/,https://electrek.co/2023/08/17/ford-sk-announce-massive-battery-cathode-factory-quebec-battery-valley/,,https://electrek.co/2023/08/17/ford-sk-announce-massive-battery-cathode-factory-quebec-battery-valley/,https://electrek.co/2023/08/17/ford-sk-announce-massive-battery-cathode-factory-quebec-battery-valley/,Paused
Battery,FDI233031,Volkswagen,Germany,Completed,Brazil,Resende (Rio de Janeiro),2020,2021,Battery,Manufacturing,1100,0,0,0,,https://en.vwtbpress.com/press/volkswagen-e-delivery,https://www.electrive.com/2021/06/15/volkswagen-launches-electric-truck-production-in-brazil/,https://en.vwtbpress.com/press/volkswagen-e-delivery,https://www.volkswagen-newsroom.com/en/press-releases/volkswagen-brand-invests-one-billion-euros-for-growth-in-south-america-17431,,https://en.vwtbpress.com/press/volkswagen-e-delivery (year only),https://www.electrive.com/2021/06/15/volkswagen-launches-electric-truck-production-in-brazil/ (year only),https://en.vwtbpress.com/press/volkswagen-e-delivery,,Operational
Battery,EV47,Hyundai Motor Group,South Korea,Operational,Indonesia,Karawang (West Java),2021,2024,Battery,Manufacturing,1100,0,1,0,HLI Green Power (Hyundai Motor Group–LG Energy Solution JV),https://www.hyundai.com/worldwide/en/newsroom/detail/hli-green-power-celebrates-grand-opening-0000000620,https://www.hyundai.com/worldwide/en/newsroom/detail/hli-green-power-celebrates-grand-opening-0000000620,https://www.hyundai.com/worldwide/en/newsroom/detail/hli-green-power-celebrates-grand-opening-0000000620,https://www.hyundai.com/worldwide/en/newsroom/detail/hli-green-power-celebrates-grand-opening-0000000620,https://www.hyundai.com/worldwide/en/newsroom/detail/hli-green-power-celebrates-grand-opening-0000000620,https://www.hyundai.com/worldwide/en/newsroom/detail/hli-green-power-celebrates-grand-opening-0000000620,https://www.hyundai.com/worldwide/en/newsroom/detail/hli-green-power-celebrates-grand-opening-0000000620,https://www.hyundai.com/worldwide/en/newsroom/detail/hli-green-power-celebrates-grand-opening-0000000620,https://www.hyundai.com/worldwide/en/newsroom/detail/hli-green-power-celebrates-grand-opening-0000000620,Operational
Battery,HAR0004,AESC,China,Commenced,Spain,Navalmoral de la Mata (Cáceres),2024,N/A,Battery,Manufacturing,1090,0,0,0,,https://www.envision-aesc.com/en/item/6299ef34ad5c45039bdc95cf,https://www.lamoncloa.gob.es/lang/en/presidente/news/paginas/2024/20240708-aesc-battery-gigafactory.aspx,https://www.lamoncloa.gob.es/lang/en/presidente/news/paginas/2024/20240708-aesc-battery-gigafactory.aspx,https://evertiq.com/news/56059,,https://www.lamoncloa.gob.es/lang/en/presidente/news/paginas/2024/20240708-aesc-battery-gigafactory.aspx 07/08/2024,https://www.electrive.com/2022/07/19/envision-aesc-is-building-another-battery-plant-in-spain/ (year only),https://www.envision-aesc.com/en/item/6299ef34ad5c45039bdc95cf,,Under construction
Battery,HAR0035,Gotion,China,Completed,Slovakia,Surany (Nitra),2023,2023,Battery,Manufacturing,1032,0,1,1,InoBat Auto jsa,https://www.inobat.eu/newsroom/gib-to-build-an-advanced-gigafactory-in-slovakia/,https://www.electrive.com/2025/10/31/gotion-kicks-off-factory-construction-in-slovakia/,https://www.inobat.eu/newsroom/gotion-inobat-batteries-gib-has-signed-a-memorandum-of-understanding-with-the-government-of-the-slovak-republic-to-support-the-construction-of-a-battery-gigafactory/,https://www.reuters.com/business/autos-transportation/chinas-gotion-partner-inobat-build-slovakia-ev-battery-plant-2024-06-20/,https://www.inobat.eu/newsroom/gib-to-build-an-advanced-gigafactory-in-slovakia/,https://www.inobat.eu/newsroom/gotion-inobat-batteries-gib-has-signed-a-memorandum-of-understanding-with-the-government-of-the-slovak-republic-to-support-the-construction-of-a-battery-gigafactory/ 11/22/2023,https://cnevpost.com/2025/10/30/gotion-begins-construction-slovakian-battery-facility/ (year only),https://www.inobat.eu/newsroom/gib-to-build-an-advanced-gigafactory-in-slovakia/,https://www.inobat.eu/newsroom/gib-to-build-an-advanced-gigafactory-in-slovakia/,Operational
Battery,Battery6.2,GEM,China,Commenced,South Korea,Gunsan (North Jeolla),2023,N/A,Battery,Manufacturing,1000,0,1,1,"SK On Co., Ltd. (SK On) and ECOPRO MATERIALS Co., Ltd. (ECOPRO)",https://www.kedglobal.com/batteries/newsView/ked202303230027,https://www.electrive.com/2023/03/27/sk-on-announces-plan-for-precursors-joint-vernture-in-south-korea/,https://www.kedglobal.com/batteries/newsView/ked202303230027,https://www.yicaiglobal.com/news/china-gem-to-build-usd931-million-south-korea-plant-to-avert-trade-barriers,https://www.kedglobal.com/batteries/newsView/ked202303230027,https://www.kedglobal.com/batteries/newsView/ked202303230027 03/23/2023,https://www.greencarcongress.com/2023/03/20230326-skon.html (year only),https://www.kedglobal.com/batteries/newsView/ked202303230027,https://www.kedglobal.com/batteries/newsView/ked202303230027,Under construction
Battery,New_HunanYunengNewEner_ES1,Hunan Yuneng New Energy Battery Material,China,Under Construction,Spain,Mérida (Extremadura),2024,N/A,Battery,Manufacturing,1000,0,0,0,,https://www.argusmedia.com/en/news-and-insights/latest-market-news/2561383-china-s-hunan-yuneng-to-build-spain-battery-lfp-plant,https://www.electrive.com/2026/05/08/hunan-yuneng-plans-cathode-material-factory-in-merida/,https://battery-news.de/en/2026/05/20/hunan-yuneng-receives-building-permit-for-cathode-production-in-merida/,https://www.electrive.com/2026/05/08/hunan-yuneng-plans-cathode-material-factory-in-spain/,https://www.argusmedia.com/en/news-and-insights/latest-market-news/2561383-china-s-hunan-yuneng-to-build-spain-battery-lfp-plant,https://www.argusmedia.com/en/news-and-insights/latest-market-news/2561383-china-s-hunan-yuneng-to-build-spain-battery-lfp-plant,https://news.bjd.com.cn/2024/05/17/10775727.shtml,https://www.argusmedia.com/en/news-and-insights/latest-market-news/2561383-china-s-hunan-yuneng-to-build-spain-battery-lfp-plant,,Under construction
Battery,New_MercedesBenz_US1,Mercedes-Benz,Germany,Operational,United States,Bibb County (Alabama),2021,2022,Battery,Manufacturing,1000,0,0,0,,https://group.mercedes-benz.com/careers/about-us/locations/location-detail-page-416402.html,https://group.mercedes-benz.com/careers/about-us/locations/location-detail-page-416402.html,https://www.madeinalabama.com/2022/03/mercedes-benz-opens-battery-factory-for-alabama-built-electric-vehicles/,https://www.madeinalabama.com/2022/03/mercedes-benz-opens-battery-factory-for-alabama-built-electric-vehicles/,https://www.madeinalabama.com/2022/03/mercedes-benz-opens-battery-factory-for-alabama-built-electric-vehicles/,https://group.mercedes-benz.com/careers/about-us/locations/location-detail-page-416402.html,https://www.madeinalabama.com/2022/03/mercedes-benz-opens-battery-factory-for-alabama-built-electric-vehicles/,https://www.madeinalabama.com/2022/03/mercedes-benz-opens-battery-factory-for-alabama-built-electric-vehicles/,,Operational
Battery,HAR0081,Yunnan Energy New Material,China,Under Construction,United States,Sidney,2022,N/A,Battery,Manufacturing,916,0,0,0,,https://www.jobsohio.com/newsroom/news-press/semcorp-to-produce-critical-lithium-ion-battery-component-in-sidney,https://www.jobsohio.com/newsroom/news-press/semcorp-to-produce-critical-lithium-ion-battery-component-in-sidney,https://www.jobsohio.com/newsroom/news-press/semcorp-to-produce-critical-lithium-ion-battery-component-in-sidney,https://www.jobsohio.com/newsroom/news-press/semcorp-to-produce-critical-lithium-ion-battery-component-in-sidney,,https://www.jobsohio.com/newsroom/news-press/semcorp-to-produce-critical-lithium-ion-battery-component-in-sidney 05/05/2022,[UNVERIFIED] https://www.daytondailynews.com/local/construction-complete-on-phase-one-of-sidney-semcorp-project-despite-setbacks/VVANMFFTLZHNBLMMFBNXXYN3EQ/ (year only),https://www.jobsohio.com/newsroom/news-press/semcorp-to-produce-critical-lithium-ion-battery-component-in-sidney,,Under construction
Battery,EV56,POSCO Future M,South Korea,Under Construction,Canada,Bécancour (Quebec),2022,2023,Battery,Manufacturing,900,0,1,0,Ultium CAM (POSCO Future M–GM JV),https://www.posco.co.kr/homepage/docs/eng7/jsp/news/news/s91a6000010v.jsp?idx=27053,https://www.posco.co.kr/homepage/docs/eng7/jsp/news/news/s91a6000010v.jsp?idx=27053,https://www.posco.co.kr/homepage/docs/eng7/jsp/news/news/s91a6000010v.jsp?idx=27053,https://www.posco.co.kr/homepage/docs/eng7/jsp/news/news/s91a6000010v.jsp?idx=27053,https://www.posco.co.kr/homepage/docs/eng7/jsp/news/news/s91a6000010v.jsp?idx=27053,https://www.posco.co.kr/homepage/docs/eng7/jsp/news/news/s91a6000010v.jsp?idx=27053,https://www.posco.co.kr/homepage/docs/eng7/jsp/news/news/s91a6000010v.jsp?idx=27053 (year only),https://www.posco.co.kr/homepage/docs/eng7/jsp/news/news/s91a6000010v.jsp?idx=27053,https://www.posco.co.kr/homepage/docs/eng7/jsp/news/news/s91a6000010v.jsp?idx=27053,Under construction
Battery,New_Wyloo_CA1,Wyloo,Australia,Announced,Canada,Sudbury (Ontario),2024,2030,Battery,Manufacturing,900,0,0,0,,https://www.northernminer.com/news/wyloo-to-build-900m-battery-material-plant-in-sudbury/1003867937/,https://www.northernminer.com/news/wyloo-to-build-900m-battery-material-plant-in-sudbury/1003867937/,https://www.northernminer.com/news/wyloo-to-build-900m-battery-material-plant-in-sudbury/1003867937/,https://www.northernminer.com/news/wyloo-to-build-900m-battery-material-plant-in-sudbury/1003867937/,https://www.northernminer.com/news/wyloo-to-build-900m-battery-material-plant-in-sudbury/1003867937/,https://www.northernminer.com/news/wyloo-to-build-900m-battery-material-plant-in-sudbury/1003867937/ (year only),https://magazine.cim.org/en/news/2024/proposed-battery-materials-processing-facility-coming-to-sudbury-en/,https://www.northernminer.com/news/wyloo-to-build-900m-battery-material-plant-in-sudbury/1003867937/,,Announced only
Battery,EV61,EcoPro BM,South Korea,Operational,Hungary,Debrecen (Hajdú-Bihar),2021,2025,Battery,Manufacturing,880,0,0,0,,https://www.electrive.com/2025/12/01/ecopro-bm-starts-cathode-material-production-in-hungary/,https://www.electrive.com/2025/12/01/ecopro-bm-starts-cathode-material-production-in-hungary/,https://www.electrive.com/2025/12/01/ecopro-bm-starts-cathode-material-production-in-hungary/,https://www.electrive.com/2025/12/01/ecopro-bm-starts-cathode-material-production-in-hungary/,,https://www.electrive.com/2025/12/01/ecopro-bm-starts-cathode-material-production-in-hungary/,https://www.electrive.com/2025/12/01/ecopro-bm-starts-cathode-material-production-in-hungary/,https://www.electrive.com/2025/12/01/ecopro-bm-starts-cathode-material-production-in-hungary/,,Operational
Battery,Battery10.3,SK Innovation (SK Energy),South Korea,Completed,Hungary,Komárom (Komárom-Esztergom),2019,2022,Battery,Manufacturing,859,1,0,0,,https://skonhungary.com/about-us/,https://www.electrive.com/2019/02/27/hungary-sk-innovation-to-build-second-battery-factory/,https://hipa.hu/news/sk-innovation-to-build-its-second-plant-in-hungary/,https://www.industrialinfo.com/iirenergy/industry-news/article/sk-innovation-to-build-second-ev-battery-plant-in-hungary--271235,,https://www.electrive.com/2019/02/27/hungary-sk-innovation-to-build-second-battery-factory/ 02/27/2019,https://www.electrive.com/2019/03/19/hungary-sk-innovation-starts-construction-of-2nd-battery-factory/ (year only),https://hipa.hu/news/sk-innovation-to-build-its-second-plant-in-hungary/,,Operational
Battery,HAR0042,Hailiang,China,Announced,Indonesia,Gresik (East Java),2023,N/A,Battery,Manufacturing,850,0,0,0,,https://www.yicaiglobal.com/news/china-hailiang-to-build-usd849-million-ev-battery-copper-foil-plant-in-indonesia,https://www.jiipe.com/en/home/blogDetail/id/383,https://dinsights.katadata.co.id/read/2023/03/31/hailiang-to-build-us-849-mln-ev-battery-copper-foil-plant-in-jiipe,https://www.yicaiglobal.com/news/china-hailiang-to-build-usd849-million-ev-battery-copper-foil-plant-in-indonesia,,https://www.akr.co.id/news-detail/pt-hailiang-nova-material-indonesia-signs-binding-land-sale-and-purchase-agreement-for-building-copper-foil-production-factory-in-jiipe-sez (year only),https://www.jiipe.com/en/home/blogDetail/id/383 (year only),https://indonesiabusinesspost.com/risks-opportunities/zhejiang-hailiang-co-establishes-the-first-biggest-copper-foil-factory-in-indonesia-boosting-electric-vehicle-production/,,Announced only
Battery,HAR0080,Yunnan Energy New Material,China,Commenced,Hungary,Debrecen (Hajdú-Bihar),2020,N/A,Battery,Manufacturing,825,0,0,0,,https://www.yicaiglobal.com/news/yunnan-energys-hungarian-plant-lands-lithium-battery-separators-order-worth-up-to-usd663-million,https://www.energytrend.com/news/20240808-48141.html,https://www.debrecensun.hu/local/2021/04/02/the-semcorp-group-is-building-a-foil-production-plant-in-debrecen/,https://www.energytrend.com/news/20220518-28437.html,,https://www.debrecensun.hu/local/2021/04/02/the-semcorp-group-is-building-a-foil-production-plant-in-debrecen/ (year only),https://www.energytrend.com/news/20240808-48141.html (year only),https://www.market.hu/en/reference/semcorp-factory/,,Under construction
Battery,FDI187844,Volkswagen,Germany,Completed,United States,Chattanooga (Tennessee),2019,2022,Battery,Manufacturing,800,0,0,0,,https://www.volkswagen-newsroom.com/en/press-releases/volkswagen-starts-us-assembly-of-all-electric-id4-flagship-in-chattanooga-tennessee-15079,https://www.volkswagen-newsroom.com/en/press-releases/volkswagen-starts-us-assembly-of-all-electric-id4-flagship-in-chattanooga-tennessee-15079,https://chattanooga.gov/stay-informed/latest-news/volkswagen-starts-us-assembly-all-electric-id4-flagship-chattanooga,https://techcrunch.com/2019/11/13/volkswagens-800m-tennessee-factory-expansion-to-include-battery-pack-plant/,,https://techcrunch.com/2019/11/13/volkswagens-800m-tennessee-factory-expansion-to-include-battery-pack-plant/ 11/13/2019,https://www.volkswagen-newsroom.com/en/press-releases/volkswagen-starts-us-assembly-of-all-electric-id4-flagship-in-chattanooga-tennessee-15079 (year only),https://www.volkswagen-newsroom.com/en/press-releases/volkswagen-starts-us-assembly-of-all-electric-id4-flagship-in-chattanooga-tennessee-15079,,Operational
Battery,Battery13.1,Umicore,Belgium,Completed,Poland,Nysa (Opole),2018,2022,Battery,Manufacturing,780,0,0,0,,https://www.umicore.com/en/media/newsroom/umicore-inaugurates-europes-first-battery-materials-gigafactory/,https://www.electrive.com/2022/09/21/umicore-opens-cathode-material-plant-in-poland/,https://www.umicore.pl/en/our-sites/nysa/,https://www.electrive.com/2018/06/02/umicore-sets-up-cathode-factory-in-poland/,,https://www.electrive.com/2018/06/02/umicore-sets-up-cathode-factory-in-poland/ (year only),https://www.electrive.com/2022/09/21/umicore-opens-cathode-material-plant-in-poland/ (year only),https://www.umicore.com/en/media/newsroom/umicore-inaugurates-europes-first-battery-materials-gigafactory/,,Operational
Battery,HAR0008,Canadian Solar,China,Commenced,United States,Shelbyville,2024,N/A,Battery,Manufacturing,712,0,0,0,,https://www.lpm.org/news/2024-11-15/new-battery-manufacturer-in-kentucky-to-create-more-than-1-500-jobs,https://www.lpm.org/news/2024-11-15/new-battery-manufacturer-in-kentucky-to-create-more-than-1-500-jobs,https://www.lpm.org/news/2024-11-15/new-battery-manufacturer-in-kentucky-to-create-more-than-1-500-jobs,https://www.lpm.org/news/2024-11-15/new-battery-manufacturer-in-kentucky-to-create-more-than-1-500-jobs,,https://www.lpm.org/news/2024-11-15/new-battery-manufacturer-in-kentucky-to-create-more-than-1-500-jobs (year only),https://www.lpm.org/news/2024-11-15/new-battery-manufacturer-in-kentucky-to-create-more-than-1-500-jobs (year only),https://www.lpm.org/news/2024-11-15/new-battery-manufacturer-in-kentucky-to-create-more-than-1-500-jobs,,Under construction
Battery,New_BMW_US2,BMW,Germany,Under Construction,United States,Woodruff (South Carolina),2022,2026,Battery,Manufacturing,700,0,0,0,,https://www.press.bmwgroup.com/usa/article/detail/T0404841EN_US/,https://www.manufacturingdive.com/news/bmw-breaks-ground-700m-battery-assembly-plant-woodruff-south-carolina/654156/,https://www.manufacturingdive.com/news/bmw-breaks-ground-700m-battery-assembly-plant-woodruff-south-carolina/654156/,https://www.manufacturingdive.com/news/bmw-breaks-ground-700m-battery-assembly-plant-woodruff-south-carolina/654156/,https://www.manufacturingdive.com/news/bmw-breaks-ground-700m-battery-assembly-plant-woodruff-south-carolina/654156/,https://www.the-big-green-machine.com/siteid/77,https://www.the-big-green-machine.com/siteid/77,https://www.manufacturingdive.com/news/bmw-breaks-ground-700m-battery-assembly-plant-woodruff-south-carolina/654156/,,Under construction
Battery,HAR0069,Shenzhen Senior Technology Material,China,Completed,Malaysia,Kepala Batas (Penang),2023,2023,Battery,Manufacturing,685,0,0,0,,https://www.yicaiglobal.com/news/chinas-senior-tech-to-invest-up-to-usd6859-million-in-lithium-ion-battery-separator-base-in-malaysia,https://www.mida.gov.my/media-release/inv-breaks-ground-its-rm3-2-billion-phase-1-lithium-batteries-separator-project-in-penang/,https://www.buletinmutiara.com/world-renowned-battery-manufacturer-launches-first-plant-in-penang/,https://www.yicaiglobal.com/news/chinas-senior-tech-to-invest-up-to-usd6859-million-in-lithium-ion-battery-separator-base-in-malaysia,,https://www.marklines.com/en/news/299183 (year only),https://theexchangeasia.com/inv-new-material-opens-rm3-2-billion-smart-battery-separator-facility-in-penang/ (year only),https://www.mida.gov.my/media-release/inv-breaks-ground-its-rm3-2-billion-phase-1-lithium-batteries-separator-project-in-penang/,,Operational
Battery,Battery1.20,Samsung,South Korea,Completed,United States,Woburn (Massachusetts),2022,2022,Battery,Research & Development,670,0,0,0,,"https://news.samsungsdi.com/global/articleView?seq=9#:~:text=SAMSUNG%20SDI%20Establishes%20R&D%20centers,development%20of%20new%20battery%20technology.","https://www.koreaherald.com/article/2936583#:~:text=Samsung%20SDI%20said%20Tuesday%20it,SDI%20CEO%20Choi%20Yoon%2Dho.",https://www.koreatimes.co.kr/business/companies/20220816/samsung-sdi-sets-up-rd-centers-in-us-europe,https://www.koreatimes.co.kr/business/companies/20220816/samsung-sdi-sets-up-rd-centers-in-us-europe,,fDi Markets (FT),https://www.koreatimes.co.kr/business/companies/20220816/samsung-sdi-sets-up-rd-centers-in-us-europe,https://www.koreatimes.co.kr/business/companies/20220816/samsung-sdi-sets-up-rd-centers-in-us-europe,,Operational
Battery,New_EpsilonAdvancedMat_FI1,Epsilon Advanced Material,India,Announced,Finland,Vaasa (Ostrobothnia),2022,N/A,Battery,Manufacturing,670,0,1,1,Grafintec Oy,https://www.mineralsgroup.fi/topical/news/finnish-minerals-group-and-epsilon-advanced-materials-sign-a-mou-on-anode-materials-project.html,https://www.mineralsgroup.fi/topical/news/finnish-minerals-group-and-epsilon-advanced-materials-sign-a-mou-on-anode-materials-project.html,https://www.vaasa.fi/en/news/one-of-europes-first-anode-materials-production-facilities-for-the-battery-industry-under-planning-in-vaasa/,https://www.epsilonam.com/images/press-release/EAM_ITC_Press_Release.pdf,https://evreporter.com/europes-first-anode-materials-facility-in-vaasa/,https://www.vaasa.fi/en/news/one-of-europes-first-anode-materials-production-facilities-for-the-battery-industry-under-planning-in-vaasa/,https://mp.weixin.qq.com/s/A5Neostx2WMQuHhbGVXXjQ,https://www.mineralsgroup.fi/topical/news/finnish-minerals-group-and-epsilon-advanced-materials-sign-a-mou-on-anode-materials-project.html,https://evreporter.com/europes-first-anode-materials-facility-in-vaasa/,Announced only
Battery,New_EpsilonAdvancedMat_US1,Epsilon Advanced Material,India,Under Construction,United States,Leland (North Carolina),2024,2026,Battery,Manufacturing,650,0,0,0,,https://chargedevs.com/newswire/epsilon-advanced-materials-to-build-650-million-battery-anode-manufacturing-facility-in-north-carolina/,https://www.businesswire.com/news/home/20231026819379/en/Epsilon-Advanced-Materials-EAM-Announces-Investment-of-$650M-Manufacturing-Facility-in-North-Carolina-to-Strengthen-EV-Battery-Industry-in-the-United-States,https://www.commerce.nc.gov/news/press-releases/2023/10/26/governor-cooper-announces-500-jobs-global-battery-component-supplier-selects-brunswick-county-first,https://www.businesswire.com/news/home/20231026819379/en/Epsilon-Advanced-Materials-EAM-Announces-Investment-of-$650M-Manufacturing-Facility-in-North-Carolina-to-Strengthen-EV-Battery-Industry-in-the-United-States,https://www.businesswire.com/news/home/20231026819379/en/Epsilon-Advanced-Materials-EAM-Announces-Investment-of-$650M-Manufacturing-Facility-in-North-Carolina-to-Strengthen-EV-Battery-Industry-in-the-United-States,https://www.businesswire.com/news/home/20231026819379/en/Epsilon-Advanced-Materials-EAM-Announces-Investment-of-$650M-Manufacturing-Facility-in-North-Carolina-to-Strengthen-EV-Battery-Industry-in-the-United-States,https://www.businesswire.com/news/home/20231026819379/en/Epsilon-Advanced-Materials-EAM-Announces-Investment-of-$650M-Manufacturing-Facility-in-North-Carolina-to-Strengthen-EV-Battery-Industry-in-the-United-States,https://rhomotion.com/news/epsilon-advanced-materials-announces-investment-of-usd650-million-for-manufacturing-facility-in-north-carolina/,,Under construction
Battery,HAR0003,AESC,China,Completed,United Kingdom,Sunderland (Tyne and Wear),2021,2025,Battery,Manufacturing,1300,0,0,0,Nissan (anchor partner),https://www.aesc-group.com/news/aesc-launches-its-new-uk-battery-gigafactory,https://www.electrive.com/2025/12/17/aesc-opens-gigafactory-in-sunderland/,https://www.aesc-group.com/news/aesc-launches-its-new-uk-battery-gigafactory,https://www.gov.uk/government/news/another-boost-for-british-car-industry-as-1-billion-secured-for-new-sunderland-gigafactory,https://senecaesg.com/insights/nissan-to-build-battery-gigafactory-in-uk-with-envision-aesc/,https://senecaesg.com/insights/nissan-to-build-battery-gigafactory-in-uk-with-envision-aesc/ (year only),https://www.electrive.com/2025/12/17/aesc-opens-gigafactory-in-sunderland/ (year only),https://www.aesc-group.com/news/aesc-launches-its-new-uk-battery-gigafactory,,Operational
Battery,New_LGESYahua_MA1,LG Energy Solution,South Korea,Announced,Morocco,Morocco (site TBD),2023,N/A,Battery,Manufacturing,612,0,1,0,Yahua Group,https://www.dmsuniverse.com/projects/morocco/lg-energy-solution-yahua-group-lithium-refining-plant-phase-1,https://www.dmsuniverse.com/projects/morocco/lg-energy-solution-yahua-group-lithium-refining-plant-phase-1,https://www.dmsuniverse.com/projects/morocco/lg-energy-solution-yahua-group-lithium-refining-plant-phase-1,https://www.dmsuniverse.com/projects/morocco/lg-energy-solution-yahua-group-lithium-refining-plant-phase-1,https://electrification-solutions.com/chis-battery-giants-forge-full-industry-chain-in-morocco-via-chain-investment-creating-new-gateway-to-global-markets/,https://www.dmsuniverse.com/projects/morocco/lg-energy-solution-yahua-group-lithium-refining-plant-phase-1,,https://electrification-solutions.com/chinas-battery-giants-forge-full-industry-chain-in-morocco-via-chain-investment-creating-new-gateway-to-global-markets/,https://electrification-solutions.com/chis-battery-giants-forge-full-industry-chain-in-morocco-via-chain-investment-creating-new-gateway-to-global-markets/,Announced only
Battery,FDI236388,Volkswagen,Germany,Completed,Sweden,Skellefteå (Västerbotten),2021,2022,Battery,Manufacturing,600,0,0,0,,https://www.volkswagen-group.com/en/press-releases/volkswagen-invests-a-further-500-million-in-sustainable-battery-activities-with-northvolt-ab-16763,https://www.volkswagen-group.com/en/press-releases/volkswagen-invests-a-further-500-million-in-sustainable-battery-activities-with-northvolt-ab-16763,https://www.volkswagen-group.com/en/press-releases/volkswagen-invests-a-further-500-million-in-sustainable-battery-activities-with-northvolt-ab-16763,https://www.volkswagen-group.com/en/press-releases/volkswagen-invests-a-further-500-million-in-sustainable-battery-activities-with-northvolt-ab-16763,,https://www.volkswagen-group.com/en/press-releases/volkswagen-invests-a-further-500-million-in-sustainable-battery-activities-with-northvolt-ab-16763,https://www.electrive.com/2021/06/09/volkswagen-invests-another-e500mn-in-northvolt/,https://www.volkswagen-group.com/en/press-releases/volkswagen-invests-a-further-500-million-in-sustainable-battery-activities-with-northvolt-ab-16763,,Operational
Battery,New_Toshiba_IN1,Toshiba,Japan,Completed,India,Becharaji (Gujarat),2017,2025,Battery,Manufacturing,580,0,1,0,TDS Lithium-Ion Battery Gujarat Pvt. Ltd. (TDSG),https://www.tds-g.co.in/,https://www.pv-magazine-india.com/2025/08/27/prime-minister-narendra-modi-inaugurates-tdsgs-lithium-battery-cell-electrode-manufacturing-facility/,https://cam.mycii.in/SUSTAINABLE/page6.html,https://www.tds-g.co.in/news/heading-here-10/,https://www.tds-g.co.in/,https://www.tds-g.co.in/,https://www.pv-magazine-india.com/2025/08/27/prime-minister-narendra-modi-inaugurates-tdsgs-lithium-battery-cell-electrode-manufacturing-facility/,https://www.tds-g.co.in/,https://www.tds-g.co.in/,Operational
Battery,EV67,LG Chem,South Korea,Under Construction,Poland,Wrocław (Lower Silesia),2022,N/A,Battery,Manufacturing,580,1,0,0,,https://www.lgchem.com/main/news/all/14066,https://www.lgchem.com/main/news/all/14066,https://www.lgchem.com/main/news/all/14066,https://www.lgchem.com/main/news/all/14066,,https://www.lgchem.com/main/news/all/14066,https://www.lgchem.com/main/news/all/14066 (year only),https://www.lgchem.com/main/news/all/14066,,Under construction
Battery,HAR0056,Nuode,China,Announced,Belgium,Liège,2023,N/A,Battery,Manufacturing,553,0,0,0,,https://www.yicaiglobal.com/news/20230518-05-chinas-nuode-to-build-usd553-million-lithium-battery-copper-foil-plant-in-belgium,https://www.yicaiglobal.com/news/20230518-05-chinas-nuode-to-build-usd553-million-lithium-battery-copper-foil-plant-in-belgium,https://news.metal.com/newscontent/102225024/nuode-to-invest-in-the-construction-of-an-lithium-battery-copper-foil-production-base-with-an-annual-capacity-of-30000-mt-in-belgium,https://www.yicaiglobal.com/news/20230518-05-chinas-nuode-to-build-usd553-million-lithium-battery-copper-foil-plant-in-belgium,,https://www.yicaiglobal.com/news/20230518-05-chinas-nuode-to-build-usd553-million-lithium-battery-copper-foil-plant-in-belgium 05/15/2023,,https://news.metal.com/newscontent/102225024/nuode-to-invest-in-the-construction-of-an-lithium-battery-copper-foil-production-base-with-an-annual-capacity-of-30000-mt-in-belgium,,Announced only
Battery,FDI129103,Samsung,South Korea,Completed,China,Xi'an (Shaanxi),2014,2015,Battery,Research & Development,500,0,1,1,"Anqing Ring New Group, Xi’an Gaoke Group",https://www.businesswire.com/news/home/20151022005717/en/Silk-Road-Electric-Cars-Erected-Xi%E2%80%99an-%E2%80%A6,https://chargedevs.com/newswire/samsung-sdi-opens-ev-battery-plant-in-china/,https://www.china-arn.com/en/index.php?c=show&id=70,Investment value not publicly disclosed,https://www.china-arn.com/en/index.php?c=show&id=70,https://www.autonews.com/china/korean-supplier-samsung-sdi-opens-ev-battery-plant-xian/ (year only),https://www.businesswire.com/news/home/20151022005717/en/Silk-Road-Electric-Cars-Erected-Xi%E2%80%99an-%E2%80%A6 (year only),https://chargedevs.com/newswire/samsung-sdi-opens-ev-battery-plant-in-china/,https://www.china-arn.com/en/index.php?c=show&id=70,Operational
Battery,Battery1.8,Samsung,South Korea,Completed,Singapore,Mapletree,2024,2024,Battery,Research & Development,480,0,0,0,,https://news.samsungsdi.com/global/articleView?seq=206,https://news.samsungsdi.com/global/articleView?seq=206,https://news.samsungsdi.com/global/articleView?seq=206,https://news.samsungsdi.com/global/articleView?seq=206,,https://news.samsungsdi.com/global/articleView?seq=206,https://news.samsungsdi.com/global/articleView?seq=206,https://news.samsungsdi.com/global/articleView?seq=206,,Operational
Battery,HAR0023,EVE Energy,China,Announced,Malaysia,Kulim (Kedah),2024,N/A,Battery,Manufacturing,460,1,0,0,,https://cnevpost.com/2024/01/19/eve-to-build-energy-storage-plant-malaysia/,https://www.businesstoday.com.my/2025/03/17/eve-energy-expands-malaysian-operations-with-phase-2-development/,https://www.mida.gov.my/media-release/eve-energys-phase-2-energy-storage-system-expansion-set-to-generate-over-1000-jobs-for-malaysians/,https://www.energytrend.com/news/20240708-47788.html,,https://cnevpost.com/2024/01/19/eve-to-build-energy-storage-plant-malaysia/ 01/15/2024,https://www.energytrend.com/news/20240708-47788.html (year only),https://www.businesstoday.com.my/2025/03/17/eve-energy-expands-malaysian-operations-with-phase-2-development/,,Announced only
Battery,New_Shinzoom_MA1,Shinzoom,China,Announced,Morocco,Tangier (Tanger-Tétouan-Al Hoceïma),2024,N/A,Battery,Manufacturing,460,0,0,0,,https://northafricapost.com/77322-chinas-hailiang-shinzoom-to-join-moroccos-ev-battery-ecosystem.html,https://www.usnews.com/news/technology/articles/2024-05-14/chinas-hailiang-shinzoom-to-build-auto-battery-plants-in-morocco,https://northafricapost.com/77322-chinas-hailiang-shinzoom-to-join-moroccos-ev-battery-ecosystem.html,https://northafricapost.com/77322-chis-hailiang-shinzoom-to-join-moroccos-ev-battery-ecosystem.html,https://northafricapost.com/77322-chis-hailiang-shinzoom-to-join-moroccos-ev-battery-ecosystem.html,https://www.usnews.com/news/technology/articles/2024-05-14/chis-hailiang-shinzoom-to-build-auto-battery-plants-in-morocco,https://www.kedglobal.com/batteries/newsView/ked202309240001,https://en.yabiladi.com/articles/details/149721/major-battery-manufacturers-invest-million.html,,Announced only
Battery,HAR0002,AESC,China,Commenced,Japan,Ibaraki,2021,N/A,Battery,Manufacturing,458,0,0,0,Nissan (anchor partner),https://www.electrive.com/2021/08/03/nissan-envision-aesc-to-build-battery-plant-in-japan/,https://www.electrive.com/2021/08/03/nissan-envision-aesc-to-build-battery-plant-in-japan/,https://www.japantimes.co.jp/news/2021/08/03/business/corporate-business/nissan-ibaraki-battery-plant/,https://www.spglobal.com/platts/en/market-insights/latest-news/electric-power/080421-envision-aesc-to-invest-458-million-in-japan-gigafactory-to-supply-nissan-evs,https://www.electrive.com/2021/08/03/nissan-envision-aesc-to-build-battery-plant-in-japan/,https://www.electrive.com/2021/08/03/nissan-envision-aesc-to-build-battery-plant-in-japan/ 08/03/2021,https://www.spglobal.com/platts/en/market-insights/latest-news/electric-power/080421-envision-aesc-to-invest-458-million-in-japan-gigafactory-to-supply-nissan-evs (year only),https://www.electrive.com/2021/08/03/nissan-envision-aesc-to-build-battery-plant-in-japan/,,Under construction
Battery,HAR0020,EVE Energy,China,Completed,Malaysia,Kulim (Kedah),2022,2024,Battery,Manufacturing,422,0,1,1,Invest Kedah,https://www.investkedah.com/%F0%9D%97%A1%F0%9D%97%B2%F0%9D%98%84-%F0%9D%97%9C%F0%9D%97%BB%F0%9D%98%83%F0%9D%97%B2%F0%9D%98%80%F0%9D%98%81%F0%9D%97%BA%F0%9D%97%B2%F0%9D%97%BB%F0%9D%98%81-%F0%9D%97%98%F0%9D%97%A9%F0%9D%97%98/,https://www.freemalaysiatoday.com/category/business/2024/12/16/eve-energy-launches-advanced-battery-plant-in-kulim,https://www.thestar.com.my/business/business-news/2023/08/07/eve-energy-builds-new-us422mil-manufacturing-facility-in-kulim-kedah,https://www.thestar.com.my/business/business-news/2023/08/07/eve-energy-builds-new-us422mil-manufacturing-facility-in-kulim-kedah,,https://www.thestar.com.my/business/business-news/2023/08/07/eve-energy-builds-new-us422mil-manufacturing-facility-in-kulim-kedah (year only),https://cnevpost.com/2025/02/17/eve-energy-plant-malaysia-1st-battery-off-line/ (year only),https://www.thestar.com.my/business/business-news/2023/08/07/eve-energy-builds-new-us422mil-manufacturing-facility-in-kulim-kedah,https://www.investkedah.com/%F0%9D%97%A1%F0%9D%97%B2%F0%9D%98%84-%F0%9D%97%9C%F0%9D%97%BB%F0%9D%98%83%F0%9D%97%B2%F0%9D%98%80%F0%9D%98%81%F0%9D%97%BA%F0%9D%97%B2%F0%9D%97%BB%F0%9D%98%81-%F0%9D%97%98%F0%9D%97%A9%F0%9D%97%98/,Operational
Battery,Battery 2.4,LG,South Korea,Commenced,Poland,Wrocław (Lower Silesia),2025,N/A,Battery,Manufacturing,420,1,0,0,,https://lgensol.pl/en/get-know-us/,https://www.wroclaw.pl/en/lg-energy-solution-korean-giant-announces-its-strategies-wroclaw-among-the-priorities,https://lgensol.pl/en/get-know-us/,https://successful-investing-in-poland.com/lg-energy-solution-expands-its-operations-in-wroclaw-investment-in-energy-storage-facilities/,,https://www.wroclaw.pl/en/lg-energy-solution-korean-giant-announces-its-strategies-wroclaw-among-the-priorities (year only),https://news.lgensol.com/insights/from-our-experts/3071/ (year only),https://lgensol.pl/en/get-know-us/,,Under construction
Battery,FDI159127,Panasonic (Matsushita),Japan,Completed,China,Dalian (Liaoning),2015,2017,Battery,Manufacturing,412,0,1,1,"Dalian Levear Electric Co., Ltd.",https://news.panasonic.com/global/press/en160205-2,https://news.panasonic.com/global/press/en170427-2,https://news.panasonic.com/global/press/en170427-2,https://electrek.co/2017/04/27/panasonic-electric-vehicle-battery-factory-china/,https://news.panasonic.com/global/press/en160205-2,https://news.panasonic.com/global/press/en160205-2 02/05/2016,https://news.panasonic.com/global/press/en170427-2 04/27/2017,https://news.panasonic.com/global/press/en170427-2,https://news.panasonic.com/global/press/en160205-2,Operational
Battery,Battery10.2,SK Innovation (SK Energy),South Korea,Completed,Hungary,Komárom (Komárom-Esztergom),2018,2020,Battery,Manufacturing,350,0,0,0,,https://skonhungary.com/about-us/,https://hipa.hu/news/sk-innovation-has-chosen-hungary-as-its-first-foreign-location/,https://skonhungary.com/about-us/,https://www.eurofound.europa.eu/observatories/emcc/erm/factsheets/sk-battery-hungary,,https://hipa.hu/news/sk-innovation-has-chosen-hungary-as-its-first-foreign-location/ (year only),https://skinnonews.com/global/archives/822 (year only),https://skonhungary.com/about-us/,,Operational
Battery,New_Umicore_CN1,Umicore,Belgium,Operational,China,Jiangmen (Guangdong),2017,2019,Battery,Manufacturing,440.849,0,0,0,,https://www.umicore.com/en/media/newsroom/umicore-held-ground-breaking-ceremony-in-jiangmen-china/,https://www.chemengonline.com/umicore-to-increase-global-production-of-nmc-cathode-materials/?printmode=1,https://www.umicore.com/en/media/newsroom/umicore-held-ground-breaking-ceremony-in-jiangmen-china/,https://www.chemengonline.com/umicore-to-increase-global-production-of-nmc-cathode-materials/?printmode=1,https://www.chemengonline.com/umicore-to-increase-global-production-of-nmc-cathode-materials/?printmode=1,https://www.umicore.com/en/media/newsroom/umicore-held-ground-breaking-ceremony-in-jiangmen-china/,https://www.chemengonline.com/umicore-to-increase-global-production-of-nmc-cathode-materials/?printmode=1,https://www.umicore.com/en/media/newsroom/umicore-held-ground-breaking-ceremony-in-jiangmen-china/,,Operational
Battery,Battery 11.3,NEC,Japan,Completed,United Kingdom,Sunderland (Tyne and Wear),2009,2013,Battery,Manufacturing,336,0,1,0,Nissan,https://www.automotiveworld.com/news-releases/nissans-advanced-lithium-ion-battery-plant-sunderland-make-future-generation-electric-vehicle-batteries/,https://www.eib.org/en/press/all/2011-167-eib-to-provide-eur-220m-to-nissan-for-production-of-the-100pct-electric-nissan-leaf-and-advanced-lithium-ion-batteries-in-sunderland,https://www.automotiveworld.com/news-releases/nissans-advanced-lithium-ion-battery-plant-sunderland-make-future-generation-electric-vehicle-batteries/,https://www.eib.org/en/projects/all/20090729,https://www.eib.org/en/press/all/2011-167-eib-to-provide-eur-220m-to-nissan-for-production-of-the-100pct-electric-nissan-leaf-and-advanced-lithium-ion-batteries-in-sunderland,https://www.eib.org/en/projects/all/20090729 (year only),https://www.automotiveworld.com/news-releases/nissans-advanced-lithium-ion-battery-plant-sunderland-make-future-generation-electric-vehicle-batteries/ (year only),https://www.automotiveworld.com/news-releases/nissans-advanced-lithium-ion-battery-plant-sunderland-make-future-generation-electric-vehicle-batteries/,https://www.eib.org/en/press/all/2011-167-eib-to-provide-eur-220m-to-nissan-for-production-of-the-100pct-electric-nissan-leaf-and-advanced-lithium-ion-batteries-in-sunderland,Operational
Battery,FDI163549,LG,South Korea,Completed,Poland,Wrocław (Lower Silesia),2016,2017,Battery,Manufacturing,330.2,0,0,0,,https://lgensol.pl/en/get-know-us/,https://invest-in-wroclaw.pl/5-years-of-lg-energy-solution-wroclaw-the-largest-investment-in-the-region,https://lgensol.pl/en/get-know-us/,https://cleantechnica.com/2016/10/06/lg-chem-building-ev-battery-production-plant-near-wroclaw-poland-1-3-billion-zloty/,,https://electriccarsreport.com/2016/10/lg-chem-breaks-ground-ev-battery-plant-poland/ 10/2016,https://eepower.com/news/lg-chem-begins-building-largest-ev-battery-plant-in-poland/ (year only),https://lgensol.pl/en/get-know-us/,,Operational
Battery,FDI68536,LG,South Korea,Completed,United States,Holland (Michigan),2009,2013,Battery,Manufacturing,303,0,0,0,,https://www.michiganradio.org/post/lg-chem-finally-begins-production-lithium-ion-batteries-holland,https://www.michiganradio.org/post/lg-chem-finally-begins-production-lithium-ion-batteries-holland,https://lgenergymi.com/,https://www.energy.gov/sites/prod/files/OAS-RA-13-10.pdf,,https://www.energy.gov/sites/prod/files/OAS-RA-13-10.pdf (year only),https://www.michiganradio.org/post/lg-chem-finally-begins-production-lithium-ion-batteries-holland (year only),https://lgenergymi.com/,,Operational
Battery,New_BTR_MA1,BTR New Material,China,Under Construction,Morocco,Tangier (Tanger-Tétouan-Al Hoceïma),2024,2026,Battery,Manufacturing,300,0,0,0,,https://source.benchmarkminerals.com/article/moroccan-government-approves-300-million-btr-cathode-project,https://www.mining.com/web/morocco-expects-more-ev-battery-investments-minister-says/,https://www.mining.com/web/morocco-expects-more-ev-battery-investments-minister-says/,https://source.benchmarkminerals.com/article/moroccan-government-approves-300-million-btr-cathode-project,https://source.benchmarkminerals.com/article/moroccan-government-approves-300-million-btr-cathode-project,https://www.mining.com/web/morocco-expects-more-ev-battery-investments-minister-says/,https://mei.edu/publications/renewable-energy-and-moroccos-new-green-industries-how-moroccos-green-energy-ecosystem,https://mei.edu/publications/renewable-energy-and-moroccos-new-green-industries-how-moroccos-green-energy-ecosystem,,Under construction
Battery,HAR0049,Jiangsu Lopal Tech,China,Announced,Indonesia,Kendal (Central Java),2025,N/A,Battery,Manufacturing,290,0,0,0,,https://www.argusmedia.com/en/news-and-insights/latest-market-news/2560463-china-s-lopal-starts-first-indonesian-lfp-battery-plant,https://www.petromindo.com/news/article/lopal-tech-expects-completion-of-second-lithium-production-phase-by-end-of-2025,https://kendalindustrialpark.co.id/post/index/572/kendal-sez-officially-becomes-the-first-electric-vehicle-battery-lithium-component-factory-location-in-southeast-asia,https://www.yicaiglobal.com/news/catl-supplier-lopal-to-build-usd290-million-battery-material-plant-in-indonesia,,https://www.argusmedia.com/en/news-and-insights/latest-market-news/2560463-china-s-lopal-starts-first-indonesian-lfp-battery-plant (year only),,https://www.argusmedia.com/en/news-and-insights/latest-market-news/2560463-china-s-lopal-starts-first-indonesian-lfp-battery-plant,,Announced only
Battery,HAR0043,Hailiang,China,Announced,Morocco,Tangier (Tanger-Tétouan-Al Hoceïma),2024,N/A,Battery,Manufacturing,288,0,0,0,,https://www.yicaiglobal.com/news/global-copper-giant-hailiang-to-build-usd288-million-hub-in-morocco-to-lower-costs,https://www.moroccoworldnews.com/2024/05/19834/chinese-copper-producer-hailiang-to-open-new-plant-in-morocco/,https://en.yabiladi.com/articles/details/149473/major-chinese-manufacturer-zhejiang-hailiang.html,https://www.yicaiglobal.com/news/global-copper-giant-hailiang-to-build-usd288-million-hub-in-morocco-to-lower-costs,,https://www.moroccoworldnews.com/2024/05/19834/chinese-copper-producer-hailiang-to-open-new-plant-in-morocco/ (year only),https://www.investmentmonitor.ai/news/zhejiang-hailiang-to-open-copper-plant-in-morocco/ (year only),https://www.yicaiglobal.com/news/global-copper-giant-hailiang-to-build-usd288-million-hub-in-morocco-to-lower-costs,,Announced only
Battery,HAR0048,Jiangsu Azure,China,Commenced,Malaysia,Banting (Selangor),2022,N/A,Battery,Manufacturing,280,0,0,0,,https://www.yicaiglobal.com/news/china-azure-sets-up-first-overseas-battery-plant-in-malaysia,https://www.tenpowercell.com/news/1089.html,http://jiangsu.chinadaily.com.cn/zhangjiagang/2024-05/23/c_989847.htm,https://www.yicaiglobal.com/news/china-azure-sets-up-first-overseas-battery-plant-in-malaysia,,https://m.energytrend.com/news/20221005-30065.html (year only),http://jiangsu.chinadaily.com.cn/zhangjiagang/2024-05/23/c_989847.htm (year only),https://www.yicaiglobal.com/news/china-azure-sets-up-first-overseas-battery-plant-in-malaysia,,Under construction
Battery,New_Tinci_MA1,Tinci Materials electrolyte base,China,Announced,Morocco,Jorf Lasfar (Casablanca-Settat),2025,N/A,Battery,Manufacturing,280,0,0,0,,https://northafricapost.com/87910-chinese-company-tinci-chooses-morocco-to-build-a-280-million-battery-electrolyte-plant.html,https://northafricapost.com/87910-chinese-company-tinci-chooses-morocco-to-build-a-280-million-battery-electrolyte-plant.html,https://news.metal.com/newscontent/103373578/Tinci-Materials-Invests-to-Build-Electrolyte-Base-in-Morocco,https://www.energytrend.com/news/20250613-49732.html,https://www.energytrend.com/news/20250613-49732.html,https://news.metal.com/newscontent/103373578/Tinci-Materials-Invests-to-Build-Electrolyte-Base-in-Morocco,https://electrification-solutions.com/chinas-battery-giants-forge-full-industry-chain-in-morocco-via-chain-investment-creating-new-gateway-to-global-markets/,https://en.greentimes.ma/tinci-materials-chooses-morocco-to-build-a-next-generation-electrolyte-factory/,,Announced only
Battery,HAR0032,Gotion,China,Operational,Vietnam,Ha Tinh (Hà Tĩnh),2021,2024,Battery,Manufacturing,275,0,1,1,VinES Energy Solutions,https://en.gotion.com.cn/news/company-news-238.html,https://en.gotion.com.cn/news/company-news-238.html,https://en.gotion.com.cn/news/company-news-238.html,https://technode.global/2022/11/21/vingroup-and-gotion-starts-building-275m-lfp-battery-cell-factory-in-vietnam/,https://en.gotion.com.cn/news/company-news-238.html,https://vinfastauto.us/newsroom/press-release/vinfast-partners-with-gotion-high-tech-in-lfp-battery-cell-rd (year only),,https://en.gotion.com.cn/news/company-news-238.html,https://en.gotion.com.cn/news/company-news-238.html,Operational
Battery,HAR0082,Yunnan Energy New Material,China,Announced,Malaysia,Kuala Lumpur,2024,N/A,Battery,Manufacturing,275,0,0,0,,https://www.mysteel.net/news/5063029-flash-semcorp-to-build-a-battery-separator-plant-in-malaysia,https://www.mysteel.net/news/5063029-flash-semcorp-to-build-a-battery-separator-plant-in-malaysia,https://www.mysteel.net/news/5063029-flash-semcorp-to-build-a-battery-separator-plant-in-malaysia,https://www.mysteel.net/news/5063029-flash-semcorp-to-build-a-battery-separator-plant-in-malaysia,,https://www.mysteel.net/news/5063029-flash-semcorp-to-build-a-battery-separator-plant-in-malaysia (year only),[UNVERIFIED] https://www.mysteel.net/news/5063029-flash-semcorp-to-build-a-battery-separator-plant-in-malaysia (year only),https://www.mysteel.net/news/5063029-flash-semcorp-to-build-a-battery-separator-plant-in-malaysia,,Announced only
Battery,New_NingboRonbayNewEne_KR2,"Ningbo Ronbay New Energy Technology Co., Ltd.",China,Under Construction,South Korea,Chungju (North Chungcheong),2023,2025,Battery,Manufacturing,273,0,0,0,,https://www.yicaiglobal.com/news/chinas-ronbay-to-invest-usd362-million-to-build-two-battery-materials-plants-in-south-korea,https://news.futunn.com/en/flash/18089807/ningbo-ronbay-new-energy-technology-south-korea-js-base-phase,https://www.yicaiglobal.com/news/chinas-ronbay-to-invest-usd362-million-to-build-two-battery-materials-plants-in-south-korea,https://www.yicaiglobal.com/news/chinas-ronbay-to-invest-usd362-million-to-build-two-battery-materials-plants-in-south-korea,https://www.prnewswire.com/news-releases/ronbay-announces-its-global-development-strategy-to-implement-a-project-of-40-000-ton-per-annum-high-nickel-ternary-cathode-and-20-000-ton-per-annum-lithium-ferromanganese-phosphate-in-korea-301905033.html,https://www.prnewswire.com/news-releases/ronbay-announces-its-global-development-strategy-to-implement-a-project-of-40-000-ton-per-annum-high-nickel-ternary-cathode-and-20-000-ton-per-annum-lithium-ferromanganese-phosphate-in-korea-301905033.html,https://news.futunn.com/en/flash/18089807/ningbo-ronbay-new-energy-technology-south-korea-js-base-phase?level=1&data_ticket=1781289167713784,https://www.yicaiglobal.com/news/chinas-ronbay-to-invest-usd362-million-to-build-two-battery-materials-plants-in-south-korea,,Under construction
Battery,HAR0073,Sunwoda,China,Commenced,Hungary,Nyíregyháza (Szabolcs-Szatmár-Bereg),2023,N/A,Battery,Manufacturing,270,0,0,0,,https://english.news.cn/europe/20230728/ff664124f11c4fcfb0d1a2dfc6560a8b/c.html,https://hipa.hu/news/yet-another-leading-battery-manufacturer-chooses-hungary-as-investment-location/,https://abouthungary.hu/news-in-brief/chinese-battery-maker-sunwoda-to-build-first-european-plant-in-nyiregyhaza,https://bbj.hu/business/industry/manufacturing/sunwoda-building-huf-580-bln-plant-in-nyiregyhaza/,,https://english.news.cn/europe/20230728/ff664124f11c4fcfb0d1a2dfc6560a8b/c.html 07/28/2023,https://hungarytoday.hu/the-nyiregyhaza-battery-factory-will-be-in-production-in-2025/ (year only),https://abouthungary.hu/news-in-brief/chinese-battery-maker-sunwoda-to-build-first-european-plant-in-nyiregyhaza,,Under construction
Battery,Battery1.11,Samsung,South Korea,Operational,China,Tianjin,2021,2021,Battery,Manufacturing,270,0,0,0,,https://www.argusmedia.com/news/1812427-samsung-sdi-to-expand-battery-output-in-china,https://news.metal.com/newscontent/101516373/Samsung-SDI-will-invest-1146-billion-yuan-in-battery-business-to-expand-its-plant-this-year/,https://www.argusmedia.com/news/1812427-samsung-sdi-to-expand-battery-output-in-china,https://www.argusmedia.com/news/1812427-samsung-sdi-to-expand-battery-output-in-china,,https://www.argusmedia.com/news/1812427-samsung-sdi-to-expand-battery-output-in-china (year only),https://www.argusmedia.com/news/1812427-samsung-sdi-to-expand-battery-output-in-china (year only),https://www.argusmedia.com/news/1812427-samsung-sdi-to-expand-battery-output-in-china,,Operational
Battery,FDI204579,Johnson Matthey,United Kingdom,Completed,Poland,Konin (Greater Poland),2019,2024,Battery,Manufacturing,263,0,0,0,,https://insideevs.com/news/343644/johnson-matthey-announces-elno-cathode-materials-plant-in-poland/,https://www.electrive.com/2019/03/28/johnson-matthey-to-build-cathode-material-plant-in-poland/,https://www.chemengonline.com/johnson-mattheys-battery-materials-plant-in-poland-to-be-powered-by-renewable-electricity/,https://www.pv-magazine.com/2020/08/11/ebrd-kfw-provide-e135-million-loan-for-next-gen-cathode-material-plant-in-poland/,,https://insideevs.com/news/343644/johnson-matthey-announces-elno-cathode-materials-plant-in-poland/ (year only),[UNVERIFIED] https://www.chemengonline.com/johnson-mattheys-battery-materials-plant-in-konin-poland-to-be-powered-by-renewable-electricity/ (year only),https://www.chemengonline.com/johnson-mattheys-battery-materials-plant-in-konin-poland-to-be-powered-by-renewable-electricity/,,Operational
Battery,HAR0026,EVE Energy,China,Commenced,United States,Byhalia (Mississippi),2024,N/A,Battery,Manufacturing,250,0,1,1,"Accelera by Cummins, Daimler Truck AG, PACCAR Inc.",https://www.accelerazero.com/news/battery-cell-production-jv-location-selected,https://www.accelerazero.com/news/amplify-cell-technologies-joint-venture-between-accelera-cummins-daimler-truck-and-paccar,http://mississippi.org/news/truck-battery-joint-venture-locating-1-9-billion-factory-in-marshall-county-creating-2000-quality-jobs/,https://www.accelerazero.com/news/amplify-cell-technologies-joint-venture-between-accelera-cummins-daimler-truck-and-paccar,https://www.accelerazero.com/news/battery-cell-production-jv-location-selected,https://www.accelerazero.com/news/battery-cell-production-jv-location-selected 01/19/2024,https://www.accelerazero.com/news/amplify-cell-technologies-joint-venture-between-accelera-cummins-daimler-truck-and-paccar (year only),https://investor.cummins.com/news/detail/634/accelera-by-cummins-daimler-truck-and-paccar-select,https://www.accelerazero.com/news/battery-cell-production-jv-location-selected,Under construction
Battery,HAR0028,Ganfeng Lithium,China,Announced,Turkey,Ankara,2024,N/A,Battery,Manufacturing,250,0,1,1,Yigit Aku,https://www.invest.gov.tr/en/news/news-from-turkey/pages/ganfeng-lithium-announce-usd-500-million-battery-investment-turkiye.aspx,https://cnevpost.com/2024/08/16/ganfeng-plans-usd-500-m-battery-plant-turkey/,https://www.invest.gov.tr/en/news/news-from-turkey/pages/ganfeng-lithium-announce-usd-500-million-battery-investment-turkiye.aspx,https://www.batteriesinternational.com/2024/08/21/ganfeng-yigit-aku-plan-500m-turkey-li-battery-project/,https://www.caixinglobal.com/2024-08-17/chinas-ganfeng-lithium-unit-inks-jv-with-turkish-battery-producer-for-new-plant-102227385.html,https://cnevpost.com/2024/08/16/ganfeng-plans-usd-500-m-battery-plant-turkey/ 08/17/2024,https://cnevpost.com/2024/08/16/ganfeng-plans-usd-500-m-battery-plant-turkey/ (year only),https://www.invest.gov.tr/en/news/news-from-turkey/pages/ganfeng-lithium-announce-usd-500-million-battery-investment-turkiye.aspx,https://www.caixinglobal.com/2024-08-17/chinas-ganfeng-lithium-unit-inks-jv-with-turkish-battery-producer-for-new-plant-102227385.html,Announced only
Battery,HAR0068,Shenzhen Senior Technology Material,China,Commenced,Sweden,Eskilstuna (Södermanland),2021,N/A,Battery,Manufacturing,250,0,0,0,,https://www.eba250.com/senior-technology-material-invests-e250-million-in-sweden/,"https://news.cision.com/nyfosa-ab/r/nyfosa-to-lease-a-production-facility-in-eskilstuna-to-shenzhen-senior-technology-material---unique-,c3313832",https://www.business-sweden.com/insights/client-cases/seniors-cutting-edge-materials-perfect-fit-for-nordic-battery-cluster/,https://www.eba250.com/senior-technology-material-invests-e250-million-in-sweden/,,"https://news.cision.com/nyfosa-ab/r/nyfosa-to-lease-a-production-facility-in-eskilstuna-to-shenzhen-senior-technology-material---unique-,c3313832 (year only)",https://www.eba250.com/senior-technology-material-invests-e250-million-in-sweden/ (year only),https://www.business-sweden.com/insights/client-cases/seniors-cutting-edge-materials-perfect-fit-for-nordic-battery-cluster/,,Under construction
Battery,FDI95233,Panasonic (Matsushita),Japan,Completed,China,Suzhou (Jiangsu),2012,2013,Battery,Manufacturing,244,0,0,0,,https://eepower.com/news/panasonic-to-build-lithium-ion-battery-plant-in-china/,https://eepower.com/news/panasonic-inaugurates-new-lithium-ion-battery-plant-in-china/,https://www.panasonic.com/global/energy/company/global-network.html,https://www.reuters.com/article/panasonic/update-1-panasonic-to-build-new-lithium-battery-plant-in-china-source-idUSL3E7FN04420110423/,,https://eepower.com/news/panasonic-to-build-lithium-ion-battery-plant-in-china/ (year only),https://eepower.com/news/panasonic-inaugurates-new-lithium-ion-battery-plant-in-china/ (year only),https://www.panasonic.com/global/energy/company/global-network.html,,Operational
Battery,HAR0085,Zhuhai CosMX Battery,China,Announced,Malaysia,Kulim (Kedah),2024,N/A,Battery,Manufacturing,230,0,0,0,,https://www.mida.gov.my/media-release/zhuhai-cosmx-announces-rm1-billion-investment-for-first-manufacturing-plant-in-kedah-malaysia/,https://technode.global/2024/08/30/chinas-zhuhai-cosmx-invests-230m-to-build-first-manufacturing-plant-in-malaysia/,https://www.mida.gov.my/media-release/zhuhai-cosmx-announces-rm1-billion-investment-for-first-manufacturing-plant-in-kedah-malaysia/,https://technode.global/2024/08/30/chinas-zhuhai-cosmx-invests-230m-to-build-first-manufacturing-plant-in-malaysia/,,https://www.mida.gov.my/media-release/zhuhai-cosmx-announces-rm1-billion-investment-for-first-manufacturing-plant-in-kedah-malaysia/ 08/30/2024,[UNVERIFIED] https://www.mida.gov.my/media-release/zhuhai-cosmx-announces-rm1-billion-investment-for-first-manufacturing-plant-in-kedah-malaysia/ (year only),https://www.mida.gov.my/media-release/zhuhai-cosmx-announces-rm1-billion-investment-for-first-manufacturing-plant-in-kedah-malaysia/,,Announced only
Battery,New_Semcorp_HU1,Semcorp,China,Operational,Hungary,Debrecen (Hajdú-Bihar),2020,2023,Battery,Manufacturing,220,0,0,0,,https://ceenergynews.com/transport/chinese-manufacturer-semcorp-sets-up-a-plant-in-hungary-to-serve-europes-future-automotive-industry/,https://hipa.hu/news/semcorp-will-start-building-its-first-battery-separator-film-production-plant-in-debrecen/,https://hipa.hu/news/semcorp-will-start-building-its-first-battery-separator-film-production-plant-in-debrecen/,https://ceenergynews.com/transport/chinese-manufacturer-semcorp-sets-up-a-plant-in-hungary-to-serve-europes-future-automotive-industry/,https://ceenergynews.com/transport/chinese-manufacturer-semcorp-sets-up-a-plant-in-hungary-to-serve-europes-future-automotive-industry/,https://hipa.hu/news/semcorp-will-start-building-its-first-battery-separator-film-production-plant-in-debrecen/,https://evertiq.com/news/50621,https://batteryindustry.net/semcorp-group-opens-its-first-lithium-ion-battery-separator-film-plant-in-hungary/,,Operational
Battery,New_Hyundai_US1,Hyundai,South Korea,Operational,United States,Montgomery (Alabama),2022,2023,Battery,Manufacturing,205,0,0,0,,https://www.the-big-green-machine.com/siteid/85,https://governor.alabama.gov/newsroom/2022/04/gov-ivey-announces-hyundai-to-add-first-all-electric-genesis-gv70-and-santa-fe-hybrid-to-alabama-production-lineup/,https://www.madeinalabama.com/2022/10/hyundai-mobis-plans-alabama-ev-battery-module-plant-creating-400-jobs/,https://www.the-big-green-machine.com/siteid/85,https://www.the-big-green-machine.com/siteid/85,https://www.the-big-green-machine.com/siteid/85,https://www.the-big-green-machine.com/siteid/85,https://www.madeinalabama.com/2022/10/hyundai-mobis-plans-alabama-ev-battery-module-plant-creating-400-jobs/,,Operational
Battery,HAR0046,Hithium,China,Completed,United States,Mesquite (Texas),2024,2025,Battery,Manufacturing,200,0,0,0,,https://www.prnewswire.com/news-releases/hithium-plans-investment-into-new-production-facility-in-mesquite-texas-302196219.html,https://dallasinnovates.com/hithium-opens-200m-battery-energy-storage-manufacturing-facility-in-north-texas/,https://mesquiteecodev.com/news/hithium-plans-investment-into-new-production-facility-in-mesquite-texas,https://dallasinnovates.com/hithium-opens-200m-battery-energy-storage-manufacturing-facility-in-north-texas/,,https://www.prnewswire.com/news-releases/hithium-plans-investment-into-new-production-facility-in-mesquite-texas-302196219.html (year only),https://dallasinnovates.com/hithium-opens-200m-battery-energy-storage-manufacturing-facility-in-north-texas/ (year only),https://www.energy-storage.news/chinese-battery-manufacturer-hithium-ships-first-units-from-texas-bess-assembly-plant/,,Operational
Battery,Battery12.1,Toshiba,Japan,Completed,United States,Holland (Michigan),2018,2018,Battery,Manufacturing,200,0,1,1,Johnson Controls,https://www.global.toshiba/ww/news/infrastructure/2018/11/news-20181128-01.html,https://www.johnsoncontrols.com/media-center/news/press-releases/2018/11/27/johnson-controls-and-toshiba-join-forces-on-low-voltage-lithium-ion-solutions,https://www.greencarcongress.com/2018/11/20181128-jctoshiba.html,https://www.autonews.com/article/20081027/GLOBAL02/310279821/toshiba-joins-battery-battle/,,https://www.global.toshiba/ww/news/infrastructure/2018/11/news-20181128-01.html,,https://www.greencarcongress.com/2018/11/20181128-jctoshiba.html,https://www.global.toshiba/ww/news/infrastructure/2018/11/news-20181128-01.html,Operational
Battery,Battery3.1,Panasonic (Matsushita),Japan,Completed,United States,Sparks (Nevada),2014,2017,Battery,Manufacturing,200,0,0,0,,https://www.tesla.com/blog/continuing-our-investment-nevada,https://www.pv-magazine.com/2017/01/04/teslapanasonic-begin-battery-cell-production-at-nevada-gigafactory/,https://news.panasonic.com/global/press/en170427-2,https://www.energy-storage.news/panasonic-to-make-us1-6-billion-tesla-gigafactory-contribution-report/,,https://www.tesla.com/blog/continuing-our-investment-nevada (year only),https://www.pv-magazine.com/2017/01/04/teslapanasonic-begin-battery-cell-production-at-nevada-gigafactory/ (year only),https://www.tesla.com/blog/continuing-our-investment-nevada,,Operational
Battery,FDI134153,Samsung,South Korea,Completed,China,Xi'an (Shaanxi),2014,2015,Battery,Manufacturing,200,0,1,0,"Anqing Ring New Group, Xi'an Gaoke Group",https://www.businesswire.com/news/home/20151022005717/en/Silk-Road-Electric-Cars-Erected-Xi%E2%80%99an-%E2%80%A6,https://chargedevs.com/newswire/samsung-sdi-opens-ev-battery-plant-in-china/,https://www.china-arn.com/en/index.php?c=show&id=70,Investment value not publicly disclosed,https://www.china-arn.com/en/index.php?c=show&id=70,https://www.china-arn.com/en/index.php?c=show&id=70 (year only),https://chargedevs.com/newswire/samsung-sdi-opens-ev-battery-plant-in-china/ 10/22/2015,https://chargedevs.com/newswire/samsung-sdi-opens-ev-battery-plant-in-china/,https://www.china-arn.com/en/index.php?c=show&id=70,Operational
Battery,New_Umicore_KR1,Umicore,Belgium,Announced,South Korea,Ulsan,2025,2028,Battery,Manufacturing,200,0,1,1,HS Hyosung Advanced Materials (JV: Extra Mile Materials; Umicore 20%),https://www.umicore.com/storage/umicore/2025-umicore-capital-markets-day-battery-materials-solutions.pdf,https://www.belganewsagency.eu/umicore-targets-global-battery-leadership-with-south-korean-joint-venture,https://www.belganewsagency.eu/umicore-targets-global-battery-leadership-with-south-korean-joint-venture,https://www.hshyosung.com/en/media/press-release-detail?page=1&boardSeq=1370&schStringTyp=&schString=&schBoardCtgryCcd=,https://www.belganewsagency.eu/umicore-targets-global-battery-leadership-with-south-korean-joint-venture,https://www.umicore.com/en/media/newsroom/umicore-and-hs-hyosung-advanced-materials-partner-to-industrialize-silicon-anode-materials-for-ev-batteries/,https://www.belganewsagency.eu/umicore-targets-global-battery-leadership-with-south-korean-joint-venture,https://www.umicore.com/en/media/newsroom/umicore-and-hs-hyosung-advanced-materials-partner-to-industrialize-silicon-anode-materials-for-ev-batteries/,https://www.belganewsagency.eu/umicore-targets-global-battery-leadership-with-south-korean-joint-venture,Announced only
Battery,FDI69591,SAFT,France,Completed,United States,Jacksonville (Florida),2009,2011,Battery,Manufacturing,191,0,0,0,,https://www.businesswire.com/news/home/20110916005214/en/Saft-Launches-Industrial-Production-at-Jacksonville-Lithium-Ion-Battery-Plant,https://www.altenergymag.com/news/2011/09/19/saft-launches-industrial-production-at-jacksonville-lithium-ion-battery-plant/8342/,https://www.tradeandindustrydev.com/industry/manufacturing/saft-america-inc-jacksonville-florida-2379,https://netl.doe.gov/sites/default/files/environmental-assessments/EA-1711.pdf,,https://obamawhitehouse.archives.gov/the-press-office/2016/02/25/fact-sheet-recovery-act-made-largest-single-investment-clean-energy (year only),https://www.altenergymag.com/news/2011/09/19/saft-launches-industrial-production-at-jacksonville-lithium-ion-battery-plant/8342/ 09/19/2011,https://www.tradeandindustrydev.com/industry/manufacturing/saft-america-inc-jacksonville-florida-2379,,Operational
Battery,FDI93194,Bollore Group,France,Completed,Canada,Boucherville (Quebec),2011,2011,Battery,Manufacturing,179.6,1,0,0,,https://www.bollore.com/en/activites-et-participations-2/stockage-delectricite-et-systemes/blue/,https://montreal.ctvnews.ca/expansion-at-quebec-electric-car-battery-plant-1.448359,https://news.hydroquebec.com/news/press-releases/montreal/hydro-quebec-in-collaboration-with-the-french-national-research-centre-cnrs-france-license-bathium-canada-to-use-lithium-iron-phosphate-in-manufacture-of-lithium-metal-polymer-batteries.html,https://www.cbc.ca/news/canada/montreal/french-billionaire-opens-battery-plant-near-montreal-1.805348,,https://www.cbc.ca/news/canada/montreal/french-billionaire-opens-battery-plant-near-montreal-1.805348 (year only),,https://www.bollore.com/en/activites-et-participations-2/stockage-delectricite-et-systemes/blue/,,Operational
Battery,FDI142139,Samsung,South Korea,Completed,China,Hefei (Anhui),2014,2016,Battery,Manufacturing,170,0,1,1,Sungrow,https://www.samsungsdi.com/sdi-news/392.html,https://eepower.com/news/samsung-sungrow-sdi-energy-storage-launched/,https://www.energy-storage.news/news/sungrow-samsung-sdi-collaborate-on-large-scale-energy-storage-demonstration,https://www.pv-magazine.com/2016/07/14/sungrow-announces-170m-storage-partnership-with-samsung_100025407/,https://www.greentechmedia.com/articles/read/could-samsung-sdi-sungrow-spark-further-alliances,https://www.solarpowerworldonline.com/2014/08/samsung-sdi-chinas-sungrow-partner-energy-storage/ 08/14/2014,https://www.pv-magazine.com/2016/07/14/sungrow-announces-170m-storage-partnership-with-samsung_100025407/ (year only),https://eepower.com/news/samsung-sungrow-sdi-energy-storage-launched/,https://www.greentechmedia.com/articles/read/could-samsung-sdi-sungrow-spark-further-alliances,Operational
Battery,FDI145763,Boston-Power,United States,Completed,China,Liyang (Jiangsu),2014,2016,Battery,Manufacturing,160,0,0,0,,https://www.bloomberg.com/news/articles/2014-12-22/boston-power-gets-290-million-in-chinese-local-government-funds,https://www.bestmag.co.uk/boston-power-scale-li-ion-battery-production/,https://www.dnb.com/business-directory/company-profiles.boston_power_battery_(jiangsu)_co_ltd.f86c53334f87226c23c2198b17195d0b.html,https://eepower.com/news/boston-power-gets-us290-million-from-local-chinese-governments/,,https://www.prnewswire.com/news-releases/local-chinese-governments-give-financial-support-to-leading-us-electric-vehicle-battery-company-300013108.html 12/22/2014,https://eepower.com/news/boston-power-gets-us290-million-from-local-chinese-governments/ (year only),https://www.bestmag.co.uk/boston-power-scale-li-ion-battery-production/,,Operational
Battery,Battery 8.1,Camel,China,Completed,Malaysia,Kuantan (Pahang),2017,2019,Battery,Manufacturing,150,0,0,0,,https://www.camelpower.com.my/company-overview.php,http://autoworld.com.my/news/2019/03/22/camel-power-malaysia-to-supply-batteries-for-proton-x70-and-future-models-launches-first-sea-plant/,https://www.theborneopost.com/2019/03/23/camel-power-msia-launches-first-plant-in-south-east-asia/,https://motoring-malaysia.blogspot.com/2019/03/camel-power-malaysia-launches-camel.html,,https://www.camelpower.com.my/company-overview.php (year only),http://autoworld.com.my/news/2019/03/22/camel-power-malaysia-to-supply-batteries-for-proton-x70-and-future-models-launches-first-sea-plant/ (year only),https://www.tyremanmagazine.com/latest-news/posts/2019/may/camel-power-malaysia-launches-first-plant-in-southeast-asia/,,Operational
Battery,New_Umicore_FI1,Umicore,Belgium,Operational,Finland,Kokkola (Central Ostrobothnia),2019,2019,Battery,Manufacturing,150,0,0,0,,https://www.umicore.com/en/media/newsroom/sustainable-battery-materials-supply-chain/,https://www.umicore.com/en/media/newsroom/umicore-to-acquire-cobalt-refinery-and-cathode-precursor-operations-in-finland/,https://www.umicore.com/en/media/newsroom/umicore-to-acquire-cobalt-refinery-and-cathode-precursor-operations-in-finland/,https://www.umicore.com/en/media/newsroom/umicore-to-acquire-cobalt-refinery-and-cathode-precursor-operations-in-finland/,https://www.umicore.com/en/media/newsroom/umicore-to-acquire-cobalt-refinery-and-cathode-precursor-operations-in-finland/,https://www.umicore.com/en/media/newsroom/umicore-to-acquire-cobalt-refinery-and-cathode-precursor-operations-in-finland/,https://www.umicore.com/en/media/newsroom/umicore-to-acquire-cobalt-refinery-and-cathode-precursor-operations-in-finland/,https://www.umicore.com/en/media/newsroom/umicore-to-acquire-cobalt-refinery-and-cathode-precursor-operations-in-finland/,,Operational
Battery,FDI188636,LG,South Korea,Completed,China,Wuxi (Jiangsu),2018,2020,Battery,Manufacturing,146,0,1,1,"Zhejiang Huayou Cobalt Co., Ltd. and Wuxi High-tech Zone",https://www.greencarcongress.com/2018/04/20180413-lgchem.html,https://news.metal.com/newscontent/101266118/the-first-phase-of-the-project-of-leyou-new-energy-a-joint-venture-between-lg-chemical-and-huayou-cobalt-industry-has-been-completed,https://www.miningweekly.com/article/lg-chem-cobalt-deal-sets-tone-for-battery-cathode-market-2018-04-12/rep_id:3650,https://www.benchmarkminerals.com/lg-chem-huayou-cobalt-deal-reshapes-cathode-landscape-for-electric-vehicle-batteries/,https://www.koreaherald.com/article/1641437,https://www.greencarcongress.com/2018/04/20180413-lgchem.html (year only),https://news.metal.com/newscontent/101266118/the-first-phase-of-the-project-of-leyou-new-energy-a-joint-venture-between-lg-chemical-and-huayou-cobalt-industry-has-been-completed (year only),https://www.greencarcongress.com/2018/04/20180413-lgchem.html,https://www.koreaherald.com/article/1641437,Operational
Battery,HAR0064,REPT BATTERO,China,Announced,Indonesia,Batam (Riau Islands),2025,N/A,Battery,Manufacturing,140,0,0,0,,https://www.reptbattero.com/company-profile/,https://www.pv-magazine.com/2025/01/15/chinas-rept-battero-to-build-battery-factory-in-indonesia/,[UNVERIFIED] https://www.ess-news.com/2025/01/15/chinas-rept-battero-to-build-battery-manufacturing-plant-in-indonesia/,https://www.ess-news.com/2025/01/15/chinas-rept-battero-to-build-battery-manufacturing-plant-in-indonesia/,,https://www.pv-magazine.com/2025/01/15/chinas-rept-battero-to-build-battery-factory-in-indonesia/ (year only),,https://renewablesnow.com/news/chinas-rept-battero-plans-8-gwh-battery-factory-in-indonesia-1269379/,,Announced only
Battery,New_AMGlithium_DE1,AMG lithium,Netherlands,Operational,Germany,Bitterfeld (Saxony-Anhalt),2021,2024,Battery,Manufacturing,140,0,0,0,,https://amg-nv.com/wp-content/uploads/CMD-AMG-Lithium-Presentations.pdf,https://amg-nv.com/wp-content/uploads/CMD-AMG-Lithium-Presentations.pdf,https://amg-nv.com/wp-content/uploads/CMD-AMG-Lithium-Presentations.pdf,https://amg-nv.com/wp-content/uploads/CMD-AMG-Lithium-Presentations.pdf,https://amg-nv.com/wp-content/uploads/CMD-AMG-Lithium-Presentations.pdf,https://amg-nv.com/investors/press-release/amg-hosts-successful-opening-of-europes-first-lithium-hydroxide-refinery/,https://amg-nv.com/investors/press-release/amg-hosts-successful-opening-of-europes-first-lithium-hydroxide-refinery/,https://amg-nv.com/investors/press-release/amg-hosts-successful-opening-of-europes-first-lithium-hydroxide-refinery/,,Operational
Battery,FDI167944,GEM,China,Completed,South Korea,Pohang (North Gyeongsang),2016,2021,Battery,Manufacturing,134.48,0,1,1,EcoPro,https://www.yicaiglobal.com/news/gem-to-build-lithium-battery-materials-plant-in-south-korea-in-response-to-new-us-policy/,https://www.kedglobal.com/batteries/newsView/ked202408200012,http://www.koreaherald.com/view.php?ud=20160824000994,http://www.koreaherald.com/view.php?ud=20160824000994,http://www.koreaherald.com/view.php?ud=20160824000994,http://www.koreaherald.com/view.php?ud=20160824000994 (year only),[UNVERIFIED] https://www.kedglobal.com/batteries/newsView/ked202408200012 (year only),http://www.koreaherald.com/view.php?ud=20160824000994,http://www.koreaherald.com/view.php?ud=20160824000994,Operational
Battery,HAR0071,Sinoma,China,Announced,Hungary,Nyíregyháza (Szabolcs-Szatmár-Bereg),2025,N/A,Battery,Manufacturing,132,0,0,0,,https://news.metal.com/newscontent/103275012/Sinoma-Science-Technology-to-Invest-%E2%82%AC114M-in-Hungary-for-640M-m%C2%B2-Separator-Production-Site,https://news.metal.com/newscontent/103275012/Sinoma-Science-Technology-to-Invest-%E2%82%AC114M-in-Hungary-for-640M-m%C2%B2-Separator-Production-Site,https://news.metal.com/newscontent/103275012/Sinoma-Science-Technology-to-Invest-%E2%82%AC114M-in-Hungary-for-640M-m%C2%B2-Separator-Production-Site,https://news.metal.com/newscontent/103275012/Sinoma-Science-Technology-to-Invest-%E2%82%AC114M-in-Hungary-for-640M-m%C2%B2-Separator-Production-Site,,https://news.metal.com/newscontent/103275012/Sinoma-Science-Technology-to-Invest-%E2%82%AC114M-in-Hungary-for-640M-m%C2%B2-Separator-Production-Site (year only),,https://news.metal.com/newscontent/103275012/Sinoma-Science-Technology-to-Invest-%E2%82%AC114M-in-Hungary-for-640M-m%C2%B2-Separator-Production-Site,,Announced only
Battery,FDI145764,Boston-Power,United States,Completed,China,Tianjin,2014,2018,Battery,Manufacturing,130,0,0,0,,https://www.eetimes.com/boston-power-raises-125m-for-china-move/,https://www.prnewswire.com/news-releases/local-chinese-governments-give-financial-support-to-leading-us-electric-vehicle-battery-company-300013108.html,https://www.prnewswire.com/news-releases/local-chinese-governments-give-financial-support-to-leading-us-electric-vehicle-battery-company-300013108.html,https://www.bloomberg.com/news/articles/2014-12-22/boston-power-gets-290-million-in-chinese-local-government-funds,,https://www.prnewswire.com/news-releases/local-chinese-governments-give-financial-support-to-leading-us-electric-vehicle-battery-company-300013108.html (year only),[UNVERIFIED] https://www.greencarreports.com/news/1092902_battery-maker-boston-power-gets-250-million-investment-from-china (year only),https://www.prnewswire.com/news-releases/local-chinese-governments-give-financial-support-to-leading-us-electric-vehicle-battery-company-300013108.html,,Operational
Battery,FDI232139,Volkswagen,Germany,Completed,Sweden,Södertälje (Stockholm),2020,2023,Battery,Manufacturing,120,0,1,1,Northvolt,https://www.volkswagen-group.com/en/press-releases/volkswagen-and-northvolt-form-joint-venture-for-battery-production-16646,https://northvolt.com/articles/scania-s-new-battery-assembly-plant/,https://northvolt.com/articles/scania-s-new-battery-assembly-plant/,https://www.scania.com/group/en/home/newsroom/press-releases/press-release-detail-page.html/4620239-landmark-moment-as-scania-s-battery-assembly-starts-operations,https://northvolt.com/articles/scania-s-new-battery-assembly-plant/,https://www.volkswagen-group.com/en/press-releases/volkswagen-and-northvolt-form-joint-venture-for-battery-production-16646 (year only),https://northvolt.com/articles/scania-s-new-battery-assembly-plant/ (year only),https://northvolt.com/articles/scania-s-new-battery-assembly-plant/,https://northvolt.com/articles/scania-s-new-battery-assembly-plant/,Operational
Battery,FDI74134,Bollore Group,France,Completed,Canada,Boucherville (Quebec),2009,2009,Battery,Manufacturing,120,0,0,0,,https://www.bollore.com/en/activites-et-participations-2/stockage-delectricite-et-systemes/blue/,https://www.cbc.ca/news/canada/montreal/french-billionaire-opens-battery-plant-near-montreal-1.805348,https://www.cbc.ca/news/canada/montreal/french-billionaire-opens-battery-plant-near-montreal-1.805348,https://www.cbc.ca/news/canada/montreal/french-billionaire-opens-battery-plant-near-montreal-1.805348,,https://www.cbc.ca/news/canada/montreal/french-billionaire-opens-battery-plant-near-montreal-1.805348 (year only),https://www.cbc.ca/news/canada/montreal/french-billionaire-opens-battery-plant-near-montreal-1.805348 (year only),https://www.cbc.ca/news/canada/montreal/french-billionaire-opens-battery-plant-near-montreal-1.805348,,Operational
Battery,FDI192283,Farasis Energy,United States,Completed,China,Zhenjiang (Jiangsu),2018,2022,Battery,Manufacturing,110.1,0,0,0,,https://www.farasis-energy.com/en/about-us/,https://www.automotivemanufacturingsolutions.com/electrification/farasis-energy-to-build-carbon-neutral-gigafactory-in-china-as-domestic-recovery-becomes-priority/544949,https://news.metal.com/newscontent/100849493/report-farasis-energy-launches-automotive-power-battery-project-in-jiangsu,,,https://news.metal.com/newscontent/100849493/report-farasis-energy-launches-automotive-power-battery-project-in-jiangsu (year only),[UNVERIFIED] https://www.automotivemanufacturingsolutions.com/electrification/farasis-energy-to-build-carbon-neutral-gigafactory-in-china-as-domestic-recovery-becomes-priority/544949 (year only),https://news.metal.com/newscontent/100849493/report-farasis-energy-launches-automotive-power-battery-project-in-jiangsu,,Operational
Battery,HAR0055,KunlunChem,China,Announced,Hungary,Szolnok (Jász-Nagykun-Szolnok),2025,N/A,Battery,Manufacturing,108,0,0,0,,https://hipa.hu/news/Szolnok-HIPA-investment-KunlumChem/,https://hipa.hu/news/Szolnok-HIPA-investment-KunlumChem/,https://hipa.hu/news/Szolnok-HIPA-investment-KunlumChem/,https://hipa.hu/news/Szolnok-HIPA-investment-KunlumChem/,,https://hipa.hu/news/Szolnok-HIPA-investment-KunlumChem/ (year only),,https://hipa.hu/news/Szolnok-HIPA-investment-KunlumChem/,,Announced only
Battery,HAR0062,Pret,China,Announced,Malaysia,Johor (site TBD),2025,N/A,Battery,Manufacturing,103,0,0,0,,https://www.yicaiglobal.com/news/chinas-pret-jumps-on-plan-to-build-usd103-million-lithium-battery-plant-in-malaysia,https://www.yicaiglobal.com/news/chinas-pret-jumps-on-plan-to-build-usd103-million-lithium-battery-plant-in-malaysia,https://batteriesnews.com/chinas-pret-gains-after-revealing-usd103-million-investment-in-new-malaysian-battery-plant/,https://www.yicaiglobal.com/news/chinas-pret-jumps-on-plan-to-build-usd103-million-lithium-battery-plant-in-malaysia,,https://www.yicaiglobal.com/news/chinas-pret-jumps-on-plan-to-build-usd103-million-lithium-battery-plant-in-malaysia (year only),,https://www.yicaiglobal.com/news/chinas-pret-jumps-on-plan-to-build-usd103-million-lithium-battery-plant-in-malaysia,,Announced only
Battery,HAR0077,Tinci,China,Under Construction,United States,Houston (Texas),2023,N/A,Battery,Manufacturing,102,0,0,0,,https://www.yicaiglobal.com/news/20230628-15-chinas-tinci-to-build-lithium-battery-material-plants-in-us-morocco,https://www.mysteel.net/news/5105135-flash-tinci-materials-breaks-ground-on-its-first-electrolyte-plant-in-north-america,https://www.khou.com/article/money/business/houston-business-journal/chinese-company-battery-materials-plant-cedar-port/285-94a3de99-1f06-4e1c-bd31-92861a508e7f,https://www.khou.com/article/money/business/houston-business-journal/chinese-company-battery-materials-plant-cedar-port/285-94a3de99-1f06-4e1c-bd31-92861a508e7f,,https://www.yicaiglobal.com/news/20230628-15-chinas-tinci-to-build-lithium-battery-material-plants-in-us-morocco (year only),https://tgscedarport.com/press/chinese-company-plans-100-million-battery-materials-plant-in-tgs-cedar-port-after-2-year-delay/ (year only),https://www.yicaiglobal.com/news/20230628-15-chinas-tinci-to-build-lithium-battery-material-plants-in-us-morocco,,Under construction
Battery,Battery 11.2,NEC,Japan,Completed,United States,Westborough (Massachusetts),2014,2014,Battery,Manufacturing,100,0,0,0,,https://www.nec.com/en/press/201405/global_20140516_03.html,https://www.nec.com/en/press/201405/global_20140516_03.html,https://www.nec.com/en/press/201405/global_20140516_03.html,https://www.nec.com/en/press/201403/global_20140324_01.html,,https://www.nec.com/en/press/201405/global_20140516_03.html (year only),https://www.nec.com/en/press/201405/global_20140516_03.html (year only),https://www.nec.com/en/press/201405/global_20140516_03.html,,Operational
Battery,New_LSCableSystem_MX1,LS Cable & System,South Korea,Under Construction,Mexico,Queretaro (Querétaro),2026,N/A,Battery,Manufacturing,100,0,0,0,,https://lscable.eu/about/company,https://mexico-now.com/ls-cable-system-invests-in-mexico-expansion/,https://mexico-now.com/ls-cable-system-lays-the-first-stone-in-queretaro/,https://www.marklines.com/en/news/312446,https://lscable.eu/about/company,https://www.kedglobal.com/electric-vehicles/newsView/ked202408050001,https://www.gwm-global.com/news/3403758.html,https://lscable.eu/about/company,,Under construction
Battery,FDI236353,CATL,China,Completed,Germany,Kirchardt (Baden-Württemberg),2021,2023,Battery,Manufacturing,96.5,0,0,0,,https://www.valmet-automotive.com/media/valmet-automotive-builds-battery-factory-in-germany/,https://www.valmet-automotive.com/media/valmet-automotive-started-series-production-at-the-kirchardt-battery-plant/,https://www.valmet-automotive.com/media/valmet-automotive-builds-battery-factory-in-germany/,Investment value not publicly disclosed,,https://www.electrive.com/2021/03/23/valmet-is-building-a-battery-assembly-plant-in-germany/ (year only),https://www.valmet-automotive.com/media/valmet-automotive-started-series-production-at-the-kirchardt-battery-plant/ (year only),https://www.valmet-automotive.com/media/valmet-automotive-builds-battery-factory-in-germany/,,Operational
Battery,FDI78927,Panasonic (Matsushita),Japan,Completed,Indonesia,Bekasi (West Java),2010,N/A,Battery,Manufacturing,92.7,0,0,0,,https://ledinside.com/news/2010/8/News_Panasonic_20100826,https://ledinside.com/news/2010/8/News_Panasonic_20100826,https://ledinside.com/news/2010/8/News_Panasonic_20100826,Investment value not publicly disclosed,,https://ledinside.com/news/2010/8/News_Panasonic_20100826 (year only),https://ledinside.com/news/2010/8/News_Panasonic_20100826 (year only),https://ledinside.com/news/2010/8/News_Panasonic_20100826,,Operational
Battery,HAR0051,Kedali,China,Completed,Germany,Erfurt (Thuringia),2020,2022,Battery,Manufacturing,91.7,0,0,0,,https://www.invest-in-thuringia.de/en/companies-and-technologies/details/kedali-germany-gmbh-kdl/,https://kedali.eu/en/elementor-819/,https://www.invest-in-thuringia.de/en/companies-and-technologies/details/kedali-germany-gmbh-kdl/,"http://www.ibtechina.com/index/shows/catid/783/id/3830.html, https://www.yicaiglobal.com/news/chinese-battery-parts-supplier-kedali-plans-to-spend-usd317-million-to-expand-capacity-in-germany",,https://www.invest-in-thuringia.de/en/companies-and-technologies/details/kedali-germany-gmbh-kdl/,https://kedali.eu/en/elementor-819/,https://kedali.eu/en/elementor-819/,,Operational
Battery,FDI164012,Umicore,Belgium,Completed,South Korea,Cheonan (South Chungcheong),2016,2016,Battery,Manufacturing,90.849,1,0,0,,https://www.umicore.kr/en/our-business/umicore-rbm-korea,https://www.umicore.kr/en/our-business/umicore-rbm-korea,https://www.umicore.kr/en/news/mou-with-chungnam-2/,https://www.recycling-magazine.com/2016/04/28/umicore-to-triple-capacity-for-rechargeable-battery-cathode-materials-by-2018/,,https://www.umicore.kr/en/news/mou-with-chungnam-2/ (year only),https://www.umicore.kr/en/our-business/umicore-rbm-korea (year only),https://www.umicore.kr/en/our-business/umicore-rbm-korea,,Operational
Battery,HAR0050,JinYang New Materials,China,Announced,Malaysia,Kuala Lumpur,2025,N/A,Battery,Manufacturing,90,0,0,0,,http://www.wx-jy.com/html/engsjj/,https://longbridge.com/en/news/237363557,https://longbridge.com/en/news/237363557,https://longbridge.com/en/news/237363557,,https://longbridge.com/en/news/237363557,,https://longbridge.com/en/news/237363557,,Announced only
Battery,New_NingboRonbayNewEne_KR3,"Ningbo Ronbay New Energy Technology Co., Ltd.",China,Under Construction,South Korea,Chungju (North Chungcheong),2023,2025,Battery,Manufacturing,88,0,1,0,Tianjin Skyland,https://www.worldconstructionnetwork.com/news/ronbay-two-projects/,https://www.prnewswire.com/news-releases/ronbay-announces-its-global-development-strategy-to-implement-a-project-of-40-000-ton-per-annum-high-nickel-ternary-cathode-and-20-000-ton-per-annum-lithium-ferromanganese-phosphate-in-korea-301905033.html,https://www.yicaiglobal.com/news/chinas-ronbay-to-invest-usd362-million-to-build-two-battery-materials-plants-in-south-korea,https://www.yicaiglobal.com/news/chinas-ronbay-to-invest-usd362-million-to-build-two-battery-materials-plants-in-south-korea,https://www.worldconstructionnetwork.com/news/ronbay-two-projects/,https://www.prnewswire.com/news-releases/ronbay-announces-its-global-development-strategy-to-implement-a-project-of-40-000-ton-per-annum-high-nickel-ternary-cathode-and-20-000-ton-per-annum-lithium-ferromanganese-phosphate-in-korea-301905033.html,https://news.futunn.com/en/flash/18089807/ningbo-ronbay-new-energy-technology-south-korea-js-base-phase?level=1&data_ticket=1781289167713784,https://www.worldconstructionnetwork.com/news/ronbay-two-projects/,https://www.worldconstructionnetwork.com/news/ronbay-two-projects/,Under construction
Battery,HAR0054,Kedali,China,Announced,Malaysia,Kulim (Kedah),2024,N/A,Battery,Manufacturing,85,0,0,0,,https://www.yicaiglobal.com/news/kedali-gains-as-chinese-battery-parts-supplier-unveils-usd85-million-investment-in-malaysian-plant,https://www.yicaiglobal.com/news/kedali-gains-as-chinese-battery-parts-supplier-unveils-usd85-million-investment-in-malaysian-plant,https://theedgemalaysia.com/node/731132,https://www.yicaiglobal.com/news/kedali-gains-as-chinese-battery-parts-supplier-unveils-usd85-million-investment-in-malaysian-plant,,https://www.yicaiglobal.com/news/kedali-gains-as-chinese-battery-parts-supplier-unveils-usd85-million-investment-in-malaysian-plant,,https://theedgemalaysia.com/node/731132,,Announced only
Battery,Battery12.3,Toshiba,Japan,Announced,United States,Houston (Texas),2025,N/A,Battery,Manufacturing,85,0,0,0,,https://asia.nikkei.com/business/energy/toshiba-unit-plans-new-plant-in-texas-to-make-power-storage-systems,https://asia.nikkei.com/business/energy/toshiba-unit-plans-new-plant-in-texas-to-make-power-storage-systems,https://asia.nikkei.com/business/energy/toshiba-unit-plans-new-plant-in-texas-to-make-power-storage-systems,https://asia.nikkei.com/business/energy/toshiba-unit-plans-new-plant-in-texas-to-make-power-storage-systems,,https://asia.nikkei.com/business/energy/toshiba-unit-plans-new-plant-in-texas-to-make-power-storage-systems,,https://asia.nikkei.com/business/energy/toshiba-unit-plans-new-plant-in-texas-to-make-power-storage-systems,,Announced only
Battery,FDI118967,SAFT,France,Completed,India,Bangalore (Karnataka),2013,2013,Battery,Manufacturing,81.6,0,1,1,amalgamations group,https://indiaesa.info/amco-saft,https://indiaesa.info/amco-saft,https://indiaesa.info/amco-saft,Investment value not publicly disclosed,https://indiaesa.info/amco-saft,https://electricalengineeringmagazine.co.uk/new-factory-opens-its-doors-to-indias-growing-battery-market/,"https://electricalengineeringmagazine.co.uk/new-factory-opens-its-doors-to-indias-growing-battery-market/#:~:text=23%20Jan%202013%20%7C%20News,India's%20energy%20and%20power%20sectors.",https://indiaesa.info/amco-saft,https://indiaesa.info/amco-saft,Operational
Battery,FDI244019,StoreDot,Israel,Completed,United States,Los Angeles (California),2021,2023,Battery,Research & Development,80,0,0,0,,https://www.store-dot.com/press/storedot-expands-globally-with-opening-of-california-innovation-hub-to-accelerate-development-of-semi-solid-state-batteries,https://www.prnewswire.com/news-releases/storedots-advanced-technology-campus-is-now-operational-in-irvine-california-302096081.html,https://www.prnewswire.com/news-releases/storedot-expands-globally-with-opening-of-california-innovation-hub-to-accelerate-development-of-semi-solid-state-batteries-301716839.html,https://www.preqin.com/data/profile/asset/storedot-ltd-/143185,,https://www.prnewswire.com/news-releases/storedot-expands-globally-with-opening-of-california-innovation-hub-to-accelerate-development-of-semi-solid-state-batteries-301716839.html,https://www.prnewswire.com/news-releases/storedot-expands-globally-with-opening-of-california-innovation-hub-to-accelerate-development-of-semi-solid-state-batteries-301716839.html,https://www.prnewswire.com/news-releases/storedot-expands-globally-with-opening-of-california-innovation-hub-to-accelerate-development-of-semi-solid-state-batteries-301716839.html,,Operational
Battery,FDI191310,Leclanche,Switzerland,Completed,India,Prantij (Gujarat),2018,2019,Battery,Manufacturing,77.6,0,1,1,Exide Industries,https://www.leclanche.com/nexcharge-is-all-set-to-light-up-delhi-with-indias-first-grid-connected-li-ion-battery-based-community-energy-storage-system-cess/,https://evreporter.com/inside-nexcharges-fully-automated-battery-pack-assembly-plant/,https://evreporter.com/inside-nexcharges-fully-automated-battery-pack-assembly-plant/,https://chargedevs.com/newswire/exide-and-leclanche-launch-jv-to-tackle-indias-growing-battery-market/,https://nexcharge.in/our-company/,fDi Markets (FT),https://evreporter.com/inside-nexcharges-fully-automated-battery-pack-assembly-plant/,https://evreporter.com/inside-nexcharges-fully-automated-battery-pack-assembly-plant/,https://nexcharge.in/our-company/,Operational
Battery,New_Stellantis_US5,Stellantis,Netherlands,Under Construction,United States,Dundee Engine Plant (Michigan),2024,2024,Battery,Manufacturing,73,0,0,0,,https://www.stellantis.com/en/news/press-releases/2024/september/stellantis-invests-more-than-406-million-dollars-in-three-michigan-facilities-to-execute-multi-energy-strategy,https://www.diehlofgrovecity.com/stellantis-invests-in-michigan-for-ev-production/,https://www.diehlofgrovecity.com/stellantis-invests-in-michigan-for-ev-production/,https://www.diehlofgrovecity.com/stellantis-invests-in-michigan-for-ev-production/,https://www.diehlofgrovecity.com/stellantis-invests-in-michigan-for-ev-production/,https://www.stellantis.com/en/news/press-releases/2024/september/stellantis-invests-more-than-406-million-dollars-in-three-michigan-facilities-to-execute-multi-energy-strategy,https://www.diehlofgrovecity.com/stellantis-invests-in-michigan-for-ev-production/,https://www.diehlofgrovecity.com/stellantis-invests-in-michigan-for-ev-production/,,Under construction
Battery,Battery1.12,Samsung,South Korea,Operational,India,Noida (Uttar Pradesh),2018,2018,Battery,Manufacturing,70,0,0,0,,https://www.investmentmonitor.ai/news/samsung-to-invest-in-smart-manufacturing-in-noida-india/,https://www.investmentmonitor.ai/news/samsung-to-invest-in-smart-manufacturing-in-noida-india/,https://us.kompass.com/c/samsung-sdi-india-private-limited/in483481/,https://thelec.net/news/articleView.html?idxno=550,,https://www.investmentmonitor.ai/news/samsung-to-invest-in-smart-manufacturing-in-noida-india/,,https://www.investmentmonitor.ai/news/samsung-to-invest-in-smart-manufacturing-in-noida-india/,,Operational
Battery,New_DongwhaElectrolyte_US1,Dongwha Electrolyte,South Korea,Operational,United States,Clarksville (Tennessee),2023,2025,Battery,Manufacturing,70,0,0,0,,https://www.businesskorea.co.kr/news/articleView.html?idxno=235732,https://koreatimes.co.kr/www/tech/2024/12/419_352497.html,https://clarksvillenow.com/local/dongwha-electrolyte-breaks-ground-on-new-70-million-manufacturing-plant/,https://www.koreatimes.co.kr/business/companies/20230607/dongwha-breaks-ground-for-electrolyte-plant-in-tennessee?utm_source=legacy_url&utm_medium=redirect&utm_campaign=news_manager_id,http://www.dongwhaelectrolyte.com/en/dongwha/history.asp,http://www.dongwhaelectrolyte.com/en/dongwha/history.asp,https://www.businesskorea.co.kr/news/articleView.html?idxno=235732,http://www.dongwhaelectrolyte.com/en/dongwha/history.asp,,Operational
Battery,HAR0083,Zhenyu,China,Announced,Hungary,Debrecen (Hajdú-Bihar),2023,N/A,Battery,Manufacturing,66,0,0,0,,https://www.yicaiglobal.com/news/chinas-zhenyu-to-build-usd66-million-battery-structural-parts-plant-in-hungary,https://www.yicaiglobal.com/news/chinas-zhenyu-to-build-usd66-million-battery-structural-parts-plant-in-hungary,https://www.debrecensun.hu/national/2023/07/31/another-battery-factory-to-be-built-in-debrecen/,https://www.yicaiglobal.com/news/chinas-zhenyu-to-build-usd66-million-battery-structural-parts-plant-in-hungary,,https://www.yicaiglobal.com/news/chinas-zhenyu-to-build-usd66-million-battery-structural-parts-plant-in-hungary,,https://www.yicaiglobal.com/news/chinas-zhenyu-to-build-usd66-million-battery-structural-parts-plant-in-hungary,,Announced only
Battery,FDI197915,Samsung,South Korea,Completed,United States,Auburn Hills (Michigan),2018,2019,Battery,Manufacturing,62,0,0,0,,https://www.areadevelopment.com/newsitems/11-29-2018/samsung-sdi-manufacturing-auburn-hills-michigan.shtml,https://www.areadevelopment.com/newsitems/11-29-2018/samsung-sdi-manufacturing-auburn-hills-michigan.shtml,https://www.areadevelopment.com/newsitems/11-29-2018/samsung-sdi-manufacturing-auburn-hills-michigan.shtml,https://www.crainsdetroit.com/real-estate/samsung-signs-lease-627-million-battery-plant-hq-auburn-hills,,https://www.areadevelopment.com/newsitems/11-29-2018/samsung-sdi-manufacturing-auburn-hills-michigan.shtml,https://www.areadevelopment.com/newsitems/11-29-2018/samsung-sdi-manufacturing-auburn-hills-michigan.shtml,https://www.areadevelopment.com/newsitems/11-29-2018/samsung-sdi-manufacturing-auburn-hills-michigan.shtml,,Operational
Battery,New_Enchem_FR1,Enchem,South Korea,Operational,France,Dunkirk (Hauts-de-France),2025,2026,Battery,Manufacturing,62,0,0,0,,https://www.asiae.co.kr/en/article/2026042709573375767,https://www.nordfranceinvest.com/success-story/enchem-sets-up-electrolyte-plant-in-hauts-de-france/,https://www.nordfranceinvest.com/news/enchem-to-open-a-site-in-hauts-de-france/,https://www.nordfranceinvest.com/success-story/enchem-sets-up-electrolyte-plant-in-hauts-de-france/,https://www.theworldfolio.com/interviews/enchem-the-winning-plan-to-dominate-the-battery-electrolyte-market/6407/,https://www.thelec.kr/news/articleView.html?idxno=35820,https://www.thelec.kr/news/articleView.html?idxno=35820,https://www.nordfranceinvest.com/success-story/enchem-sets-up-electrolyte-plant-in-hauts-de-france/,,Operational
Battery,HAR0058,Oli Power,China,Completed,Philippines,New Clark City (Tarlac),2023,2024,Battery,Manufacturing,61,0,1,1,StB Capital Partners,https://boi.gov.ph/from-pledge-to-reality-in-record-time-first-lithium-iron-phosphate-lfp-battery-plant-opens-in-tarlac-ushering-in-a-new-era-for-ph-clean-energy/,https://boi.gov.ph/from-pledge-to-reality-in-record-time-first-lithium-iron-phosphate-lfp-battery-plant-opens-in-tarlac-ushering-in-a-new-era-for-ph-clean-energy/,https://stbgiga.com/about-us,"https://reneweconomy.com.au/st-baker-battery-giga-factory-starts-commercial-production-in-the-philippines/#:~:text=Construction%20of%20the%20lithium%20iron%20phosphate%20(LFP),strategic%20investment%20from%20StB%20Capital%20Partners%20and",https://stbgiga.com/about-us,https://boi.gov.ph/from-pledge-to-reality-in-record-time-first-lithium-iron-phosphate-lfp-battery-plant-opens-in-tarlac-ushering-in-a-new-era-for-ph-clean-energy/,https://boi.gov.ph/from-pledge-to-reality-in-record-time-first-lithium-iron-phosphate-lfp-battery-plant-opens-in-tarlac-ushering-in-a-new-era-for-ph-clean-energy/,https://boi.gov.ph/from-pledge-to-reality-in-record-time-first-lithium-iron-phosphate-lfp-battery-plant-opens-in-tarlac-ushering-in-a-new-era-for-ph-clean-energy/,https://stbgiga.com/about-us,Operational
Battery,HAR0052,Kedali,China,Completed,Sweden,Skellefteå (Västerbotten),2020,2020,Battery,Manufacturing,60,0,0,0,,https://www.business-sweden.com/insights/articles/swedens-battery-industry-grows-kedali-sets-up-production-at-northvolt-gigafactory/,https://www.business-sweden.com/insights/articles/swedens-battery-industry-grows-kedali-sets-up-production-at-northvolt-gigafactory/,https://www.business-sweden.com/insights/articles/swedens-battery-industry-grows-kedali-sets-up-production-at-northvolt-gigafactory/,Investment value not publicly disclosed,,https://www.yicaiglobal.com/news/china-kedali-sweden-northvolt-strike-lithium-ion-battery-pack-supply-deal,https://www.business-sweden.com/insights/articles/swedens-battery-industry-grows-kedali-sets-up-production-at-northvolt-gigafactory/,https://www.business-sweden.com/insights/articles/swedens-battery-industry-grows-kedali-sets-up-production-at-northvolt-gigafactory/,,Operational
Battery,New_Enchem_PL1,Enchem,South Korea,Operational,Poland,Wroclaw (Lower Silesia),2022,N/A,Battery,Manufacturing,60,0,0,0,,https://www.asiae.co.kr/en/article/2026042709573375767,https://www.theworldfolio.com/interviews/enchem-the-winning-plan-to-dominate-the-battery-electrolyte-market/6407/,https://www.theworldfolio.com/interviews/enchem-the-winning-plan-to-dominate-the-battery-electrolyte-market/6407/,https://www.theguru.co.kr/news/article.html?no=30505,https://www.theguru.co.kr/news/article.html?no=30505,https://www.theguru.co.kr/news/article.html?no=30505,,https://www.theworldfolio.com/interviews/enchem-the-winning-plan-to-dominate-the-battery-electrolyte-market/6407/,,Operational
Battery,Battery 17.1,24M,United States,Completed,Thailand,Rayong,2024,2024,Battery,Manufacturing,51,0,0,0,,https://www.businesswire.com/news/home/20240905477006/en/24M-Announces-New-RD-and-Manufacturing-Facility-in-Rayong-Thailand,https://www.businesswire.com/news/home/20240905477006/en/24M-Announces-New-RD-and-Manufacturing-Facility-in-Rayong-Thailand,https://www.businesswire.com/news/home/20240905477006/en/24M-Announces-New-RD-and-Manufacturing-Facility-in-Rayong-Thailand,https://www.businesswire.com/news/home/20240905477006/en/24M-Announces-New-RD-and-Manufacturing-Facility-in-Rayong-Thailand,,https://www.businesswire.com/news/home/20240905477006/en/24M-Announces-New-RD-and-Manufacturing-Facility-in-Rayong-Thailand,https://www.businesswire.com/news/home/20240905477006/en/24M-Announces-New-RD-and-Manufacturing-Facility-in-Rayong-Thailand,https://www.electrive.com/2024/09/07/battery-cell-developer-24m-opens-pilot-plant-in-thailand/,,Operational
Battery,FDI85935,BASF,Germany,Completed,United States,Elyria (Ohio),2010,2012,Battery,Manufacturing,50,0,0,0,,https://www.prnewswire.com/news-releases/basf-breaks-ground-for-north-americas-most-advanced-production-facility-for-lithium-ion-battery-materials-105875193.html,https://www.energy.gov/eere/success-stories/articles/eere-success-story-basf-catalysts-opens-cathode-production-facility,https://www.greencarcongress.com/2010/10/basf-breaks-ground-on-north-american-li-ion-cathode-plant.html,https://www.greencarcongress.com/2010/10/basf-breaks-ground-on-north-american-li-ion-cathode-plant.html,,https://www.prnewswire.com/news-releases/basf-breaks-ground-for-north-americas-most-advanced-production-facility-for-lithium-ion-battery-materials-105875193.html,https://www.energy.gov/eere/success-stories/articles/eere-success-story-basf-catalysts-opens-cathode-production-facility,https://www.greencarcongress.com/2010/10/basf-breaks-ground-on-north-american-li-ion-cathode-plant.html,,Operational
Battery,HAR0053,Kedali,China,Completed,Hungary,Gödöllő (Pest),2021,2021,Battery,Manufacturing,48,0,0,0,,https://hipa.hu/news/battery-parts-factory-to-be-built-in-godollo-hungary/,https://kedali.eu/en/elementor-824/,https://hipa.hu/news/battery-parts-factory-to-be-built-in-godollo-hungary/,https://dailynewshungary.com/shenzhen-kedali-to-build-eur-39-4m-lithium-battery-parts-plant-in-hungary/,,https://hipa.hu/news/battery-parts-factory-to-be-built-in-godollo-hungary/,https://kedali.eu/en/elementor-824/,https://kedali.eu/en/elementor-824/,,Operational
Battery,FDI96178,Johnson Controls,United States,Completed,Spain,Guardamar del Segura (Valencia),2011,2013,Battery,Manufacturing,47,0,0,0,,https://www.posventa.info/texto-diario/mostrar/3031751/johnson-controls-celebra-40-anos-de-produccion-de-baterias-en-su-fabrica-de-guardamar-espana,https://www.posventa.info/texto-diario/mostrar/3031751/johnson-controls-celebra-40-anos-de-produccion-de-baterias-en-su-fabrica-de-guardamar-espana,https://www.posventa.info/texto-diario/mostrar/3031751/johnson-controls-celebra-40-anos-de-produccion-de-baterias-en-su-fabrica-de-guardamar-espana,https://autosphere.ca/mechanical/2024/10/24/clarios-invests-approximately-eur-200-million-in-the-production-of-advanced-battery-technologies-in-europe/,,https://autosphere.ca/mechanical/2024/10/24/clarios-invests-approximately-eur-200-million-in-the-production-of-advanced-battery-technologies-in-europe/,https://www.mynewsdesk.com/no/clarios/pressreleases/johnson-controls-plant-in-zwickau-now-the-largest-production-site-for-start-stop-batteries-927098,https://www.posventa.info/texto-diario/mostrar/3031751/johnson-controls-celebra-40-anos-de-produccion-de-baterias-en-su-fabrica-de-guardamar-espana,,Operational
Battery,New_DSActimo_CA1,DS Actimo,South Korea,Announced,Canada,Windsor (Ontario),2024,N/A,Battery,Manufacturing,46,0,0,0,,https://www.cbc.ca/news/canada/windsor/windsor-economic-development-fedeli-ev-1.7171140,https://www.cbc.ca/news/canada/windsor/windsor-economic-development-fedeli-ev-1.7171140,https://www.cbc.ca/news/canada/windsor/windsor-economic-development-fedeli-ev-1.7171140,https://www.cbc.ca/news/canada/windsor/windsor-economic-development-fedeli-ev-1.7171140,https://www.cbc.ca/news/canada/windsor/windsor-economic-development-fedeli-ev-1.7171140,https://www.cbc.ca/news/canada/windsor/windsor-economic-development-fedeli-ev-1.7171140,,https://www.cbc.ca/news/canada/windsor/windsor-economic-development-fedeli-ev-1.7171140,,Announced only
Battery,FDI57042,Umicore,Belgium,Completed,South Korea,Cheonan (South Chungcheong),2008,2008,Battery,Manufacturing,45,0,0,0,,https://www.umicore.kr/en/our-business/umicore-rbm-korea,https://www.umicore.kr/en/our-business/umicore-rbm-korea,https://www.umicore.kr/en/our-business/umicore-rbm-korea,https://eepower.com/news/umicore-invests-in-production-capacity-expansions-for-germanium-substrates-rechargeable-battery-materials/#,,https://www.umicore.kr/en/our-business/umicore-rbm-korea (year only),https://www.umicore.kr/en/our-business/umicore-rbm-korea (year only),https://www.umicore.kr/en/our-business/umicore-rbm-korea,,Operational
Battery,FDI174069,LG,South Korea,Completed,United States,Holland (Michigan),2017,2017,Battery,Manufacturing,41.3,1,0,0,,https://www.michiganbusiness.org/news/2022/03/lg-energy-solution-and-michigan-leading-the-battery-evolution/,https://www.michiganbusiness.org/news/2022/03/lg-energy-solution-and-michigan-leading-the-battery-evolution/,https://www.michiganbusiness.org/news/2022/03/lg-energy-solution-and-michigan-leading-the-battery-evolution/,Investment value not publicly disclosed,,[UNVERIFIED] https://www.wzzm13.com/article/news/local/holland-zeeland/lg-chem-to-build-100000-square-foot-addition-at-holland-facility/69-408581614 (year only),,https://www.michiganbusiness.org/news/2022/03/lg-energy-solution-and-michigan-leading-the-battery-evolution/,,Operational
Battery,Battery1.3,Samsung,South Korea,Announced,United States,Auburn Hills (Michigan),2023,N/A,Battery,Manufacturing,41,1,1,0,Stellantis,https://www.areadevelopment.com/newsitems/9-29-2023/samsung-sdi-america-auburn-hills-michigan.shtml,https://www.areadevelopment.com/newsitems/9-29-2023/samsung-sdi-america-auburn-hills-michigan.shtml,https://www.areadevelopment.com/newsitems/9-29-2023/samsung-sdi-america-auburn-hills-michigan.shtml,https://www.detroitnews.com/story/business/2023/09/26/medc-oks-5m-grant-for-samsung-expansion-368-new-jobs-in-auburn-hills/70971115007/,,https://www.areadevelopment.com/newsitems/9-29-2023/samsung-sdi-america-auburn-hills-michigan.shtml (year only),,https://www.areadevelopment.com/newsitems/9-29-2023/samsung-sdi-america-auburn-hills-michigan.shtml,https://www.areadevelopment.com/newsitems/9-29-2023/samsung-sdi-america-auburn-hills-michigan.shtml,Announced only
Battery,New_DongwhaElectrolyte_HU1,Dongwha Electrolyte,South Korea,Operational,Hungary,Budapest,2020,2022,Battery,Manufacturing,40,0,0,0,,https://www.dongwhaelectrolyte.com/en/dongwha/map.asp,https://www.bestmag.co.uk/korean-firm-starts-production-of-lithium-ion-battery-electrolytes-at-europe-plant/,https://m.koreatimes.co.kr/pages/article.asp?newsIdx=326934,https://www.koreatimes.co.kr/business/companies/20220407/dongwha-electrolyte-completes-construction-of-hungary-plant?utm_source=legacy_url&utm_medium=redirect&utm_campaign=news_manager_id,https://www.dongwhaelectrolyte.com/en/dongwha/map.asp,"https://data.eastmoney.com/notices/detail/601689/AN202012011434895314,JUU2JThCJTkzJUU2JTk5JUFFJUU5JTlCJTg2JUU1JTlCJUEy.html",https://www.koreatimes.co.kr/business/companies/20220407/dongwha-electrolyte-completes-construction-of-hungary-plant?utm_source=legacy_url&utm_medium=redirect&utm_campaign=news_manager_id,https://www.koreatimes.co.kr/business/companies/20220407/dongwha-electrolyte-completes-construction-of-hungary-plant?utm_source=legacy_url&utm_medium=redirect&utm_campaign=news_manager_id,,Operational
Battery,FDI111328,Umicore,Belgium,Completed,South Korea,Cheonan (South Chungcheong),2011,2012,Battery,Manufacturing,35.3,1,0,0,,https://www.globenewswire.com/news-release/2012/07/09/1595584/0/en/Umicore-to-build-precursor-plant-for-lithium-ion-batteries-in-South-Korea.html,https://www.globenewswire.com/news-release/2012/07/09/1595584/0/en/Umicore-to-build-precursor-plant-for-lithium-ion-batteries-in-South-Korea.html,https://www.globenewswire.com/news-release/2012/07/09/1595584/0/en/Umicore-to-build-precursor-plant-for-lithium-ion-batteries-in-South-Korea.html,,,https://www.greencarcongress.com/2010/03/umicore-20100331.html (year only),https://www.globenewswire.com/news-release/2012/07/09/1595584/0/en/Umicore-to-build-precursor-plant-for-lithium-ion-batteries-in-South-Korea.html (year only),https://www.globenewswire.com/news-release/2012/07/09/1595584/0/en/Umicore-to-build-precursor-plant-for-lithium-ion-batteries-in-South-Korea.html,,Operational
Battery,FDI161666,Wanxiang,China,Completed,Czech Republic,Ostrava (Moravian-Silesian),2016,2017,Battery,Manufacturing,34.3,0,0,0,,https://www.businesswire.com/news/home/20160321005149/en/A123-Systems-Announces-New-Manufacturing-Facility-in-the-Czech-Republic,https://www.globenewswire.com/news-release/2017/03/02/930442/0/en/A123-Systems-Celebrates-Opening-of-Czech-Plant.html,https://www.businesswire.com/news/home/20160321005149/en/A123-Systems-Announces-New-Manufacturing-Facility-in-the-Czech-Republic,Investment value not publicly disclosed,,https://www.businesswire.com/news/home/20160321005149/en/A123-Systems-Announces-New-Manufacturing-Facility-in-the-Czech-Republic (year only),https://www.globenewswire.com/news-release/2017/03/02/930442/0/en/A123-Systems-Celebrates-Opening-of-Czech-Plant.html (year only),https://www.businesswire.com/news/home/20160321005149/en/A123-Systems-Announces-New-Manufacturing-Facility-in-the-Czech-Republic,,Operational
Battery,FDI183061,GS Yuasa,Japan,Completed,Hungary,Miskolc (Borsod-Abaúj-Zemplén),2018,2019,Battery,Manufacturing,33.04,0,0,0,,https://www.yuasa.de/en/2018/01/establishment-of-new-lithium-ion-battery-plant-in-hungary/,https://www.yuasa.co.uk/2019/10/automotive-lithium-ion-starter-battery-production-begins-at-gs-yuasa-plant-in-hungary/,https://hipa.hu/news/the-inauguration-of-the-gs-yuasa-plant-in-miskolc-is-a-milestone-in-hungarian-electromobility/,"https://www.intellinews.com/gs-yuasa-inaugurates-ev-battery-plant-in-hungary-168960/#:~:text=It%20chose%20the%20northeastern%20industrial,Promotion%20Agency%20(HIPA)%20said.",,https://www.yuasa.de/en/2018/01/establishment-of-new-lithium-ion-battery-plant-in-hungary/ (year only),https://www.yuasa.co.uk/2019/10/automotive-lithium-ion-starter-battery-production-begins-at-gs-yuasa-plant-in-hungary/ (year only),https://www.gs-yuasa.com/en/newsrelease/article.php?ucode=gs190914531527_711,,Operational
Battery,HAR0076,Svolt,China,Completed,Thailand,Sriracha (Chonburi),2023,2023,Battery,Manufacturing,30,0,0,0,,https://cnevpost.com/2023/07/06/svolt-begins-construction-battery-facility-thailand/,https://www.chinadaily.com.cn/a/202402/29/WS65e0162ba31082fc043b9c7f.html,https://cnevpost.com/2023/07/06/svolt-begins-construction-battery-facility-thailand/,"https://www.just-auto.com/news/svolt-building-ev-battery-plant-in-thailand/#:~:text=Svolt%2C%20through%20its%20local%20subsidiary,assembly%20line%20for%20battery%20modules.",https://www.banpunext.co.th/banpu-next-acquires-shares-of-svolt-thailand-to-enhance-battery-business-embracing-ev-trend-while-driving-net-zero-ambition/,https://cnevpost.com/2023/07/06/svolt-begins-construction-battery-facility-thailand/ (year only),https://www.chinadaily.com.cn/a/202402/29/WS65e0162ba31082fc043b9c7f.html (year only),https://cnevpost.com/2023/07/06/svolt-begins-construction-battery-facility-thailand/,,Operational
Battery,HAR0075,Suzhou West Deane New Power Electric,China,Announced,Thailand,Rayong,2025,N/A,Battery,Manufacturing,29,0,0,0,,http://static.cninfo.com.cn/finalpage/2025-09-12/1224652303.PDF,http://static.cninfo.com.cn/finalpage/2025-09-12/1224652303.PDF,[UNVERIFIED] http://static.cninfo.com.cn/finalpage/2025-09-12/1224652303.PDF,https://news.91jinshu.com/lidian/202506/75678.html,,https://finance.sina.com.cn/roll/2025-06-26/doc-infckanq7267934.shtml (year only),,http://static.cninfo.com.cn/finalpage/2025-09-12/1224652303.PDF,,Announced only
Battery,FDI192874,Volkswagen,Germany,Completed,Czech Republic,Mlada Boleslav (Central Bohemia),2018,2019,Battery,Manufacturing,28,0,0,0,,https://cross.skoda-auto.com/sdrive/sync.html?v=2#s_aid=_004_0&s_or=https%3A%2F%2Fwww.google.com%2F&s_ref=https%3A%2F%2Fwww.skoda-storyboard.com%2Fen%2Fpress-releases%2Fskoda-auto-begins-manufacturing-components-for-electric-volkswagen-group-vehicles%2F,https://insideevs.com/news/420277/skoda-restarted-production-high-voltage-traction-batteries/,https://insideevs.com/news/420277/skoda-restarted-production-high-voltage-traction-batteries/,https://cross.skoda-auto.com/sdrive/sync.html?v=2#s_aid=_004_0&s_or=https%3A%2F%2Fwww.google.com%2F&s_ref=https%3A%2F%2Fwww.skoda-storyboard.com%2Fen%2Fpress-releases%2Fskoda-auto-begins-manufacturing-components-for-electric-volkswagen-group-vehicles%2F,,fDi Markets (FT),https://insideevs.com/news/420277/skoda-restarted-production-high-voltage-traction-batteries/,https://insideevs.com/news/420277/skoda-restarted-production-high-voltage-traction-batteries/,,Operational
Battery,FDI120198,BASF,Germany,Completed,Japan,Amagasaki (Hyogo),2013,2014,Battery,"Design, Development & Testing",25,0,0,0,,https://www.coatingsworld.com/breaking-news/basf-inaugurates-battery-materials-rd-and-application-center-in-amagasaki-japan/,https://www.coatingsworld.com/breaking-news/basf-inaugurates-battery-materials-rd-and-application-center-in-amagasaki-japan/,https://www.coatingsworld.com/breaking-news/basf-inaugurates-battery-materials-rd-and-application-center-in-amagasaki-japan/,https://www.business-standard.com/content/b2b-chemicals/basf-inaugurates-r-d-centre-for-battery-materials-in-japan-114020501102_1.html,,https://www.advancedsciencenews.com/basf-inaugurate-battery-research-centre-in-japan/,https://www.coatingsworld.com/breaking-news/basf-inaugurates-battery-materials-rd-and-application-center-in-amagasaki-japan/,https://www.advancedsciencenews.com/basf-inaugurate-battery-research-centre-in-japan/,,Operational
Battery,FDI129568,BASF,Germany,Completed,United States,Beachwood (Ohio),2013,2014,Battery,"Design, Development & Testing",25,0,0,0,,https://www.basf.com/us/en/media/news-releases/2013/10/p-13-423,https://www.basf.com/us/en/media/news-releases/2013/10/p-13-423,https://www.basf.com/us/en/media/news-releases/2013/10/p-13-423,https://www.basf.com/us/en/media/news-releases/2013/10/p-13-423,,https://www.basf.com/us/en/media/news-releases/2013/10/p-13-423 (year only),https://www.reliableplant.com/Read/27186/BASF-lithium-ion-battery (year only),https://www.basf.com/us/en/media/news-releases/2013/10/p-13-423,,Operational
Battery,FDI252372,BorgWarner,United States,Completed,Brazil,Piracicaba (São Paulo),2022,2023,Battery,Manufacturing,24.3,0,0,0,,https://www.borgwarner.com/newsroom/press-releases/2022/11/25/borgwarner-announces-battery-systems-factory-in-brazil,https://www.electrive.com/2022/11/30/borgwarner-to-assemble-akasol-battery-systems-in-brazil/,https://www.borgwarner.com/newsroom/press-releases/2022/11/25/borgwarner-announces-battery-systems-factory-in-brazil,Investment value not publicly disclosed,,https://www.borgwarner.com/newsroom/press-releases/2022/11/25/borgwarner-announces-battery-systems-factory-in-brazil (year only),https://www.electrive.com/2022/11/30/borgwarner-to-assemble-akasol-battery-systems-in-brazil/ (year only),https://www.borgwarner.com/newsroom/press-releases/2022/11/25/borgwarner-announces-battery-systems-factory-in-brazil,,Operational
Battery,FDI217481,Volkswagen,Germany,Completed,United States,Knoxville (Tennessee),2020,2022,Battery,Research & Development,22,0,0,0,,https://news.utk.edu/2020/01/17/volkswagen-ut-and-ornl-announce-partnership-innovation-hub/,https://news.utk.edu/2020/01/17/volkswagen-ut-and-ornl-announce-partnership-innovation-hub/,https://www.tnresearchpark.org/volkswagen-innovation-hub-announcement/,https://media.vw.com/releases/1687,,https://news.utk.edu/2020/01/17/volkswagen-ut-and-ornl-announce-partnership-innovation-hub/ (year only),,https://www.ornl.gov/organization-news/volkswagen-launches-new-research-collaboration-oak-ridge-national-laboratory,,Operational
Battery,New_DongwhaElectrolyte_CN1,Dongwha Electrolyte,South Korea,Operational,China,Tianjin,N/A,2019,Battery,Manufacturing,21.7,0,0,0,,https://www.scmp.com/country-reports/country-reports/topics/south-korea-business-report-2021/article/3128603/rd-and-new,http://www.dongwhaelectrolyte.com/en/dongwha/map.asp,http://www.dongwhaelectrolyte.com/en/dongwha/map.asp,https://www.scmp.com/country-reports/country-reports/topics/south-korea-business-report-2021/article/3128603/rd-and-new,http://www.dongwhaelectrolyte.com/en/dongwha/map.asp,,http://www.dongwhaelectrolyte.com/en/dongwha/map.asp (year only),http://www.dongwhaelectrolyte.com/en/dongwha/map.asp,,Operational
Battery,FDI113102,Leclanche,Switzerland,Completed,Germany,Willstätt (Baden-Württemberg),2012,2014,Battery,Manufacturing,21.62,0,1,0,CINEA,https://www.leclanche.com/,https://www.energy-storage.news/leclanche-lands-fresh-funding-in-bid-to-treble-cell-manufacturing-capacity/,https://www.leclanche.com/,https://battery-tech.net/battery-markets-news/leclanche-wins-e74m-eu-grant-for-green-battery-production/,,https://www.energy-storage.news/leclanche-lands-fresh-funding-in-bid-to-treble-cell-manufacturing-capacity/ (year only),https://www.energy-storage.news/leclanche-lands-fresh-funding-in-bid-to-treble-cell-manufacturing-capacity/ (year only),https://www.leclanche.com/,https://www.leclanche.com/,Operational
Battery,Battery 8.2,Camel,China,Completed,United States,Ann Arbor (Michigan),2022,2023,Battery,Manufacturing,20,0,0,0,,https://www.camelbatt.com/news/details/58.html,https://www.batteriesinternational.com/2023/07/27/camel-launches-pilot-production-at-michigan-plant/,https://www.camelbatt.com/news/details/58.html,https://www.camelbatt.com/news/details/58.html,,https://www.camelbatt.com/news/details/58.html (year only),https://www.batteriesinternational.com/2023/07/27/camel-launches-pilot-production-at-michigan-plant/ (year only),https://www.camelbatt.com/news/details/58.html,,Operational
Battery,FDI76190,A123Systems,United States,Completed,China,Shanghai,2009,2009,Battery,Manufacturing,20,0,1,1,Shanghai Automotive Industry Corporation (SAIC),https://www.globenewswire.com/en/news-release/2009/12/17/411033/11860/en/A123-Systems-and-SAIC-Motor-Form-Joint-Venture-to-Tap-Growing-Chinese-Market-for-Hybrid-Electric-and-Pure-Electric-Vehicles.html,https://www.globenewswire.com/en/news-release/2009/12/17/411033/11860/en/A123-Systems-and-SAIC-Motor-Form-Joint-Venture-to-Tap-Growing-Chinese-Market-for-Hybrid-Electric-and-Pure-Electric-Vehicles.html,https://www.globenewswire.com/en/news-release/2009/12/17/411033/11860/en/A123-Systems-and-SAIC-Motor-Form-Joint-Venture-to-Tap-Growing-Chinese-Market-for-Hybrid-Electric-and-Pure-Electric-Vehicles.html,Investment value not publicly disclosed,https://www.globenewswire.com/en/news-release/2009/12/17/411033/11860/en/A123-Systems-and-SAIC-Motor-Form-Joint-Venture-to-Tap-Growing-Chinese-Market-for-Hybrid-Electric-and-Pure-Electric-Vehicles.html,https://www.globenewswire.com/en/news-release/2009/12/17/411033/11860/en/A123-Systems-and-SAIC-Motor-Form-Joint-Venture-to-Tap-Growing-Chinese-Market-for-Hybrid-Electric-and-Pure-Electric-Vehicles.html (year only),https://www.globenewswire.com/news-release/2009/12/17/411033/11860/en/A123-Systems-and-SAIC-Motor-Form-Joint-Venture-to-Tap-Growing-Chinese-Market-for-Hybrid-Electric-and-Pure-Electric-Vehicles.html,https://www.globenewswire.com/en/news-release/2009/12/17/411033/11860/en/A123-Systems-and-SAIC-Motor-Form-Joint-Venture-to-Tap-Growing-Chinese-Market-for-Hybrid-Electric-and-Pure-Electric-Vehicles.html,https://www.globenewswire.com/en/news-release/2009/12/17/411033/11860/en/A123-Systems-and-SAIC-Motor-Form-Joint-Venture-to-Tap-Growing-Chinese-Market-for-Hybrid-Electric-and-Pure-Electric-Vehicles.html,Operational
Battery,Battery 14.1,Bollore Group,France,Completed,Canada,Boucherville (Quebec),2018,2018,Battery,Manufacturing,18.1,0,0,0,,,,,,,,,,,Operational
Battery,New_KautexTextron_CA1,Kautex Textron,Germany,Announced,Canada,Windsor (Ontario),2024,N/A,Battery,Manufacturing,18,0,0,0,,https://news.ontario.ca/en/release/1004431/ontario-welcomes-125-million-manufacturing-boost-in-southwestern-ontario,https://news.ontario.ca/en/release/1004431/ontario-welcomes-125-million-manufacturing-boost-in-southwestern-ontario,https://news.ontario.ca/en/release/1004431/ontario-welcomes-125-million-manufacturing-boost-in-southwestern-ontario,https://news.ontario.ca/en/release/1004431/ontario-welcomes-125-million-manufacturing-boost-in-southwestern-ontario,https://news.ontario.ca/en/release/1004431/ontario-welcomes-125-million-manufacturing-boost-in-southwestern-ontario,https://news.ontario.ca/en/release/1004431/ontario-welcomes-125-million-manufacturing-boost-in-southwestern-ontario,https://www.electrive.com/2025/06/26/cobco-starts-ev-battery-material-production-in-morocco/,https://news.ontario.ca/en/release/1004431/ontario-welcomes-125-million-manufacturing-boost-in-southwestern-ontario,,Announced only
Battery,FDI248936,QuantumScape,United States,Completed,Japan,Kyoto,2022,2022,Battery,Research & Development,15.9,0,0,0,,https://ir.quantumscape.com/resources/press-releases/news-details/2022/QuantumScape-Expands-to-Asia-Pacific-Region-With-New-RD-Center-in-Japan/default.aspx,https://ir.quantumscape.com/resources/press-releases/news-details/2022/QuantumScape-Expands-to-Asia-Pacific-Region-With-New-RD-Center-in-Japan/default.aspx,https://ir.quantumscape.com/resources/press-releases/news-details/2022/QuantumScape-Expands-to-Asia-Pacific-Region-With-New-RD-Center-in-Japan/default.aspx,Investment value not publicly disclosed,,https://ir.quantumscape.com/resources/press-releases/news-details/2022/QuantumScape-Expands-to-Asia-Pacific-Region-With-New-RD-Center-in-Japan/default.aspx,https://ir.quantumscape.com/resources/press-releases/news-details/2022/QuantumScape-Expands-to-Asia-Pacific-Region-With-New-RD-Center-in-Japan/default.aspx,https://ir.quantumscape.com/resources/press-releases/news-details/2022/QuantumScape-Expands-to-Asia-Pacific-Region-With-New-RD-Center-in-Japan/default.aspx,,Operational
Battery,HAR0065,SAIC,China,Completed,Thailand,Rayong,2023,2023,Battery,Manufacturing,14,0,1,1,Charoen Pokphand,https://www.saicmotor.com/english/index.shtml,https://english.news.cn/20231031/9b9d13162b9d4afa87624cb8bf864c4a/c.html,https://english.news.cn/20231031/9b9d13162b9d4afa87624cb8bf864c4a/c.html,https://technode.com/2023/11/02/saic-starts-operations-at-new-14-million-battery-plant-in-thailand-report/,https://english.news.cn/20231031/9b9d13162b9d4afa87624cb8bf864c4a/c.html,https://technode.com/2023/11/02/saic-starts-operations-at-new-14-million-battery-plant-in-thailand-report/,https://technode.com/2023/11/02/saic-starts-operations-at-new-14-million-battery-plant-in-thailand-report/,https://technode.com/2023/11/02/saic-starts-operations-at-new-14-million-battery-plant-in-thailand-report/,https://english.news.cn/20231031/9b9d13162b9d4afa87624cb8bf864c4a/c.html,Operational
Battery,FDI190500,Toshiba,Japan,Completed,India,Hansalpur (Gujarat),2017,2025,Battery,Manufacturing,12,0,1,0,"Denso, Suzuki",https://economictimes.indiatimes.com/articleshow/60515331.cms?utm_source=contentofinterest&utm_medium=text&utm_campaign=cppst,https://www.electrive.com/2020/01/02/suzuki-toshiba-denso-to-build-battery-factory-in-india/,https://www.electrive.com/2020/01/02/suzuki-toshiba-denso-to-build-battery-factory-in-india/,Investment value not publicly disclosed,https://www.electrive.com/2020/01/02/suzuki-toshiba-denso-to-build-battery-factory-in-india/,fDi Markets (FT),fDi Markets (FT),https://www.electrive.com/2020/01/02/suzuki-toshiba-denso-to-build-battery-factory-in-india/,https://www.electrive.com/2020/01/02/suzuki-toshiba-denso-to-build-battery-factory-in-india/,Operational
Battery,HAR0070,SHOTO,China,Announced,Malaysia,Kuala Lumpur,2024,N/A,Battery,Manufacturing,10,0,0,0,,https://www.shuangdeng.com.cn/view-429-2107.html,https://mp.weixin.qq.com/s/wN6kJVQIsA5I4nU2z9FWEQ,https://mp.weixin.qq.com/s/fbtAuIAqOe6cE1cEtkjZ6g,https://mp.weixin.qq.com/s/fbtAuIAqOe6cE1cEtkjZ6g,,https://mp.weixin.qq.com/s/fbtAuIAqOe6cE1cEtkjZ6g,https://mp.weixin.qq.com/s/fbtAuIAqOe6cE1cEtkjZ6g,https://mp.weixin.qq.com/s/fbtAuIAqOe6cE1cEtkjZ6g,,Announced only
Battery,FDI235976,Panasonic (Matsushita),Japan,Completed,Costa Rica,Alajuela,2021,2023,Battery,Manufacturing,10,0,0,0,,fDi Markets (FT),https://ticotimes.net/2021/03/03/panasonic-to-expand-costa-rica-based-operations-2,https://ticotimes.net/2021/03/03/panasonic-to-expand-costa-rica-based-operations-2,https://www.elfinancierocr.com/negocios/panasonic-invertira-10-millones-en-la-ampliacion/XF6EQW7A5NE7RFVSEIL5MXUOOM/story/,,https://ticotimes.net/2021/03/03/panasonic-to-expand-costa-rica-based-operations-2,https://ticotimes.net/2021/03/03/panasonic-to-expand-costa-rica-based-operations-2,https://ticotimes.net/2021/03/03/panasonic-to-expand-costa-rica-based-operations-2,,Operational
Battery,HAR0034,Gotion,China,Completed,Thailand,Rayong,2022,2022,Battery,Manufacturing,8.4,0,1,1,PTT Group Nuovo Plus,https://en.gotion.com.cn/news/company-news-270.html,https://cnevpost.com/2023/12/07/gotion-thailand-jv-1st-battery-pack-roll-off-line/,https://www.prnewswire.com/in/news-releases/establishment-of-thailands-nv-gotion-as-gotion-plans-to-build-battery-export-base-in-asean-countries-301704159.html,https://en.gotion.com.cn/news/company-news-270.html,https://www.prnewswire.com/in/news-releases/establishment-of-thailands-nv-gotion-as-gotion-plans-to-build-battery-export-base-in-asean-countries-301704159.html,https://www.prnewswire.com/in/news-releases/establishment-of-thailands-nv-gotion-as-gotion-plans-to-build-battery-export-base-in-asean-countries-301704159.html,https://cnevpost.com/2023/12/07/gotion-thailand-jv-1st-battery-pack-roll-off-line/,https://cnevpost.com/2023/12/07/gotion-thailand-jv-1st-battery-pack-roll-off-line/,https://www.prnewswire.com/in/news-releases/establishment-of-thailands-nv-gotion-as-gotion-plans-to-build-battery-export-base-in-asean-countries-301704159.html,Operational
Battery,HAR0067,SAIC,China,Completed,Indonesia,Jakarta,2024,2024,Battery,Manufacturing,6,0,1,1,Kentjana (local); CATL,"https://www.saicmotor.com/english/index.shtml, https://www.catl.com/en/",https://oto.detik.com/berita/d-7623723/pabrik-battery-pack-uabs-resmi-beroperasi-di-ri-kolaborasi-saic-catl-kentjana-group,https://oto.detik.com/berita/d-7623723/pabrik-battery-pack-uabs-resmi-beroperasi-di-ri-kolaborasi-saic-catl-kentjana-group,https://oto.detik.com/berita/d-7623723/pabrik-battery-pack-uabs-resmi-beroperasi-di-ri-kolaborasi-saic-catl-kentjana-group,https://oto.detik.com/berita/d-7623723/pabrik-battery-pack-uabs-resmi-beroperasi-di-ri-kolaborasi-saic-catl-kentjana-group,https://mp.weixin.qq.com/s/pPr7shW4XPPKekK1_pDeUQ,https://oto.detik.com/berita/d-7623723/pabrik-battery-pack-uabs-resmi-beroperasi-di-ri-kolaborasi-saic-catl-kentjana-group,https://oto.detik.com/berita/d-7623723/pabrik-battery-pack-uabs-resmi-beroperasi-di-ri-kolaborasi-saic-catl-kentjana-group,https://oto.detik.com/berita/d-7623723/pabrik-battery-pack-uabs-resmi-beroperasi-di-ri-kolaborasi-saic-catl-kentjana-group,Operational
Battery,FDI162612,SAFT,France,Completed,China,Zhuhai (Guangdong),2016,2016,Battery,Manufacturing,5.67,0,0,0,,"https://corporate.totalenergies.cn/en/gas-renewable-and-power-0#:~:text=Energy%20Storage,primary%20lithium%20batteries%20per%20year.",https://saft.com/en/media-resources/press-releases/saft-doubles-its-production-capacity-china-new-larger-advanced,https://saft.com/en/media-resources/press-releases/saft-doubles-its-production-capacity-china-new-larger-advanced,"https://www.bestmag.co.uk/saft-ramps-lithium-capacity-china-meet-demand/#:~:text=French%20battery%20manufacturer%20Saft%20is%20set%20to,million%20cells%20per%20year%20by%20Q3%202016.",,https://saft.com/en/media-resources/press-releases/saft-doubles-its-production-capacity-china-new-larger-advanced,https://saft.com/en/media-resources/press-releases/saft-doubles-its-production-capacity-china-new-larger-advanced,https://saft.com/en/media-resources/press-releases/saft-doubles-its-production-capacity-china-new-larger-advanced,,Operational
Battery,HAR0066,SAIC-GM-Wuling,China,Completed,Indonesia,Cikarang (West Java),2024,2024,Battery,Manufacturing,5.5,1,0,0,,https://www.sgmw.com.cn/en/,https://wuling.id/en/blog/press-release/wuling-inaugurates-magic-battery-production-line-in-cikarang-with-comprehensive-facility-support,https://wuling.id/en/blog/press-release/wuling-inaugurates-magic-battery-production-line-in-cikarang-with-comprehensive-facility-support,https://www.thejakartapost.com/business/2025/01/02/wuling-kick-starts-rp-87b-ev-battery-plant-in-cikarang.html,,https://www.thejakartapost.com/business/2025/01/02/wuling-kick-starts-rp-87b-ev-battery-plant-in-cikarang.html,https://wuling.id/en/blog/press-release/wuling-inaugurates-magic-battery-production-line-in-cikarang-with-comprehensive-facility-support,https://wuling.id/en/blog/press-release/wuling-inaugurates-magic-battery-production-line-in-cikarang-with-comprehensive-facility-support,,Operational
Battery,HAR0084,Zhongrui,China,Announced,South Korea,Seoul,2024,N/A,Battery,Manufacturing,3.6,0,1,0,KNS,http://www.zrelectron.com/,https://www.yicaiglobal.com/news/chinas-zhongrui-to-set-up-lithium-battery-structural-component-venture-in-south-korea,[UNVERIFIED] https://www.yicaiglobal.com/news/chinas-zhongrui-to-set-up-lithium-battery-structural-component-venture-in-south-korea,https://www.yicaiglobal.com/news/chinas-zhongrui-to-set-up-lithium-battery-structural-component-venture-in-south-korea,https://www.yicaiglobal.com/news/chinas-zhongrui-to-set-up-lithium-battery-structural-component-venture-in-south-korea,https://www.yicaiglobal.com/news/chinas-zhongrui-to-set-up-lithium-battery-structural-component-venture-in-south-korea,,https://www.yicaiglobal.com/news/chinas-zhongrui-to-set-up-lithium-battery-structural-component-venture-in-south-korea,https://www.yicaiglobal.com/news/chinas-zhongrui-to-set-up-lithium-battery-structural-component-venture-in-south-korea,Announced only
Battery,HAR0005,BYD,China,Completed,Brazil,Manaus (Amazonas),2020,2020,Battery,Manufacturing,2.7,0,0,0,,https://www.bydglobal.com/sites/Satellite?c=BydArticle&cid=1514437377227&d=Touch&pagename=BYD_EN/BydArticle/BYD_ENCommon/ArticleDetails,https://www.bydglobal.com/sites/Satellite?c=BydArticle&cid=1514437377227&d=Touch&pagename=BYD_EN/BydArticle/BYD_ENCommon/ArticleDetails,https://www.bydglobal.com/sites/Satellite?c=BydArticle&cid=1514437377227&d=Touch&pagename=BYD_EN/BydArticle/BYD_ENCommon/ArticleDetails,https://www.bydglobal.com/sites/Satellite?c=BydArticle&cid=1514437377227&d=Touch&pagename=BYD_EN/BydArticle/BYD_ENCommon/ArticleDetails,,https://www.bydglobal.com/sites/Satellite?c=BydArticle&cid=1514437377227&d=Touch&pagename=BYD_EN/BydArticle/BYD_ENCommon/ArticleDetails,https://www.bydglobal.com/sites/Satellite?c=BydArticle&cid=1514437377227&d=Touch&pagename=BYD_EN/BydArticle/BYD_ENCommon/ArticleDetails,https://www.electrive.com/2020/09/01/byd-opens-factory-in-brazil-to-make-batteries-primarily-for-electric-buses/,,Operational
Battery,FDI236354,CATL,China,Completed,Germany,Bad Friedrichshall (Baden-Württemberg),2021,N/A,Battery,Research & Development,2.7,0,0,0,,fDi Markets (FT),https://www.valmet-automotive.com/media/valmet-automotive-further-expanding-battery-testing-capabilities/,https://www.valmet-automotive.com/media/valmet-automotive-builds-battery-factory-in-germany/,Investment value not publicly disclosed,,fDi Markets (FT),fDi Markets (FT),https://www.valmet-automotive.com/media/valmet-automotive-started-series-production-at-the-kirchardt-battery-plant/,,Operational
Battery,FDI236355,CATL,China,Completed,Germany,Munich (Bavaria),2021,N/A,Battery,Research & Development,2.7,0,0,0,,https://www.catl.com/en/enterpriseinfoEnglish/,https://www.catl.com/en/enterpriseinfoEnglish/,https://www.catl.com/en/enterpriseinfoEnglish/,Investment value not publicly disclosed,,fDi Markets (FT),fDi Markets (FT),https://www.catl.com/en/enterpriseinfoEnglish/,,Operational
Battery,FDI198383,Borgwarner,United States,Completed,United Kingdom,Gateshead (Tyne and Wear),2018,2019,Battery,Research & Development,2.52,0,0,0,,https://www.borgwarner.com/acquires/sevcon,https://www.borgwarner.com/acquires/sevcon,https://www.borgwarner.com/acquires/sevcon,https://www.chroniclelive.co.uk/business/business-news/borg-warner-starts-work-2m-15504808,,https://www.globenewswire.com/news-release/2017/07/17/1047327/0/en/Sevcon-Signs-Definitive-Agreement-to-be-Acquired-by-BorgWarner.html,https://www.borgwarner.com/acquires/sevcon,https://www.borgwarner.com/acquires/sevcon,,Operational
Battery,Batteries1.14,Samsung,South Korea,Completed,Vietnam,Bac Ninh (Bắc Ninh),2009,2010,Battery,Manufacturing,120,0,0,0,,https://news.samsungsdi.com/global/click?seq=359,https://news.samsungsdi.com/global/click?seq=359,https://news.samsungsdi.com/global/click?seq=359,Investment value not publicly disclosed,,fDi Markets (FT),fDi Markets (FT),https://news.samsungsdi.com/global/click?seq=359,,Operational
Battery,HAR0007,CALB,China,Completed,Thailand,Bangkok,2024,2024,Battery,Manufacturing,,0,0,0,,http://en.calb-tech.com/about.html,http://en.calb-tech.com/about.html,http://en.calb-tech.com/about.html,Investment value not publicly disclosed,,https://mp.weixin.qq.com/s/2_7HHx8NWMM4PzkXoRWXng,https://mstok.or.jp/alb-china-aviation-lithium-battery-technology-company-limited-detailed-research-report-production-facilities-and-capacity/?utm_source=chatgpt.com,http://en.calb-tech.com/about.html,,Operational
Battery,HAR0012,CATL,China,Completed,Thailand,Chachoengsao,2023,2024,Battery,Manufacturing,,0,1,1,Arun Plus Company Limited (PTT subsidiary),https://batteriesnews.com/catl-arun-plus-partner-ctp-cooperation-thailand-battery-production-hub/,https://batteriesnews.com/catl-arun-plus-partner-ctp-cooperation-thailand-battery-production-hub/,https://batteriesnews.com/catl-arun-plus-partner-ctp-cooperation-thailand-battery-production-hub/,Investment value not publicly disclosed,https://batteriesnews.com/catl-arun-plus-partner-ctp-cooperation-thailand-battery-production-hub/,https://cnevpost.com/2023/06/09/catl-supply-battery-line-to-thailand-arun-plus/,https://batteriesnews.com/catl-arun-plus-partner-ctp-cooperation-thailand-battery-production-hub/,https://batteriesnews.com/catl-arun-plus-partner-ctp-cooperation-thailand-battery-production-hub/,https://batteriesnews.com/catl-arun-plus-partner-ctp-cooperation-thailand-battery-production-hub/,Operational
Battery,HAR0014,CBAK,China,Announced,Malaysia,Kuala Lumpur,2025,N/A,Battery,Manufacturing,,0,1,0,Anker,https://ir.cbak.com.cn/News_Detail/199.html,https://ir.cbak.com.cn/News_Detail/199.html,[UNVERIFIED] https://ir.cbak.com.cn/News_Detail/199.html,Investment value not publicly disclosed,https://www.globenewswire.com/news-release/2025/06/30/3107554/0/en/CBAK-Energy-Forms-Strategic-Partnership-with-Anker-Innovations-to-Establish-Battery-Cell-Manufacturing-Facility-in-Malaysia-with-Potential-Orders-Valued-at-Up-to-US-357-Million.html,https://ir.cbak.com.cn/News_Detail/199.html,,https://ir.cbak.com.cn/News_Detail/199.html,https://www.globenewswire.com/news-release/2025/06/30/3107554/0/en/CBAK-Energy-Forms-Strategic-Partnership-with-Anker-Innovations-to-Establish-Battery-Cell-Manufacturing-Facility-in-Malaysia-with-Potential-Orders-Valued-at-Up-to-US-357-Million.html,Announced only
Battery,HAR0015,CBAK,China,Announced,United States,Atlanta (Georgia),2025,N/A,Battery,Manufacturing,,0,1,0,Kandi,https://ir.cbak.com.cn/News_Detail/186.html,https://ir.cbak.com.cn/News_Detail/186.html,[UNVERIFIED] https://ir.cbak.com.cn/News_Detail/186.html,Investment value not publicly disclosed,https://www.globenewswire.com/news-release/2025/04/14/3060845/0/en/CBAK-Partners-with-Kandi-to-Localize-Lithium-Battery-Facilities-in-the-U-S-in-Phases.html,https://ir.cbak.com.cn/News_Detail/186.html,,https://ir.cbak.com.cn/News_Detail/186.html,https://www.globenewswire.com/news-release/2025/04/14/3060845/0/en/CBAK-Partners-with-Kandi-to-Localize-Lithium-Battery-Facilities-in-the-U-S-in-Phases.html,Announced only
Battery,HAR0017,CORUN,China,Completed,Japan,Sapporo (Hokkaido),2011,2011,Battery,Manufacturing,,0,0,0,,https://www.corun.com/en/,https://www.corun.com/en/driven/base/151.html,https://www.corun.com/en/driven/base/151.html,Investment value not publicly disclosed,fDi Markets (FT),https://www.corun.com/en/driven/base/151.html,,https://www.corun.com/en/driven/base/151.html,,Operational
Battery,HAR0018,CORUN,China,Announced,Indonesia,Jakarta,2025,N/A,Battery,Manufacturing,,0,1,1,PT BATTERY BANK INDONESIA,https://www.corun.com/en/,https://longbridge.com/en/news/258610981,https://longbridge.com/en/news/258610981,Investment value not publicly disclosed,fDi Markets (FT),https://longbridge.com/en/news/258610981,,https://longbridge.com/en/news/258610981,fDi Markets (FT),Announced only
Battery,HAR0019,Desay,China,Completed,Vietnam,Ho Chi Minh City,2021,2021,Battery,Manufacturing,,0,0,0,,fDi Markets (FT),https://hopluccorp.vn/en/du_an/construction-project-phase-i-desay-battery-co-ltd-vietnam/,https://hopluccorp.vn/en/du_an/construction-project-phase-i-desay-battery-co-ltd-vietnam/,Investment value not publicly disclosed,,https://hopluccorp.vn/en/du_an/construction-project-phase-i-desay-battery-co-ltd-vietnam/,https://hopluccorp.vn/en/du_an/construction-project-phase-i-desay-battery-co-ltd-vietnam/,https://hopluccorp.vn/en/du_an/construction-project-phase-i-desay-battery-co-ltd-vietnam/,,Operational
Battery,HAR0024,EVE Energy,China,Announced,Turkey,Istanbul,2024,N/A,Battery,Manufacturing,,0,1,1,Aksa Jeneratör Sanayi A. Ş.,https://www.yicaiglobal.com/news/chinas-eve-energy-to-set-up-energy-storage-jv-in-trkiye-with-local-firm,https://www.yicaiglobal.com/news/chinas-eve-energy-to-set-up-energy-storage-jv-in-trkiye-with-local-firm,https://cnevpost.com/2024/01/16/eve-energy-to-set-up-jv-turkey-batteries/,Investment value not publicly disclosed,https://www.yicaiglobal.com/news/chinas-eve-energy-to-set-up-energy-storage-jv-in-trkiye-with-local-firm,https://cnevpost.com/2024/01/16/eve-energy-to-set-up-jv-turkey-batteries/,,https://www.energy-storage.news/industry-updates/eve-energy-expands-global-partnership-with-turkeys-aksa/,https://www.yicaiglobal.com/news/chinas-eve-energy-to-set-up-energy-storage-jv-in-trkiye-with-local-firm,Announced only
Battery,HAR0029,Gotion,China,Completed,India,Pune (Maharashtra),2019,2023,Battery,Manufacturing,,0,1,1,Tata AutoComp Systems,https://www.tataautocomp.com/products-services/taco-gotion/,https://www.energy-storage.news/tata-autocomp-gotion-jv-supplies-first-bess-units-to-tata-power-project-in-pune-india/,https://www.tataautocomp.com/products-services/taco-gotion/,Investment value not publicly disclosed,https://www.tataautocomp.com/products-services/taco-gotion/,https://mp.weixin.qq.com/s/kHSdQC4Ih98U5RQGgX6EuA,https://www.autocarpro.in/news/tata-autocomp-inaugurates-battery-energy-storage-system-plant-117843,https://www.tataautocomp.com/products-services/taco-gotion/,https://www.tataautocomp.com/products-services/taco-gotion/,Operational
Battery,HAR0031,Gotion,China,Completed,Germany,Göttingen (Lower Saxony),2021,2023,Battery,Manufacturing,,0,0,0,,https://en.gotion.com.cn/news/company-news-265.html,https://www.electrive.com/2023/09/18/gotion-high-tech-launches-battery-production-in-germany/,https://cnevpost.com/2021/07/16/power-battery-maker-gotion-high-tech-secures-its-first-plant-in-europe-through-acquisition/,Investment value not publicly disclosed,,https://cnevpost.com/2021/07/16/power-battery-maker-gotion-high-tech-secures-its-first-plant-in-europe-through-acquisition/ 07/16/2021,https://www.electrive.com/2023/09/18/gotion-high-tech-launches-battery-production-in-germany/ (year only),https://en.gotion.com.cn/news/company-news-265.html,,Operational
Battery,HAR0033,Gotion,China,Completed,Indonesia,Jakarta,2022,2022,Battery,Manufacturing,,0,0,0,,https://gotion.asia/corporate-profile/,https://wuling.id/en/blog/press-release/wuling-officially-partners-with-gotion-as-one-of-the-ev-battery-supply-chains,https://gotion.asia/corporate-profile/,Investment value not publicly disclosed,,https://wuling.id/en/blog/press-release/wuling-officially-partners-with-gotion-as-one-of-the-ev-battery-supply-chains,https://wuling.id/en/blog/press-release/wuling-officially-partners-with-gotion-as-one-of-the-ev-battery-supply-chains,https://gotion.asia/corporate-profile/,,Operational
Battery,HAR0036,Gotion,China,Completed,United States,Fremont (California),2023,2023,Battery,Manufacturing,,0,0,0,,https://www.prnewswire.com/news-releases/gotion-high-techs-first-battery-pack-rolls-off-the-line-at-fremont-factory-in-the-us-302023702.html,https://www.prnewswire.com/news-releases/gotion-high-techs-first-battery-pack-rolls-off-the-line-at-fremont-factory-in-the-us-302023702.html,https://www.prnewswire.com/news-releases/gotion-high-techs-first-battery-pack-rolls-off-the-line-at-fremont-factory-in-the-us-302023702.html,Investment value not publicly disclosed,,https://www.prnewswire.com/news-releases/gotion-high-techs-first-battery-pack-rolls-off-the-line-at-fremont-factory-in-the-us-302023702.html,https://www.prnewswire.com/news-releases/gotion-high-techs-first-battery-pack-rolls-off-the-line-at-fremont-factory-in-the-us-302023702.html,https://electrek.co/2023/12/29/chinas-gotion-high-tech-rolls-first-battery-pack-off-its-new-us-assembly-line/,,Operational
Battery,HAR0037,Gotion,China,Announced,Malaysia,Kuala Lumpur,2024,N/A,Battery,Manufacturing,,0,0,0,,https://en.gotion.com.cn/news/,https://www.bernama.com/en/news.php?id=2332349,https://www.bernama.com/en/news.php?id=2332349,Investment value not publicly disclosed,,https://www.bernama.com/en/news.php?id=2332349,fDi Markets (FT),https://www.energytrend.com/news/20240828-48296.html,,Announced only
Battery,HAR0040,Great Power,China,Announced,Vietnam,Ho Chi Minh City,2024,N/A,Battery,Manufacturing,,0,1,1,Tran Bridge Group,https://www.highpowertech.com/,https://mp.weixin.qq.com/s/e-y10oSY4OU_VqCodKQd-w,https://mp.weixin.qq.com/s/e-y10oSY4OU_VqCodKQd-w,Investment value not publicly disclosed,fDi Markets (FT),https://mp.weixin.qq.com/s/e-y10oSY4OU_VqCodKQd-w,,https://mp.weixin.qq.com/s/e-y10oSY4OU_VqCodKQd-w,fDi Markets (FT),Announced only
Battery,HAR0041,Greenway,China,Completed,Indonesia,Jakarta,2023,2024,Battery,Manufacturing,,0,0,0,,https://www.greenway-battery.com/news_detail/24.html,https://www.greenway-battery.com/news_detail/24.html,https://www.prnewswire.com/news-releases/the-grand-opening-of-greenway-indonesia-subsidiary-a-new-milestone-in-globalization-strategy-302314118.html,Investment value not publicly disclosed,,https://www.greenway-battery.com/news_detail/19.html,https://www.greenway-battery.com/news_detail/24.html,https://www.greenway-battery.com/news_detail/24.html,,Operational
Battery,HAR0044,Hangcha,China,Announced,France,Le Mans (Pays de la Loire),2025,N/A,Battery,Manufacturing,,0,1,1,Manitou Group,https://www.hcforklift.com/news/news_read/237,https://www.electrive.com/2025/08/06/hangcha-and-manitou-plan-battery-joint-venture-for-electric-forklifts/,https://www.lemansattractivite.fr/2025/10/08/batteries-lithium-ion-manitou-hangcha-le-mans/,Investment value not publicly disclosed,https://www.hcforklift.com/news/news_read/237,https://www.electrive.com/2025/08/06/hangcha-and-manitou-plan-battery-joint-venture-for-electric-forklifts/,,https://www.hcforklift.com/news/news_read/237,https://www.hcforklift.com/news/news_read/237,Announced only
Battery,HAR0045,Hithium,China,Announced,Saudi Arabia,Riyadh,2024,N/A,Battery,Manufacturing,,0,1,1,MANAT,https://en.hithium.com/newsroom/strategy/details/28.html,https://www.prnewswire.com/news-releases/hithium-plans-new-bess-production-facility-in-saudi-arabia-with-local-partner-302277648.html,https://www.power-technology.com/news/hithium-manat-bess-production-saudi/,Investment value not publicly disclosed,https://www.meed.com/chinese-and-saudi-partner-set-up-hithium-manat,https://www.prnewswire.com/news-releases/hithium-plans-new-bess-production-facility-in-saudi-arabia-with-local-partner-302277648.html 10/15/2024,[UNVERIFIED] https://en.hithium.com/newsroom/strategy/details/28.html (year only),https://www.energytrend.com/news/20241021-48610.html,https://www.meed.com/chinese-and-saudi-partner-set-up-hithium-manat,Announced only
Battery,HAR0057,Nuode,China,Announced,Indonesia,Jakarta,2025,N/A,Battery,Manufacturing,,0,1,1,"IBC, SINORON, PT Sentosa Laju Sejahtera",https://seasia.co/2024/10/19/indonesia-collaborates-with-china-on-12-billion-battery-venture,https://seasia.co/2024/10/19/indonesia-collaborates-with-china-on-12-billion-battery-venture,https://seasia.co/2024/10/19/indonesia-collaborates-with-china-on-12-billion-battery-venture,Investment value not publicly disclosed,https://www.indonesiabatterycorp.com/en,https://seasia.co/2024/10/19/indonesia-collaborates-with-china-on-12-billion-battery-venture,,https://seasia.co/2024/10/19/indonesia-collaborates-with-china-on-12-billion-battery-venture,https://www.indonesiabatterycorp.com/en,Announced only
Battery,HAR0059,Phylion,China,Completed,Indonesia,Tangerang (Banten),2023,2024,Battery,Manufacturing,,0,0,0,,https://www.phylion.com/,https://suryapagi.com/2024/04/29/phylion-yifang-buka-pabrik-baterai-lithium-dengan-produksi-400-unit-per-hari/,https://suryapagi.com/2024/04/29/phylion-yifang-buka-pabrik-baterai-lithium-dengan-produksi-400-unit-per-hari/,Investment value not publicly disclosed,,https://www.phylion.com/,https://suryapagi.com/2024/04/29/phylion-yifang-buka-pabrik-baterai-lithium-dengan-produksi-400-unit-per-hari/,https://www.phylion.com/,,Operational
Battery,HAR0060,Phylion,China,Announced,Hungary,Debrecen (Hajdú-Bihar),2024,N/A,Battery,Manufacturing,,0,0,0,,https://www.phylion.com/,https://www.phylion.com/,[UNVERIFIED] https://www.phylion.com/,Investment value not publicly disclosed,,https://www.phylion.com/,,https://www.phylion.com/,,Announced only
Battery,HAR0061,Pret,China,Announced,Thailand,Bangkok,2024,N/A,Battery,Manufacturing,,0,0,0,,https://www.highstar.com/companynews/319,https://www.highstar.com/companynews/319,https://www.highstar.com/companynews/319,Investment value not publicly disclosed,,https://www.highstar.com/companynews/319,"https://en.highstar.com/companynews/319#:~:text=Highstar%20Thailand%20is%20a%204%2C500%20square%20meter,process**%20Provides%20a%20protective%20layer%20for%20products",https://www.evlithium.com/lifepo4-battery-news/highstar-thailand-lithium-battery-factory-global-e.html,,Announced only
Battery,HAR0063,Pylontech,China,Completed,Italy,Sant'Angelo di Piove di Sacco (Veneto),2023,2025,Battery,Manufacturing,,0,1,0,Energy S.p.A.,https://www.prnewswire.com/news-releases/pylontech-to-establish-its-first-overseas-factory-301828776.html,https://www.energy-storage.news/pylontech-in-jv-with-system-integrator-for-ess-battery-gigafactory-in-italy/,https://www.pv-magazine.com/2023/05/23/pilontech-to-open-battery-factory-in-italy/,Investment value not publicly disclosed,https://www.energy-storage.news/pylontech-in-jv-with-system-integrator-for-ess-battery-gigafactory-in-italy/,https://www.pv-magazine.com/2023/05/23/pilontech-to-open-battery-factory-in-italy/ (year only),https://www.manilatimes.net/2025/03/19/tmt-newswire/pr-newswire/pylontechs-first-overseas-factory-put-into-operation/2076170 (year only),https://www.energy-storage.news/pylontech-in-jv-with-system-integrator-for-ess-battery-gigafactory-in-italy/,https://www.energy-storage.news/pylontech-in-jv-with-system-integrator-for-ess-battery-gigafactory-in-italy/,Operational
Battery,HAR0072,SLAC,China,Announced,United States,Houston (Texas),2025,N/A,Battery,Manufacturing,,0,0,0,,https://www.yicaiglobal.com/news/chinas-slac-surges-on-plan-to-start-producing-lithium-battery-parts-in-us,https://www.yicaiglobal.com/news/chinas-slac-surges-on-plan-to-start-producing-lithium-battery-parts-in-us,[UNVERIFIED] https://www.yicaiglobal.com/news/chinas-slac-surges-on-plan-to-start-producing-lithium-battery-parts-in-us,Investment value not publicly disclosed,,https://www.yicaiglobal.com/news/chinas-slac-surges-on-plan-to-start-producing-lithium-battery-parts-in-us,,https://www.yicaiglobal.com/news/chinas-slac-surges-on-plan-to-start-producing-lithium-battery-parts-in-us,,Announced only
Battery,HAR0079,YJC Power,China,Announced,Tunisia,Tunis,2025,N/A,Battery,Manufacturing,,0,1,1,Hyacinth Automotive,https://www.ecofinagency.com/news-infrastructures/0312-51065-china-s-yjc-power-plans-electric-vehicle-battery-plant-in-tunisia,https://www.ecofinagency.com/news-infrastructures/0312-51065-china-s-yjc-power-plans-electric-vehicle-battery-plant-in-tunisia,https://www.ecofinagency.com/news-infrastructures/0312-51065-china-s-yjc-power-plans-electric-vehicle-battery-plant-in-tunisia,Investment value not publicly disclosed,https://businessnews.com.tn/2025/11/28/yjc-power-et-hyacinth-automotive-projettent-une-unite-de-production-de-batteries-lithium-en-tunisie/1375545/,https://www.ecofinagency.com/news-infrastructures/0312-51065-china-s-yjc-power-plans-electric-vehicle-battery-plant-in-tunisia,,https://www.ecofinagency.com/news-infrastructures/0312-51065-china-s-yjc-power-plans-electric-vehicle-battery-plant-in-tunisia,https://businessnews.com.tn/2025/11/28/yjc-power-et-hyacinth-automotive-projettent-une-unite-de-production-de-batteries-lithium-en-tunisie/1375545/,Announced only
Battery,FDI73252,GS Yuasa,Japan,Completed,United States,Roswell (Georgia),2006,2010,Battery,Manufacturing,,0,0,0,,https://gsyuasa-lp.com/about_gylp/,https://gsyuasa-lp.com/about_gylp/,https://gsyuasa-lp.com/about_gylp/,Investment value not publicly disclosed,,https://gsyuasa-lp.com/about_gylp/ (year only),https://www.ajc.com/business/battery-companies-move-roswell-building/9rOivfOOTxC7YLVAr8BtYL/,https://gsyuasa-lp.com/about_gylp/,,Operational
Battery,Battery 14.3,Bollore Group,France,Announced,China,Shanghai,2025,N/A,Battery,Research & Development,,0,1,1,Shanghai Putailai New Energy Technology,https://www.bollore.com/wp-content/uploads/2025/04/pr_2025_02_strategic-partnership-moving-forward-on-next-generation-solid-state-batteries-manufacturing-between-putailai-and-blue-solutions.pdf,https://www.bollore.com/wp-content/uploads/2025/04/pr_2025_02_strategic-partnership-moving-forward-on-next-generation-solid-state-batteries-manufacturing-between-putailai-and-blue-solutions.pdf,https://www.bollore.com/wp-content/uploads/2025/04/pr_2025_02_strategic-partnership-moving-forward-on-next-generation-solid-state-batteries-manufacturing-between-putailai-and-blue-solutions.pdf,Investment value not publicly disclosed,https://www.bollore.com/wp-content/uploads/2025/04/pr_2025_02_strategic-partnership-moving-forward-on-next-generation-solid-state-batteries-manufacturing-between-putailai-and-blue-solutions.pdf,https://www.bollore.com/wp-content/uploads/2025/04/pr_2025_02_strategic-partnership-moving-forward-on-next-generation-solid-state-batteries-manufacturing-between-putailai-and-blue-solutions.pdf,,https://www.bollore.com/wp-content/uploads/2025/04/pr_2025_02_strategic-partnership-moving-forward-on-next-generation-solid-state-batteries-manufacturing-between-putailai-and-blue-solutions.pdf,https://www.bollore.com/wp-content/uploads/2025/04/pr_2025_02_strategic-partnership-moving-forward-on-next-generation-solid-state-batteries-manufacturing-between-putailai-and-blue-solutions.pdf,Announced only
Battery,Battery4.1,Borgwarner,United States,Completed,Germany,Darmstadt (Hesse),2025,2025,Battery,Manufacturing,,0,0,0,,https://www.borgwarner.com/technologies/battery-systems,https://www.sustainable-bus.com/components/inside-borgwarner-gigafactory-darmstadt/,https://www.sustainable-bus.com/components/inside-borgwarner-gigafactory-darmstadt/,Investment value not publicly disclosed,,fDi Markets (FT),fDi Markets (FT),https://www.sustainable-bus.com/components/inside-borgwarner-gigafactory-darmstadt/,,Operational
Battery,Battery1.17,Samsung,South Korea,Announced,United States,Princeton (New Jersey),2025,N/A,Battery,"Design, Development & Testing",,0,1,1,BMW Group and Solid Power,https://www.samsungsdi.com/sdi-now/sdi-news/4565.html,https://www.samsungsdi.com/sdi-now/sdi-news/4565.html,[UNVERIFIED] https://www.samsungsdi.com/sdi-now/sdi-news/4565.html,Investment value not publicly disclosed,https://www.samsungsdi.com/sdi-now/sdi-news/4565.html,https://www.samsungsdi.com/sdi-now/sdi-news/4565.html,,https://www.electrive.com/2025/10/31/samsung-sdi-solid-power-and-bmw-to-collaborate-on-solid-state-batteries/,https://www.samsungsdi.com/sdi-now/sdi-news/4565.html,Announced only
Battery,Battery 14.2,Bollore Group,France,Announced,Switzerland,Biel/Bienne (Bern),2023,N/A,Battery,Research & Development,,0,1,1,Switzerland Innovation Park Biel/Bienne (SIPBB),https://www.blue-solutions.com/switzerland-blue-solutions-entrusts-sipbb-with-a-battery-research-project/,https://www.blue-solutions.com/switzerland-blue-solutions-entrusts-sipbb-with-a-battery-research-project/,https://sipbb.ch/press-release-communique-de-presse-switzerland-blue-solutions-entrusts-sipbb-with-a-battery-research-project/,https://sipbb.ch/press-release-communique-de-presse-switzerland-blue-solutions-entrusts-sipbb-with-a-battery-research-project/,https://www.blue-solutions.com/switzerland-blue-solutions-entrusts-sipbb-with-a-battery-research-project/,https://www.blue-solutions.com/switzerland-blue-solutions-entrusts-sipbb-with-a-battery-research-project/,,https://www.blue-solutions.com/switzerland-blue-solutions-entrusts-sipbb-with-a-battery-research-project/,https://www.blue-solutions.com/switzerland-blue-solutions-entrusts-sipbb-with-a-battery-research-project/,Announced only
Battery,Battery1.7,Samsung,South Korea,Completed,China,Shanghai,2023,2023,Battery,Research & Development,,0,0,0,,https://cnevpost.com/2023/04/04/samsung-sdi-opens-battery-rd-center-shanghai/,https://www.electrive.com/2023/04/11/samsung-sdi-has-opened-a-new-battery-research-centre-in-shanghai/,https://www.electrive.com/2023/04/11/samsung-sdi-has-opened-a-new-battery-research-centre-in-shanghai/,Investment value not publicly disclosed,,https://cnevpost.com/2023/04/04/samsung-sdi-opens-battery-rd-center-shanghai/,https://cnevpost.com/2023/04/04/samsung-sdi-opens-battery-rd-center-shanghai/,https://cnevpost.com/2023/04/04/samsung-sdi-opens-battery-rd-center-shanghai/,,Operational
Battery,Battery1.5,Samsung,South Korea,Completed,Germany,Munich (Bavaria),2022,2022,Battery,Research & Development,,0,0,0,,https://www.electrive.com/2022/08/16/samsung-sdi-expands-research-centres-globally/,https://www.electrive.com/2022/08/16/samsung-sdi-expands-research-centres-globally/,https://www.electrive.com/2022/08/16/samsung-sdi-expands-research-centres-globally/,Investment value not publicly disclosed,,https://www.electrive.com/2022/08/16/samsung-sdi-expands-research-centres-globally/,https://www.koreatimes.co.kr/www/tech/2022/08/129_334518.html,https://www.electrive.com/2022/08/16/samsung-sdi-expands-research-centres-globally/,,Operational
Battery,Battery10.6,SK Innovation (SK Energy),South Korea,Commenced,United States,Stanton (Tennessee),2021,N/A,Battery,Manufacturing,,0,1,1,Ford Motor,https://eng.sk.com/history/sk-innovation-establishes-joint-venture-with-ford-motor-company-to-manufacture-electric-vehicle-batteries,https://corporate.ford.com/articles/electrification/blue-oval-city/,https://corporate.ford.com/articles/electrification/blue-oval-city/,Investment value not publicly disclosed,https://eng.sk.com/history/sk-innovation-establishes-joint-venture-with-ford-motor-company-to-manufacture-electric-vehicle-batteries,https://eng.sk.com/news/sk-on-ford-jv-holds-first-groundbreaking-ceremony-for-ev-battery-mega-campus,https://www.evinfrastructurenews.com/ev-battery/ford-joint-venture-blueoval-sk-begins-us-ev-battery-production,https://corporate.ford.com/articles/electrification/blue-oval-city/,https://eng.sk.com/history/sk-innovation-establishes-joint-venture-with-ford-motor-company-to-manufacture-electric-vehicle-batteries,Under construction
Battery,Battery1.6,Samsung,South Korea,Completed,Austria,Graz (Styria),2015,2015,Battery,Research & Development,,0,0,0,,https://samsungsdibs.at/en/,https://cleantechnica.com/2015/05/25/samsung-sdi-begun-operations-former-magna-steyr-battery-pack-plant/,https://www.just-auto.com/news/austria-samsung-sdi-opens-sdi-battery-systems-in-graz/,https://www.greencarreports.com/news/1096981_samsung-buys-battery-business-from-magna-to-boost-electric-car-capabilities,,https://cleantechnica.com/2015/05/25/samsung-sdi-begun-operations-former-magna-steyr-battery-pack-plant/,,https://cleantechnica.com/2015/05/25/samsung-sdi-begun-operations-former-magna-steyr-battery-pack-plant/,,Operational
Battery,New_LGHuayou_MA1,LG Chem,South Korea,Announced,Morocco,Morocco (city TBD; LFP cathode plant),2023,N/A,Battery,Manufacturing,,0,1,0,Huayou Group,https://www.prnewswire.com/news-releases/lg-chem-to-build-lfp-cathode-plant-in-morocco-301936074.html,https://www.lgcorp.com/media/release/26808,https://www.kedglobal.com/batteries/newsView/ked202309240001,Investment value not publicly disclosed,https://www.lgcorp.com/media/release/26808,https://www.prnewswire.com/news-releases/lg-chem-to-build-lfp-cathode-plant-in-morocco-301936074.html,https://www.greencarcongress.com/2023/09/20230924-lg.html,https://www.kedglobal.com/batteries/newsView/ked202309240001,https://www.lgcorp.com/media/release/26808,Announced only
Battery,New_Enchem_CN1,Enchem,South Korea,Operational,China,Zhangjiagang (Jiangsu),N/A,2021,Battery,Manufacturing,,0,0,0,,https://www.mk.co.kr/en/business/11941498,https://www.enchem.net/eng/main.php#mainsection03,https://www.businesspost.co.kr/BP?command=article_view&num=424818,Investment value not publicly disclosed,https://www.enchem.net/eng/main.php#mainsection03,,https://www.theguru.co.kr/news/article.html?no=60232,https://finance.biggo.com/news/2zbqGZ4BNl__-4_GwXf5,,Operational
Battery,New_Enchem_CN2,Enchem,South Korea,Operational,China,Zaozhuang (Shandong),2021,2022,Battery,Manufacturing,,0,0,0,,https://finance.biggo.com/news/2zbqGZ4BNl__-4_GwXf5,https://www.businesspost.co.kr/BP?command=article_view&num=424818,https://www.businesspost.co.kr/BP?command=article_view&num=424818,Investment value not publicly disclosed,https://www.businesspost.co.kr/BP?command=article_view&num=424818,https://www.greencarcongress.com/2023/09/20230924-lg.html,https://www.theguru.co.kr/news/article.html?no=60232,https://finance.biggo.com/news/2zbqGZ4BNl__-4_GwXf5,,Operational
Battery,New_DongwhaElectrolyte_MY1,Dongwha Electrolyte,South Korea,Operational,Malaysia,Johor Bahru (Johor),2012,2014,Battery,Manufacturing,,0,0,0,,https://www.scmp.com/country-reports/country-reports/topics/south-korea-business-report-2021/article/3128603/rd-and-new,https://www.scmp.com/country-reports/country-reports/topics/south-korea-business-report-2021/article/3128603/rd-and-new,http://www.dongwhaelectrolyte.com/en/dongwha/history.asp,Investment value not publicly disclosed,https://www.scmp.com/country-reports/country-reports/topics/south-korea-business-report-2021/article/3128603/rd-and-new,http://www.dongwhaelectrolyte.com/en/dongwha/history.asp,https://www.khan.co.kr/en/article/202512141130597,http://www.dongwhaelectrolyte.com/en/dongwha/history.asp,,Operational
Battery,New_Audi_MX1,Audi,Germany,Under Construction,Mexico,San Jose Chiapa (Puebla),2023,2024,Battery,Manufacturing,,0,0,0,,https://www.audi.com.mx/,https://www.promexicoindustry.com/en/article/audi-mxico-strengthens-electric-mobility-with-new-high-voltage-battery-production-facility,https://www.audi-mediacenter.com/en/audi-at-the-site-in-san-jose-chiapa-2935,Investment value not publicly disclosed,https://www.audi.com.mx/,https://mexicobusiness.news/automotive/news/audi-mexico-builds-first-battery-plant-outside-germany,https://mp.weixin.qq.com/s/I5brWxl4pBvYEaRYM-i-nQ,https://www.audi.com.mx/,,Under construction
Battery,New_NingboRonbayNewEne_PL1,"Ningbo Ronbay New Energy Technology Co., Ltd.",China,Under Construction,Poland,Konin (Greater Poland),2025,2026,Battery,Manufacturing,,0,0,0,,https://source.benchmarkminerals.com/article/ningbo-ronbay-to-enter-cathode-production-in-europe-with-polish-factory,https://www.prnewswire.com/news-releases/ronbay-technology-and-rock-tech-lithium-sign-strategic-mou-on-extensive-local-battery-materials-partnership-in-europe-302492102.html,https://www.electrive.com/2025/06/27/ronbay-and-rock-tech-lithium-to-localise-european-battery-materials-supply-chain/,Investment value not publicly disclosed,https://www.electrive.com/2025/06/27/ronbay-and-rock-tech-lithium-to-localise-european-battery-materials-supply-chain/,https://source.benchmarkminerals.com/article/ningbo-ronbay-to-enter-cathode-production-in-europe-with-polish-factory,https://www.electrive.com/2025/06/27/ronbay-and-rock-tech-lithium-to-localise-european-battery-materials-supply-chain/,https://www.prnewswire.com/news-releases/ronbay-technology-and-rock-tech-lithium-sign-strategic-mou-on-extensive-local-battery-materials-partnership-in-europe-302492102.html,,Under construction
Battery,New_NingboRonbayNewEne_KR1,"Ningbo Ronbay New Energy Technology Co., Ltd.",China,Announced,South Korea,Gunsan (North Jeolla),2024,N/A,Battery,Manufacturing,,0,0,0,,https://www.yicaiglobal.com/news/chinas-ronbay-gets-go-ahead-to-hike-battery-materials-capacity-in-south-korea,https://www.yicaiglobal.com/news/chinas-ronbay-gets-go-ahead-to-hike-battery-materials-capacity-in-south-korea,https://www.yicaiglobal.com/news/chinas-ronbay-gets-go-ahead-to-hike-battery-materials-capacity-in-south-korea,https://www.koreatimes.co.kr/business/20240509/saemangeum-transforms-into-attractive-industrial-complex,https://www.yicaiglobal.com/news/chinas-ronbay-gets-go-ahead-to-hike-battery-materials-capacity-in-south-korea,https://www.seaisi.org/details/23226?type=news-rooms,https://cnevpost.com/2025/07/02/byd-passenger-car-plant-brazil-begins-production/,https://www.yicaiglobal.com/news/chinas-ronbay-gets-go-ahead-to-hike-battery-materials-capacity-in-south-korea,,Announced only
Battery,New_Enchem_US1,Enchem,South Korea,Announced,United States,Kentucky (site TBD),2022,N/A,Battery,Manufacturing,,0,0,0,,https://www.asiae.co.kr/en/article/2026042709573375767,https://www.job-post.co.kr/news/articleView.html?idxno=175154,https://www.job-post.co.kr/news/articleView.html?idxno=175154,Investment value not publicly disclosed,https://www.inthenews.co.kr/news/article.html?no=50099,https://www.inthenews.co.kr/news/article.html?no=50099,https://www.polestar.com/global/news/polestar-3-manufactured-in-usa/,https://abcnews4.com/news/local/volvo-investing-extra-118m-into-ridgeville-plant-expanding-electric-vehicle-production,,Announced only
Battery,New_Enchem_US2,Enchem,South Korea,Cancelled,United States,Texas (site TBD),2023,N/A,Battery,Manufacturing,,0,0,0,,https://www.asiae.co.kr/en/article/2026042709573375767,https://www.etnews.com/20230418000247,https://www.edaily.co.kr/News/Read?newsId=02952006638856776&mediaCodeNo=257,Investment value not publicly disclosed,https://www.edaily.co.kr/News/Read?newsId=02952006638856776&mediaCodeNo=257,https://www.etnews.com/20230418000247,https://www.edaily.co.kr/News/Read?newsId=02952006638856776&mediaCodeNo=257,https://www.edaily.co.kr/News/Read?newsId=02952006638856776&mediaCodeNo=257,,Ceased operations
Battery,New_BASF_CA1,BASF,Germany,Paused,Canada,Bécancour (Quebec),2022,2025,Battery,Manufacturing,,0,0,0,,https://electricautonomy.ca/ev-supply-chain/2024-01-16/prospects-dim-for-basf-cathode-active-materials-plant-in-becancour/,https://electricautonomy.ca/ev-supply-chain/2024-01-16/prospects-dim-for-basf-cathode-active-materials-plant-in-becancour/,https://electricautonomy.ca/ev-supply-chain/2024-01-16/prospects-dim-for-basf-cathode-active-materials-plant-in-becancour/,Investment value not publicly disclosed,https://electricautonomy.ca/ev-supply-chain/2024-01-16/prospects-dim-for-basf-cathode-active-materials-plant-in-becancour/,https://mei.edu/publications/renewable-energy-and-moroccos-new-green-industries-how-moroccos-green-energy-ecosystem,https://electricautonomy.ca/ev-supply-chain/2024-01-16/prospects-dim-for-basf-cathode-active-materials-plant-in-becancour/,https://electricautonomy.ca/ev-supply-chain/2024-01-16/prospects-dim-for-basf-cathode-active-materials-plant-in-becancour/,,Paused
Battery,New_Toyota_CA1,Toyota,Japan,Operational,Canada,Cambridge (Ontario),2025,2026,Battery,Manufacturing,,0,0,0,,https://www.cbc.ca/news/canada/london/toyota-investing-in-southwestern-ontario-production-despite-auto-sector-uncertainty-1.7570500,https://www.autonews.com/toyota/anc-toyota-rav4-battery-pack-assembly-ontario-0619/,https://www.autonews.com/toyota/anc-toyota-rav4-battery-pack-assembly-ontario-0619/,Investment value not publicly disclosed,https://www.cbc.ca/news/canada/london/toyota-investing-in-southwestern-ontario-production-despite-auto-sector-uncertainty-1.7570500,https://www.autonews.com/toyota/anc-toyota-rav4-battery-pack-assembly-ontario-0619/ (year only),,https://www.autonews.com/toyota/anc-toyota-rav4-battery-pack-assembly-ontario-0619/,,Operational
Battery,New_SKOn_CN1,SK On,South Korea,Completed,China,Changzhou (Jiangsu),2018,2019,Battery,Manufacturing,,0,1,1,Beijing Automotive Group + Beijing Electronics (BEST JV; SK 49%),https://www.kedglobal.com/ev-batteries/newsView/ked202011250006,https://www.kedglobal.com/ev-batteries/newsView/ked202011250006,https://www.kedglobal.com/ev-batteries/newsView/ked202011250006,Investment value not publicly disclosed,https://www.kedglobal.com/ev-batteries/newsView/ked202011250006,https://www.kedglobal.com/ev-batteries/newsView/ked202011250006 (year only),https://www.kedglobal.com/ev-batteries/newsView/ked202011250006 (year only),https://www.kedglobal.com/ev-batteries/newsView/ked202011250006,https://www.kedglobal.com/ev-batteries/newsView/ked202011250006,Operational
EV,EV2,Honda,Japan,Announced,Canada,Alliston (Ontario),2024,N/A,EV,Manufacturing,11000,0,1,0,Asahi Kasei Honda Battery Separator Canada; POSCO Future M Honda CAM/pCAM JV,https://global.honda/en/newsroom/news/2024/c240425deng.html,https://global.honda/en/newsroom/news/2024/c240425deng.html,https://global.honda/en/newsroom/news/2024/c240425deng.html,https://global.honda/en/newsroom/news/2024/c240425deng.html,https://global.honda/en/newsroom/news/2024/c240425deng.html,https://global.honda/en/newsroom/news/2024/c240425deng.html,https://www.hyundai.com/in/en/hyundai-story/media-center/press-release/building-tamil-nadu-future-together,https://global.honda/en/newsroom/news/2024/c240425deng.html,https://global.honda/en/newsroom/news/2024/c240425deng.html,Announced only
EV,New_MarutiSuzuki_IN1,Maruti Suzuki,Japan,Announced,India,Hansalpur (Gujarat),2025,N/A,EV,Manufacturing,8000,0,0,0,,https://www.indiainfoline.com/news/business/maruti-suzuki-rolls-out-first-ev-e-vitara-from-gujarat-plant,https://www.indiainfoline.com/news/business/maruti-suzuki-rolls-out-first-ev-e-vitara-from-gujarat-plant,https://www.electrive.com/2025/08/27/maruti-suzuki-starts-production-of-the-e-vitara/,https://www.reuters.com/world/india/suzuki-motor-invest-8-billion-india-begins-first-ev-production-2025-08-26/,https://www.indiainfoline.com/news/business/maruti-suzuki-rolls-out-first-ev-e-vitara-from-gujarat-plant,https://www.electrive.com/2025/08/27/maruti-suzuki-starts-production-of-the-e-vitara/,https://www.indiainfoline.com/news/business/maruti-suzuki-rolls-out-first-ev-e-vitara-from-gujarat-plant,https://www.indiainfoline.com/news/business/maruti-suzuki-rolls-out-first-ev-e-vitara-from-gujarat-plant,,Announced only
EV,HAREV0076,Shedrive,China,Completed,Thailand,Chonburi,2024,2025,EV,Manufacturing,7600,0,0,0,,https://chinaedrive.com/en/,https://mp.weixin.qq.com/s/8SPYnd62mA5_bPa33oip8g,https://mp.weixin.qq.com/s/gK24P1yrKUJFqlQ5uAhQ8g,Investment value not publicly disclosed,,https://mp.weixin.qq.com/s/RYy3-rN25UyXqoz6DHdpkw,https://mp.weixin.qq.com/s/8SPYnd62mA5_bPa33oip8g,https://mp.weixin.qq.com/s/gK24P1yrKUJFqlQ5uAhQ8g,,Operational
EV,EV4,Hyundai Motor Group,South Korea,Operational,United States,Ellabell (Georgia),2022,2024,EV,Manufacturing,7600,0,0,0,,"https://www.hyundai.com/worldwide/en/newsroom/detail/hyundai-motor-group-metaplant-america-celebrates-grand-opening,-powering-u.s.-economic-growth-0000000920","https://www.hyundai.com/worldwide/en/newsroom/detail/hyundai-motor-group-metaplant-america-celebrates-grand-opening,-powering-u.s.-economic-growth-0000000920","https://www.hyundai.com/worldwide/en/newsroom/detail/hyundai-motor-group-metaplant-america-celebrates-grand-opening,-powering-u.s.-economic-growth-0000000920","https://www.hyundai.com/worldwide/en/newsroom/detail/hyundai-motor-group-metaplant-america-celebrates-grand-opening,-powering-u.s.-economic-growth-0000000920",https://www.electrive.com/2023/02/15/mg-launches-ev-production-in-thailand/,"https://www.hyundai.com/worldwide/en/newsroom/detail/hyundai-motor-group-metaplant-america-celebrates-grand-opening,-powering-u.s.-economic-growth-0000000920","https://www.hyundai.com/worldwide/en/newsroom/detail/hyundai-motor-group-metaplant-america-celebrates-grand-opening,-powering-u.s.-economic-growth-0000000920","https://www.hyundai.com/worldwide/en/newsroom/detail/hyundai-motor-group-metaplant-america-celebrates-grand-opening,-powering-u.s.-economic-growth-0000000920",,Operational
EV,EV5,Tesla,United States,Operational,China,Shanghai,2018,2019,EV,Manufacturing,7000,0,0,0,,https://www.chinadaily.com.cn/a/201901/08/WS5c3385bca31068606745f568.html,https://www.chinadaily.com.cn/a/201901/08/WS5c3385bca31068606745f568.html,https://www.chinadaily.com.cn/a/201901/08/WS5c3385bca31068606745f568.html,https://www.chinadaily.com.cn/a/201901/08/WS5c3385bca31068606745f568.html,https://global.toyota/en/newsroom/corporate/44318893.html,https://www.chinadaily.com.cn/a/201901/08/WS5c3385bca31068606745f568.html,https://www.chinadaily.com.cn/a/201901/08/WS5c3385bca31068606745f568.html,https://www.chinadaily.com.cn/a/201901/08/WS5c3385bca31068606745f568.html,,Operational
EV,HAREV0078,TAILG,China,Completed,Indonesia,Cikarang (West Java),2024,2024,EV,Manufacturing,5100,0,0,0,,https://www.tailg.com/index.html,https://mp.weixin.qq.com/s/kuIXtjcOyZGom98S-LZ28A,https://mp.weixin.qq.com/s/zU_aucX85pVoVXE_azoTlQ,Investment value not publicly disclosed,,https://www.tailg.com/newsinfo-184.html?utm_source=chatgpt.com,https://mp.weixin.qq.com/s/kuIXtjcOyZGom98S-LZ28A,https://www.tailg.com/newsinfo-184.html?utm_source=chatgpt.com,,Operational
EV,EV13,Tesla,United States,Announced,Mexico,Santa Catarina (Nuevo León),2023,N/A,EV,Manufacturing,5000,0,0,0,,https://www.foxbusiness.com/politics/musk-says-teslas-mexico-factory-pause-over-trumps-tariff-pledge,https://www.foxbusiness.com/politics/musk-says-teslas-mexico-factory-pause-over-trumps-tariff-pledge,https://www.foxbusiness.com/politics/musk-says-teslas-mexico-factory-pause-over-trumps-tariff-pledge,https://www.foxbusiness.com/politics/musk-says-teslas-mexico-factory-pause-over-trumps-tariff-pledge,https://www.indiainfoline.com/news/business/maruti-suzuki-rolls-out-first-ev-e-vitara-from-gujarat-plant,https://www.foxbusiness.com/politics/musk-says-teslas-mexico-factory-pause-over-trumps-tariff-pledge,https://www.indiainfoline.com/news/business/maruti-suzuki-rolls-out-first-ev-e-vitara-from-gujarat-plant,https://www.foxbusiness.com/politics/musk-says-teslas-mexico-factory-pause-over-trumps-tariff-pledge,,Announced only
EV,HAREV0050,BYD,China,Completed,Hungary,Szeged (Csongrád-Csanád),2023,2026,EV,Manufacturing,4500,0,0,0,,https://www.bydglobal.com/en/index.html,https://www.iaa-mobility.com/en/newsroom/news/future-technology/byd-launches-trial-production-hungary-milestone-european-ev-manufacturing,https://www.businessinsider.com/satellite-photos-show-byds-massive-hungary-factory-taking-shape-2025-4?utm_source=chatgpt.com,https://www.businessinsider.com/satellite-photos-show-byds-massive-hungary-factory-taking-shape-2025-4?utm_source=chatgpt.com,,https://www.byd.com/eu/news-list/BYD_to_Build_A_New_Energy_Passenger_Vehicle_Factory_in_Hungary_for_Localised_Production_in_Europe,https://www.iaa-mobility.com/en/newsroom/news/future-technology/byd-launches-trial-production-hungary-milestone-european-ev-manufacturing,https://www.businessinsider.com/satellite-photos-show-byds-massive-hungary-factory-taking-shape-2025-4?utm_source=chatgpt.com,,Operational
EV,HAREV0086,Yutong,China,Commenced,Qatar,Umm Alhoul Free Zone,2023,N/A,EV,Manufacturing,4300,0,1,1,Mowasalat,https://en.yutong.com/,https://en.yutong.com/pressmedia/news/1870002812222574592.shtml?utm_source=chatgpt.com,https://en.yutong.com/pressmedia/news/1870002812222574592.shtml?utm_source=chatgpt.com,Investment value not publicly disclosed,https://www.hyundai.com/worldwide/en/newsroom/detail/hyundai-motor-group-and-lg-energy-solution-to-establish-battery-cell-manufacturing-joint-venture-in-the-u.s.-0000000254,,https://www.hyundai.com/worldwide/en/newsroom/detail/hyundai-motor-group-and-lg-energy-solution-to-establish-battery-cell-manufacturing-joint-venture-in-the-u.s.-0000000254,https://en.yutong.com/pressmedia/news/2023DNQoFaGZmt.shtml,https://www.hyundai.com/worldwide/en/newsroom/detail/hyundai-motor-group-and-lg-energy-solution-to-establish-battery-cell-manufacturing-joint-venture-in-the-u.s.-0000000254,Under construction
EV,HAREV0088,BDJA,China,Completed,Malaysia,Johor Baru (Johor),2025,2025,EV,Manufacturing,4000,0,0,0,,http://www.bdjiean.cn/en/,https://mp.weixin.qq.com/s/vsvLuMdagioK1VVvWqWmdw,https://mp.weixin.qq.com/s/vsvLuMdagioK1VVvWqWmdw,https://www.pvtime.org/99-billion-dollars-hiuv-to-invest-in-polymer-film-plant-in-vietnam/,,https://mp.weixin.qq.com/s/nUd37MVO-aHyQbu91V4atw,https://mp.weixin.qq.com/s/vsvLuMdagioK1VVvWqWmdw,https://mp.weixin.qq.com/s/vsvLuMdagioK1VVvWqWmdw,,Operational
EV,EV19,VinFast,Vietnam,Under Construction,United States,Moncure (North Carolina),2022,N/A,EV,Manufacturing,4000,0,0,0,,https://www.sec.gov/Archives/edgar/data/0001913510/000110465924101517/tm2424378d1_ex99-1.htm,https://www.sec.gov/Archives/edgar/data/0001913510/000110465924101517/tm2424378d1_ex99-1.htm,https://www.sec.gov/Archives/edgar/data/0001913510/000110465924101517/tm2424378d1_ex99-1.htm,https://www.sec.gov/Archives/edgar/data/0001913510/000110465924101517/tm2424378d1_ex99-1.htm,https://www.deccanchronicle.com/business/autos/skoda-volkswagen-to-invest-rs-15000-cr-in-chakan-factory-1822070,https://www.sec.gov/Archives/edgar/data/0001913510/000110465924101517/tm2424378d1_ex99-1.htm,https://www.sec.gov/Archives/edgar/data/0001913510/000110465924101517/tm2424378d1_ex99-1.htm (year only),https://www.sec.gov/Archives/edgar/data/0001913510/000110465924101517/tm2424378d1_ex99-1.htm,,Under construction
EV,New_MercedesBenz_US2,Mercedes-Benz,Germany,Announced,United States,Tuscaloosa (Alabama),2026,N/A,EV,Manufacturing,4000,0,0,0,,https://group.mercedes-benz.com/company/locations/production-network-tuscaloosa.html,https://www.madeinalabama.com/2026/03/mercedes-to-invest-4-billion-in-alabama-plant/,https://www.madeinalabama.com/2026/03/mercedes-to-invest-4-billion-in-alabama-plant/,https://www.madeinalabama.com/2026/03/mercedes-to-invest-4-billion-in-alabama-plant/,https://www.madeinalabama.com/2026/03/mercedes-to-invest-4-billion-in-alabama-plant/,https://www.madeinalabama.com/2026/03/mercedes-to-invest-4-billion-in-alabama-plant/,https://www.madeinalabama.com/2026/03/mercedes-to-invest-4-billion-in-alabama-plant/,https://www.madeinalabama.com/2026/03/mercedes-to-invest-4-billion-in-alabama-plant/,,Announced only
EV,HAREV0089,BYD,China,Announced,Brazil,São Paulo,2025,N/A,EV,Manufacturing,3500,0,0,0,,https://www.bydglobal.com/en/index.html,https://www.sustainable-bus.com/news/byd-factory-bus-brazil/?utm_source=chatgpt.com,https://www.sustainable-bus.com/news/byd-factory-bus-brazil/?utm_source=chatgpt.com,Investment value not publicly disclosed,,https://www.sustainable-bus.com/news/byd-factory-bus-brazil/?utm_source=chatgpt.com,https://www.electrive.com/2025/10/28/powerco-battery-production-in-spain-scheduled-to-start-in-july-2027/,https://www.sustainable-bus.com/news/byd-factory-bus-brazil/?utm_source=chatgpt.com,,Announced only
EV,New_BMW_CN1,BMW,Germany,Operational,China,Shenyang (Liaoning),2024,2026,EV,Manufacturing,2800,0,1,1,Brilliance,https://www.electrive.com/2024/04/29/bmw-makes-china-site-fit-for-the-neue-klasse/,https://www.electrive.com/2024/04/29/bmw-makes-china-site-fit-for-the-neue-klasse/,https://www.shenyang.gov.cn/english/business/202305/t20230525_4469838.html,https://www.bmwblog.com/2024/04/27/bmw-invest-2-8-billion-in-china/,https://www.electrive.com/2024/04/29/bmw-makes-china-site-fit-for-the-neue-klasse/,https://www.electrive.com/2024/04/29/bmw-makes-china-site-fit-for-the-neue-klasse/ (year only),https://www.electrive.com/2024/04/29/bmw-makes-china-site-fit-for-the-neue-klasse/ (year only),https://www.electrive.com/2024/04/29/bmw-makes-china-site-fit-for-the-neue-klasse/,https://www.electrive.com/2024/04/29/bmw-makes-china-site-fit-for-the-neue-klasse/,Operational
EV,New_Volkswagen_BR1,Volkswagen,Germany,Announced,Brazil,São Paulo,2024,2028,EV,Manufacturing,2600,0,0,0,,https://www.campograndenews.com.br/veiculos/a-volkswagen-anuncia-investimento-de-16-bilhoes-e-16-novos-veiculos-ate-2028,https://smabc.org.br/fabrica-da-volkswagen-em-sao-bernardo-recebera-hibrido-flex-em-2026/,https://smabc.org.br/fabrica-da-volkswagen-em-sao-bernardo-recebera-hibrido-flex-em-2026/,https://abcdjornal.com.br/economia/noticia/2025/02/24/volks-confirma-a-marcelo-lima-r-72-bi-em-investimento-na-planta-anchieta/,https://smabc.org.br/fabrica-da-volkswagen-em-sao-bernardo-recebera-hibrido-flex-em-2026/,https://diariodopoder.com.br/diario-motor/volks-destrincha-os-r-16-bilhoes-de-investimentos-no-brasil-ate-2028,https://diariodopoder.com.br/diario-motor/volks-destrincha-os-r-16-bilhoes-de-investimentos-no-brasil-ate-2028,https://diariodopoder.com.br/diario-motor/volks-destrincha-os-r-16-bilhoes-de-investimentos-no-brasil-ate-2028,,Announced only
EV,New_Volkswagen_CN5,Volkswagen,Germany,Operational,China,Changchun (Jilin),2021,2024,EV,Manufacturing,2510,0,1,1,FAW,https://cnevpost.com/2024/12/18/audi-faw-plant-goes-into-production/,https://cnevpost.com/2024/12/18/audi-faw-plant-goes-into-production/,https://cnevpost.com/2024/12/18/audi-faw-plant-goes-into-production/,https://www.electrive.com/2024/12/17/audi-faw-starts-ev-production-in-changchun/,https://cnevpost.com/2024/12/18/audi-faw-plant-goes-into-production/,https://www.pv-magazine.com/2015/10/21/ja-solar-completes-70m-malaysian-fab_100021631/ (year only),https://cnevpost.com/2024/12/18/audi-faw-plant-goes-into-production/ (year only),https://cnevpost.com/2024/12/18/audi-faw-plant-goes-into-production/,https://cnevpost.com/2024/12/18/audi-faw-plant-goes-into-production/,Operational
EV,New_Toyota_IN1,Toyota Kirloskar,Japan,Announced,India,Bidkin (Maharashtra),2025,2029,EV,Manufacturing,2500,0,1,1,Toyota and Kirloskar joint,https://global.toyota/en/newsroom/corporate/44318893.html,https://www.businesstoday.in/auto/story/why-toyota-is-building-its-third-plant-in-india-530998-2026-05-12,https://www.manufacturingtodayindia.com/toyota-kirloskar-secures-827-acre-land-for-electric-car-plant-in-maharashtra,https://autotechinsight.spglobal.com/news/5278466/toyota-kirloskar-motor-to-invest-25-billion-on-a-new-ev-plant-in-maharashtra-india,https://www.businesstoday.in/auto/story/why-toyota-is-building-its-third-plant-in-india-530998-2026-05-12,https://global.toyota/en/newsroom/corporate/44318893.html,https://global.toyota/en/newsroom/corporate/44318893.html,https://www.businesstoday.in/auto/story/why-toyota-is-building-its-third-plant-in-india-530998-2026-05-12,https://www.businesstoday.in/auto/story/why-toyota-is-building-its-third-plant-in-india-530998-2026-05-12,Announced only
EV,New_Stellantis_BR1,Stellantis - Goiana,Netherlands,Commenced,Brazil,Goiana (Pernambuco),2025,2030,EV,Manufacturing,2500,0,0,0,,https://www.media.stellantis.com/br-pt/corporate/press/stellantis-anuncia-r-13-bilhoes-em-investimentos-para-o-polo-automotivo-stellantis-de-goiana?adobe_mc_ref=,https://www.media.stellantis.com/br-pt/corporate/press/stellantis-anuncia-r-13-bilhoes-em-investimentos-para-o-polo-automotivo-stellantis-de-goiana?adobe_mc_ref=,https://www.media.stellantis.com/br-pt/corporate/press/stellantis-anuncia-r-13-bilhoes-em-investimentos-para-o-polo-automotivo-stellantis-de-goiana?adobe_mc_ref=,https://www.diariodepernambuco.com.br/economia/2026/01/11704527-stellantis-investe-rs13-bilhoes-no-polo-de-goiana.html,https://www.diariodepernambuco.com.br/economia/2026/01/11704527-stellantis-investe-rs13-bilhoes-no-polo-de-goiana.html,https://www.diariodepernambuco.com.br/economia/2026/01/11704527-stellantis-investe-rs13-bilhoes-no-polo-de-goiana.html,https://www.diariodepernambuco.com.br/economia/2026/01/11704527-stellantis-investe-rs13-bilhoes-no-polo-de-goiana.html,https://www.diariodepernambuco.com.br/economia/2026/01/11704527-stellantis-investe-rs13-bilhoes-no-polo-de-goiana.html,,Under construction
EV,New_Volkswagen_CN3,Volkswagen,Germany,Operational,China,Hefei (Anhui),2023,2024,EV,Research & Development,3500,0,1,1,JAC,https://www.volkswagen-group.com/en/press-releases/volkswagen-inaugurates-randd-center-for-e-mobility-in-china-16729,https://www.volkswagen-group.com/en/press-releases/volkswagen-inaugurates-randd-center-for-e-mobility-in-china-16729,https://www.volkswagen-group.com/en/press-releases/volkswagen-inaugurates-randd-center-for-e-mobility-in-china-16729,https://www.greencarcongress.com/2024/04/20240416-hfei.html,https://volkswagengroupchina.com.cn/en/volkswagengroupchina/chronology,https://www.jcrer.com.tr/documents/Reports/jcrer_htsolar_summarypage_2025.pdf,https://www.greencarcongress.com/2024/04/20240416-hfei.html (year only),https://www.electrive.com/2024/08/19/volkswagen-to-bundle-chinese-electric-car-development-in-hefei/,https://volkswagengroupchina.com.cn/en/volkswagengroupchina/chronology,Operational
EV,New_Hyundai_IN1,Hyundai Motor India,South Korea,Under Construction,India,Sriperumbudur (Tamil Nadu),2023,N/A,EV,Manufacturing,2450,0,0,0,,https://www.kedglobal.com/electric-vehicles/newsView/ked202305120005,https://www.hyundai.com/in/en/hyundai-story/media-center/press-release/building-tamil-nadu-future-together,https://www.business-standard.com/amp/companies/news/hyundai-sees-tamil-nadu-as-flagship-ev-hub-plans-to-strengthen-ecosystem-126060400831_1.html,https://www.kedglobal.com/electric-vehicles/newsView/ked202305120005,https://www.hyundai.com/in/en/hyundai-story/media-center/press-release/building-tamil-du-future-together,https://www.business-standard.com/amp/companies/news/hyundai-sees-tamil-du-as-flagship-ev-hub-plans-to-strengthen-ecosystem-126060400831_1.html,https://ir.jinkosolar.com/news-releases/news-release-details/jinkosolar-holds-opening-ceremony-its-us-solar-panel,https://www.hyundai.com/in/en/hyundai-story/media-center/press-release/building-tamil-nadu-future-together,,Under construction
EV,HAREV0091,Changhong,China,Announced,Oman,Salalah (Dhofar),2025,N/A,EV,Manufacturing,2400,0,1,1,Salalah Global City,https://en.echanghong.com/,https://www.agbi.com/manufacturing/2025/11/chinese-company-jci-to-set-up-automotive-factory-in-oman/,https://www.agbi.com/manufacturing/2025/11/chinese-company-jci-to-set-up-automotive-factory-in-oman/,Investment value not publicly disclosed,,https://www.agbi.com/manufacturing/2025/11/chinese-company-jci-to-set-up-automotive-factory-in-oman/,,https://www.agbi.com/manufacturing/2025/11/chinese-company-jci-to-set-up-automotive-factory-in-oman/,https://en.echanghong.com/,Announced only
EV,New_BMW_BR1,BMW - Araquari,Germany,Announced,Brazil,Araquari (Santa Catarina),2024,2028,EV,Manufacturing,2300,0,0,0,,https://www.saocarlosagora.com.br/cidade/eletrificacao-das-linhas-mantera-fabrica-de-motores-da-vw-em-sao/179819/#google_vignette,https://www.press.bmwgroup.com/global/article/detail/T0441065EN/bmw-group-is-electrifying-plant-araquari,https://www.bmwgroup-werke.com/araquari/en.html,https://autopapo.com.br/noticia/vw-investe-r-13-bi-ate-2028/,https://autopapo.com.br/noticia/vw-investe-r-13-bi-ate-2028/,https://autopapo.com.br/noticia/vw-investe-r-13-bi-ate-2028/,https://autopapo.com.br/noticia/vw-investe-r-13-bi-ate-2028/,https://autopapo.com.br/noticia/vw-investe-r-13-bi-ate-2028/,,Announced only
EV,EV27,Ford,United States,Operational,Turkey,Kocaeli (Yeniköy),2022,2024,EV,Manufacturing,2200,0,1,1,Ford Otosan A.Ş. (Ford–Koç Holding JV),https://media.ford.com/content/fordmedia/feu/en/news/2023/11/04/Ford-Otosans-Plant-of-the-Future.html,https://media.ford.com/content/fordmedia/feu/en/news/2023/11/04/Ford-Otosans-Plant-of-the-Future.html,https://media.ford.com/content/fordmedia/feu/en/news/2023/11/04/Ford-Otosans-Plant-of-the-Future.html,https://media.ford.com/content/fordmedia/feu/en/news/2023/11/04/Ford-Otosans-Plant-of-the-Future.html,https://media.ford.com/content/fordmedia/feu/en/news/2023/11/04/Ford-Otosans-Plant-of-the-Future.html,https://media.ford.com/content/fordmedia/feu/en/news/2023/11/04/Ford-Otosans-Plant-of-the-Future.html (year only),https://media.ford.com/content/fordmedia/feu/en/news/2023/11/04/Ford-Otosans-Plant-of-the-Future.html (year only),https://media.ford.com/content/fordmedia/feu/en/news/2023/11/04/Ford-Otosans-Plant-of-the-Future.html,https://media.ford.com/content/fordmedia/feu/en/news/2023/11/04/Ford-Otosans-Plant-of-the-Future.html,Operational
EV,EV28,Ford,United States,Announced,Spain,Almussafes (Valencia),2022,2030,EV,Manufacturing,2200,0,0,0,,https://www.wsws.org/en/articles/2022/08/29/puag-a29.html,https://www.wsws.org/en/articles/2022/08/29/puag-a29.html,https://www.wsws.org/en/articles/2022/08/29/puag-a29.html,https://www.wsws.org/en/articles/2022/08/29/puag-a29.html,https://en.hespress.com/124385-reult-signs-new-morocco-deal-to-create-7500-jobs-and-expand-electric-vehicle-production.html,https://www.wsws.org/en/articles/2022/08/29/puag-a29.html,https://en.hespress.com/124385-reult-signs-new-morocco-deal-to-create-7500-jobs-and-expand-electric-vehicle-production.html,https://www.wsws.org/en/articles/2022/08/29/puag-a29.html,,Announced only
EV,New_Toyota_BR1,Toyota - Sorocaba,Japan,Commenced,Brazil,Sorocaba (São Paulo),2024,2026,EV,Manufacturing,2200,0,0,0,,https://www.autodata.com.br/noticias/2024/03/05/toyota-confirma-investimento-de-r-11-bilhoes-em-sorocaba-e-porto-feliz/68715/,https://www.autodata.com.br/noticias/2024/03/05/toyota-confirma-investimento-de-r-11-bilhoes-em-sorocaba-e-porto-feliz/68715/,https://noticias.sorocaba.sp.gov.br/toyota-inicia-obras-de-segunda-fabrica-em-sorocaba-e-anuncia-investimento-de-r-11-bilhoes/,https://noticias.sorocaba.sp.gov.br/toyota-inicia-obras-de-segunda-fabrica-em-sorocaba-e-anuncia-investimento-de-r-11-bilhoes/,https://noticias.sorocaba.sp.gov.br/toyota-inicia-obras-de-segunda-fabrica-em-sorocaba-e-anuncia-investimento-de-r-11-bilhoes/,https://noticias.sorocaba.sp.gov.br/toyota-inicia-obras-de-segunda-fabrica-em-sorocaba-e-anuncia-investimento-de-r-11-bilhoes/,https://noticias.sorocaba.sp.gov.br/toyota-inicia-obras-de-segunda-fabrica-em-sorocaba-e-anuncia-investimento-de-r-11-bilhoes/,https://noticias.sorocaba.sp.gov.br/toyota-inicia-obras-de-segunda-fabrica-em-sorocaba-e-anuncia-investimento-de-r-11-bilhoes/,,Under construction
EV,New_Volkswagen_CN2,Volkswagen,Germany,Operational,China,Foshan (Guangdong),2018,2020,EV,Manufacturing,2200,0,1,1,FAW,https://www.volkswagen-group.com/en/press-releases/volkswagen-group-commences-climate-friendly-meb-production-at-foshan-and-anting-plants-17115/download?disposition=attachment,https://www.electrive.com/2020/12/01/faw-volkswagen-begins-manufacturing-id-4-in-foshan/,https://www.volkswagen-group.com/en/press-releases/volkswagen-group-commences-climate-friendly-meb-production-at-foshan-and-anting-plants-17115/download?disposition=attachment,http://autonews.gasgoo.com/china_news/70016374.html,https://www.volkswagen-group.com/en/press-releases/volkswagen-group-commences-climate-friendly-meb-production-at-foshan-and-anting-plants-17115/download?disposition=attachment,https://electrek.co/2018/06/22/volkswagen-mega-factory-china-electric-vehicles/ (year only),https://www.electrive.com/2020/12/01/faw-volkswagen-begins-manufacturing-id-4-in-foshan/ (year only),https://www.volkswagen-group.com/en/press-releases/volkswagen-group-commences-climate-friendly-meb-production-at-foshan-and-anting-plants-17115/download?disposition=attachment,https://www.volkswagen-group.com/en/press-releases/volkswagen-group-commences-climate-friendly-meb-production-at-foshan-and-anting-plants-17115/download?disposition=attachment,Operational
EV,HAREV0098,GAC,China,Announced,Ethiopia,Ethiopia (site TBD),2024,N/A,EV,Manufacturing,2100,0,1,0,Huajian,https://www.gacgroup.com/en,https://www.gacgroup.com/en/news/article/103-148?utm_source=chatgpt.com,https://www.gacgroup.com/en/news/article/103-148?utm_source=chatgpt.com,Investment value not publicly disclosed,,http://en.cabc.org.cn/?c=news&a=view&id=584,https://www.bmwgroup.com/en/news/general/2025/series-production-of-the-BMW-iX3.html,https://www.gacgroup.com/en/news/article/103-148?utm_source=chatgpt.com,https://www.gacgroup.com/en,Announced only
EV,EV29,BMW Group,Germany,Operational,Hungary,Debrecen (Hajdú-Bihar),2018,2025,EV,Manufacturing,2100,0,0,0,,https://www.bmwgroup.com/en/news/general/2025/series-production-of-the-BMW-iX3.html,https://www.bmwgroup.com/en/news/general/2025/series-production-of-the-BMW-iX3.html,https://www.bmwgroup.com/en/news/general/2025/series-production-of-the-BMW-iX3.html,https://www.bmwgroup.com/en/news/general/2025/series-production-of-the-BMW-iX3.html,,https://www.bmwgroup.com/en/news/general/2025/series-production-of-the-BMW-iX3.html (year only),https://www.bmwgroup.com/en/news/general/2025/series-production-of-the-BMW-iX3.html,https://www.bmwgroup.com/en/news/general/2025/series-production-of-the-BMW-iX3.html,,Operational
EV,New_Volkswagen_CN1,Volkswagen,Germany,Operational,China,Anting (Shanghai),2018,2020,EV,Manufacturing,2100,0,1,1,SAIC,https://www.volkswagen-group.com/en/press-releases/volkswagen-group-commences-climate-friendly-meb-production-at-foshan-and-anting-plants-17115/download?disposition=attachment,https://cnevpost.com/2020/09/19/saic-volkswagens-new-energy-vehicle-plant-to-start-production-in-october/,https://www.volkswagen-group.com/en/press-releases/volkswagen-group-commences-climate-friendly-meb-production-at-foshan-and-anting-plants-17115/download?disposition=attachment,https://cnevpost.com/2020/09/19/saic-volkswagens-new-energy-vehicle-plant-to-start-production-in-october/,https://www.volkswagen-group.com/en/press-releases/volkswagen-group-commences-climate-friendly-meb-production-at-foshan-and-anting-plants-17115/download?disposition=attachment,https://www.electrive.com/2018/10/19/saic-vw-building-factory-for-meb-bevs/ (year only),https://cnevpost.com/2020/09/19/saic-volkswagens-new-energy-vehicle-plant-to-start-production-in-october/ (year only),https://www.volkswagen-group.com/en/press-releases/volkswagen-group-commences-climate-friendly-meb-production-at-foshan-and-anting-plants-17115/download?disposition=attachment,https://www.volkswagen-group.com/en/press-releases/volkswagen-group-commences-climate-friendly-meb-production-at-foshan-and-anting-plants-17115/download?disposition=attachment,Operational
EV,EV32,Scout Motors (Volkswagen),Germany,Under Construction,United States,Blythewood (South Carolina),2023,N/A,EV,Manufacturing,2000,0,0,0,,https://www.assemblymag.com/articles/97665-scout-motors-to-build-ev-assembly-plant-in-south-carolina,https://www.assemblymag.com/articles/97665-scout-motors-to-build-ev-assembly-plant-in-south-carolina,https://www.assemblymag.com/articles/97665-scout-motors-to-build-ev-assembly-plant-in-south-carolina,https://www.assemblymag.com/articles/97665-scout-motors-to-build-ev-assembly-plant-in-south-carolina,,https://www.assemblymag.com/articles/97665-scout-motors-to-build-ev-assembly-plant-in-south-carolina,https://www.assemblymag.com/articles/97665-scout-motors-to-build-ev-assembly-plant-in-south-carolina,https://www.assemblymag.com/articles/97665-scout-motors-to-build-ev-assembly-plant-in-south-carolina,,Under construction
EV,EV35,Stellantis,Netherlands,Under Construction,Brazil,Betim (MG),2024,N/A,EV,Manufacturing,2000,0,0,0,,https://www.reuters.com/business/autos-transportation/stellantis-invest-r30-bln-brazil-2024-2030-2024-04-26/,https://www.reuters.com/business/autos-transportation/stellantis-invest-r30-bln-brazil-2024-2030-2024-04-26/,https://www.reuters.com/business/autos-transportation/stellantis-invest-r30-bln-brazil-2024-2030-2024-04-26/,https://www.reuters.com/business/autos-transportation/stellantis-invest-r30-bln-brazil-2024-2030-2024-04-26/,,https://www.reuters.com/business/autos-transportation/stellantis-invest-r30-bln-brazil-2024-2030-2024-04-26/,https://mp.weixin.qq.com/s/i9MsrPvz1igLqkfVOVwx0w,https://www.reuters.com/business/autos-transportation/stellantis-invest-r30-bln-brazil-2024-2030-2024-04-26/,,Under construction
EV,New_MercedesBenz_CN1,Mercedes-Benz,Germany,Operational,China,Beijing,2024,N/A,EV,Manufacturing,2000,0,1,1,BAIC,https://govt.chinadaily.com.cn/s/202307/06/WS64a65d9a498ea274927c3042/beijing-benz-automotive-co-ltd.html,https://govt.chinadaily.com.cn/s/202307/06/WS64a65d9a498ea274927c3042/beijing-benz-automotive-co-ltd.html,https://govt.chinadaily.com.cn/s/202307/06/WS64a65d9a498ea274927c3042/beijing-benz-automotive-co-ltd.html,https://www.electrive.com/2024/09/05/mercedes-refreshes-china-model-range-with-billion-euro-investment/,https://govt.chinadaily.com.cn/s/202307/06/WS64a65d9a498ea274927c3042/beijing-benz-automotive-co-ltd.html,https://www.pv-magazine.com/2024/11/22/ja-solar-plans-2-gw-solar-cell-module-factory-in-egypt/ (year only),,https://govt.chinadaily.com.cn/s/202307/06/WS64a65d9a498ea274927c3042/beijing-benz-automotive-co-ltd.html,https://govt.chinadaily.com.cn/s/202307/06/WS64a65d9a498ea274927c3042/beijing-benz-automotive-co-ltd.html,Operational
EV,New_Ford_DE1,Ford,United States,Operational,Germany,Cologne (North Rhine-Westphalia),2023,2024,EV,Manufacturing,2000,0,0,0,,https://www.wardsauto.com/news/archive-auto-Ford-EVs-electric-vehicles-factory-cologne-germany/652852/,https://media.ford.com/content/fordmedia/feu/en/news/2024/06/04/mass-production-of-new-all-electric-explorer-starts-at-fords-ev-.html,https://media.ford.com/content/fordmedia/feu/en/news/2024/06/04/mass-production-of-new-all-electric-explorer-starts-at-fords-ev-.html,https://www.wardsauto.com/news/archive-auto-Ford-EVs-electric-vehicles-factory-cologne-germany/652852/,https://www.wardsauto.com/news/archive-auto-Ford-EVs-electric-vehicles-factory-cologne-germany/652852/,https://www.wardsauto.com/news/archive-auto-Ford-EVs-electric-vehicles-factory-cologne-germany/652852/,https://media.ford.com/content/fordmedia/feu/en/news/2024/06/04/mass-production-of-new-all-electric-explorer-starts-at-fords-ev-.html,https://media.ford.com/content/fordmedia/feu/en/news/2024/06/04/mass-production-of-new-all-electric-explorer-starts-at-fords-ev-.html,,Operational
EV,New_Ford_CA1,Ford,United States,Cancelled,Canada,Oakville (Ontario),2020,N/A,EV,Manufacturing,1800,0,0,0,,https://www.pm.gc.ca/en/news/news-releases/2020/10/08/new-commitment-battery-electric-vehicle-manufacturing-ontario,https://electricautonomy.ca/ev-supply-chain/manufacturing/2024-07-18/ford-oakville-ev-assembly-plant-gasoline-pickups/,https://www.pm.gc.ca/en/news/news-releases/2020/10/08/new-commitment-battery-electric-vehicle-manufacturing-ontario,https://electricautonomy.ca/ev-supply-chain/manufacturing/2024-07-18/ford-oakville-ev-assembly-plant-gasoline-pickups/,https://electricautonomy.ca/ev-supply-chain/manufacturing/2024-07-18/ford-oakville-ev-assembly-plant-gasoline-pickups/,https://www.pm.gc.ca/en/news/news-releases/2020/10/08/new-commitment-battery-electric-vehicle-manufacturing-ontario,https://electricautonomy.ca/ev-supply-chain/manufacturing/2024-07-18/ford-oakville-ev-assembly-plant-gasoline-pickups/,https://www.pm.gc.ca/en/news/news-releases/2020/10/08/new-commitment-battery-electric-vehicle-manufacturing-ontario,,Ceased operations
EV,New_Stellantis_MX1,Stellantis,Netherlands,Operational,Mexico,Toluca (State of Mexico),2022,2024,EV,Manufacturing,1600,0,0,0,,https://www.stellantis.com/en,https://mexico-now.com/stellantis-to-produce-electric-vehicles-in-the-state-of-mexico/,https://mexico-now.com/stellantis-to-produce-electric-vehicles-in-the-state-of-mexico/,https://www.steelorbis.com/steel-news/latest-news/stellantis-invested-16-billion-to-produce-electric-vehicles-in-mexico-1354099.htm,https://www.stellantis.com/en,https://mexico-now.com/stellantis-to-produce-electric-vehicles-in-the-state-of-mexico/,https://www.lessosolar.com/introduction-of-indonesia-pv-factory/,https://www.stellantis.com/en,,Operational
EV,New_Toyota_CN1,Toyota,Japan,Operational,China,Guangzhou (Guangdong),2019,2022,EV,Manufacturing,1600,0,1,1,GAC (China),https://www2.yicaiglobal.com/news/gac-toyota-joint-ventures-pump-usd22-billion-into-capacity-expansion,https://www2.yicaiglobal.com/news/gac-toyota-joint-ventures-pump-usd22-billion-into-capacity-expansion,https://www2.yicaiglobal.com/news/gac-toyota-joint-ventures-pump-usd22-billion-into-capacity-expansion,https://www2.yicaiglobal.com/news/gac-toyota-joint-ventures-pump-usd22-billion-into-capacity-expansion,https://www2.yicaiglobal.com/news/gac-toyota-joint-ventures-pump-usd22-billion-into-capacity-expansion,https://www2.yicaiglobal.com/news/gac-toyota-joint-ventures-pump-usd22-billion-into-capacity-expansion,https://www2.yicaiglobal.com/news/gac-toyota-joint-ventures-pump-usd22-billion-into-capacity-expansion,https://www2.yicaiglobal.com/news/gac-toyota-joint-ventures-pump-usd22-billion-into-capacity-expansion,https://www2.yicaiglobal.com/news/gac-toyota-joint-ventures-pump-usd22-billion-into-capacity-expansion,Operational
EV,EV39,Hyundai Motor Group,South Korea,Operational,Indonesia,Cikarang (West Java),2019,2022,EV,Manufacturing,1550,0,0,0,,https://www.hyundai.com/worldwide/en/newsroom/detail/0000000247,https://www.hyundai.com/worldwide/en/newsroom/detail/0000000247,https://www.hyundai.com/worldwide/en/newsroom/detail/0000000247,https://www.hyundai.com/worldwide/en/newsroom/detail/0000000247,https://mp.weixin.qq.com/s/nvS8r55kSTzfaVfacGS--Q,https://www.hyundai.com/worldwide/en/newsroom/detail/0000000247,https://www.hyundai.com/worldwide/en/newsroom/detail/0000000247,https://www.hyundai.com/worldwide/en/newsroom/detail/0000000247,,Operational
EV,EV41,Volkswagen,Germany,Under Construction,Spain,Martorell (Catalonia),2022,N/A,EV,Manufacturing,1500,0,0,0,,https://www.volkswagen-group.com/en/press-releases/future-fast-forward-volkswagen-group-and-seat-sa-take-key-step-towards-the-electrification-of-spain-17552,https://www.volkswagen-group.com/en/press-releases/future-fast-forward-volkswagen-group-and-seat-sa-take-key-step-towards-the-electrification-of-spain-17552,https://www.volkswagen-group.com/en/press-releases/future-fast-forward-volkswagen-group-and-seat-sa-take-key-step-towards-the-electrification-of-spain-17552,https://www.volkswagen-group.com/en/press-releases/future-fast-forward-volkswagen-group-and-seat-sa-take-key-step-towards-the-electrification-of-spain-17552,,https://www.volkswagen-group.com/en/press-releases/future-fast-forward-volkswagen-group-and-seat-sa-take-key-step-towards-the-electrification-of-spain-17552,https://www.volkswagen-group.com/en/press-releases/future-fast-forward-volkswagen-group-and-seat-sa-take-key-step-towards-the-electrification-of-spain-17552 (year only),https://www.volkswagen-group.com/en/press-releases/future-fast-forward-volkswagen-group-and-seat-sa-take-key-step-towards-the-electrification-of-spain-17552,,Under construction
EV,New_VW_IN1,Volkswagen (SAVWIPL),Germany,Under Construction,India,Chakan (Maharashtra),2024,N/A,EV,Manufacturing,1500,0,0,0,,https://www.deccanchronicle.com/business/autos/skoda-volkswagen-to-invest-rs-15000-cr-in-chakan-factory-1822070,https://www.deccanchronicle.com/business/autos/skoda-volkswagen-to-invest-rs-15000-cr-in-chakan-factory-1822070,https://www.constructionworld.in/energy-infrastructure/power-and-renewable-energy/skoda-volkswagen-to-invest-in-ev-plant/62420,https://www.constructionworld.in/energy-infrastructure/power-and-renewable-energy/skoda-volkswagen-to-invest-in-ev-plant/62420,https://www.deccanchronicle.com/business/autos/skoda-volkswagen-to-invest-rs-15000-cr-in-chakan-factory-1822070,https://www.constructionworld.in/energy-infrastructure/power-and-renewable-energy/skoda-volkswagen-to-invest-in-ev-plant/62420,https://www.skoda-storyboard.com/en/press-releases/in-india-for-india-skoda-auto-announces-the-start-of-series-production-of-the-skoda-kylaq-in-pune/,https://www.skoda-storyboard.com/en/press-releases/in-india-for-india-skoda-auto-announces-the-start-of-series-production-of-the-skoda-kylaq-in-pune/,,Under construction
EV,New_CAOACheryChangan_BR1,Chery,China,Announced,Brazil,Anápolis (Goiás),2026,2028,EV,Manufacturing,1500,0,1,1,CAOA Chery (JV est. 2017) / CAOA Changan (JV est. 2025),https://www.cnnbrasil.com.br/auto/caoa-anuncia-r-5-bi-na-fabrica-de-anapolis-para-produzir-changan-e-chery/,https://www.cnnbrasil.com.br/auto/caoa-anuncia-r-5-bi-na-fabrica-de-anapolis-para-produzir-changan-e-chery/,https://www.cnnbrasil.com.br/auto/caoa-anuncia-r-5-bi-na-fabrica-de-anapolis-para-produzir-changan-e-chery/,https://www.businesswire.com/news/home/20260329453673/en/Changan-and-CAOA-Strengthen-Long-Term-Commitment-to-Brazil-with-New-R%24-5-Billion-Investment-Cycle-and-Breakthrough-Flex-Fuel-Technology,https://www.cnnbrasil.com.br/auto/caoa-anuncia-r-5-bi-na-fabrica-de-anapolis-para-produzir-changan-e-chery/,https://www.cnnbrasil.com.br/auto/caoa-anuncia-r-5-bi-na-fabrica-de-anapolis-para-produzir-changan-e-chery/,https://www.cnnbrasil.com.br/auto/caoa-anuncia-r-5-bi-na-fabrica-de-anapolis-para-produzir-changan-e-chery/,https://www.cnnbrasil.com.br/auto/caoa-anuncia-r-5-bi-na-fabrica-de-anapolis-para-produzir-changan-e-chery/,https://www.cnnbrasil.com.br/auto/caoa-anuncia-r-5-bi-na-fabrica-de-anapolis-para-produzir-changan-e-chery/,Announced only
EV,HAREV0104,JMC,China,Announced,Serbia,Sremska Mitrovica (Vojvodina),2025,N/A,EV,Manufacturing,1400,0,0,0,,https://en.jmev.com/,https://www.serbianmonitor.com/en/chinas-jmev-to-build-an-electric-car-factory-in-sremska-mitrovica/#google_vignette,https://www.serbianmonitor.com/en/chinas-jmev-to-build-an-electric-car-factory-in-sremska-mitrovica/#google_vignette,https://www.romania-insider.com/dahai-pv-panel-production-factory-romania-2024,,https://www.serbianmonitor.com/en/chinas-jmev-to-build-an-electric-car-factory-in-sremska-mitrovica/#google_vignette,https://www.electrive.com/2025/07/21/stellantis-to-expand-moroccan-production-capacity/ (year only),https://www.serbianmonitor.com/en/chinas-jmev-to-build-an-electric-car-factory-in-sremska-mitrovica/#google_vignette,,Announced only
EV,EV68,Stellantis,Netherlands,Operational,Morocco,Kenitra (Rabat-Salé-Kénitra),2015,2019,EV,Manufacturing,1400,0,0,0,,https://www.electrive.com/2025/07/21/stellantis-to-expand-moroccan-production-capacity/,https://www.electrive.com/2025/07/21/stellantis-to-expand-moroccan-production-capacity/,https://www.electrive.com/2025/07/21/stellantis-to-expand-moroccan-production-capacity/,https://www.electrive.com/2025/07/21/stellantis-to-expand-moroccan-production-capacity/,,https://www.electrive.com/2025/07/21/stellantis-to-expand-moroccan-production-capacity/ (year only),https://www.electrive.com/2025/07/21/stellantis-to-expand-moroccan-production-capacity/ (year only),https://www.electrive.com/2025/07/21/stellantis-to-expand-moroccan-production-capacity/,,Operational
EV,New_GM_CN1,GM,United States,Operational,China,Shanghai,2023,2023,EV,Manufacturing,1400,0,1,1,SAIC,https://www.electrive.com/2023/07/11/saic-gm-to-build-third-ev-factory-in-china/,https://www.electrive.com/2023/07/11/saic-gm-to-build-third-ev-factory-in-china/,https://www.electrive.com/2023/07/11/saic-gm-to-build-third-ev-factory-in-china/,https://investor.gm.com/static-files/e7aa4b8b-9fa8-41c1-8d93-5f8d22825aed,https://www.electrive.com/2023/07/11/saic-gm-to-build-third-ev-factory-in-china/,https://www.electrive.com/2023/07/11/saic-gm-to-build-third-ev-factory-in-china/ (year only),,https://www.electrive.com/2023/07/11/saic-gm-to-build-third-ev-factory-in-china/,https://www.electrive.com/2023/07/11/saic-gm-to-build-third-ev-factory-in-china/,Operational
EV,HAREV0096,GAC,China,Announced,Brazil,Brazil (site TBD),2025,N/A,EV,Manufacturing,1300,0,0,0,,https://www.gacgroup.com/en,https://www.reuters.com/business/autos-transportation/chinas-gac-starts-auto-sales-brazil-eyes-local-plant-by-late-2026-2025-05-23/?utm_source=chatgpt.com,https://www.reuters.com/business/autos-transportation/chinas-gac-starts-auto-sales-brazil-eyes-local-plant-by-late-2026-2025-05-23/?utm_source=chatgpt.com,https://www.mysteel.net/news/5072022-flash-hongshi-holdings-group-to-invest-in-the-construction-of-industrial-parks-in-indonesia,https://www.marklines.com/en/news/326314?utm_source=chatgpt.com,https://www.reuters.com/business/autos-transportation/chinas-gac-starts-auto-sales-brazil-eyes-local-plant-by-late-2026-2025-05-23/?utm_source=chatgpt.com,https://media.ford.com/content/fordmedia/feu/en/news/2023/11/04/Ford-Otosans-Plant-of-the-Future.html (year only),https://www.reuters.com/business/autos-transportation/chinas-gac-starts-auto-sales-brazil-eyes-local-plant-by-late-2026-2025-05-23/?utm_source=chatgpt.com,,Announced only
EV,New_Volvo_US1,Volvo,Sweden,Operational,United States,Ridgeville (South Carolina),2021,2024,EV,Manufacturing,1300,0,0,0,,https://www.volvocars.com/intl/media/press-releases/ED74D24FBD001BA9/,https://www.volvocars.com/intl/media/press-releases/ED74D24FBD001BA9/,https://www.volvocars.com/intl/media/press-releases/ED74D24FBD001BA9/,https://www.volvocars.com/intl/media/press-releases/ED74D24FBD001BA9/,https://www.volvocars.com/intl/media/press-releases/ED74D24FBD001BA9/,https://www.the-big-green-machine.com/siteid/69,https://www.the-big-green-machine.com/siteid/69,https://www.volvocars.com/intl/media/press-releases/ED74D24FBD001BA9/,,Operational
EV,New_Toyota_CN2,Toyota,Japan,Operational,China,Tianjin,2020,2022,EV,Manufacturing,1220,0,1,1,FAW (China),https://www.reuters.com/article/us-toyota-china-electric/toyota-plans-new-1-2-billion-ev-plant-in-tianjin-with-faw-document-idUSKBN20N0H0,https://www.reuters.com/article/us-toyota-china-electric/toyota-plans-new-1-2-billion-ev-plant-in-tianjin-with-faw-document-idUSKBN20N0H0,https://www.reuters.com/article/us-toyota-china-electric/toyota-plans-new-1-2-billion-ev-plant-in-tianjin-with-faw-document-idUSKBN20N0H0,https://www.reuters.com/article/us-toyota-china-electric/toyota-plans-new-1-2-billion-ev-plant-in-tianjin-with-faw-document-idUSKBN20N0H0,https://www.reuters.com/article/us-toyota-china-electric/toyota-plans-new-1-2-billion-ev-plant-in-tianjin-with-faw-document-idUSKBN20N0H0,https://www.reuters.com/article/us-toyota-china-electric/toyota-plans-new-1-2-billion-ev-plant-in-tianjin-with-faw-document-idUSKBN20N0H0,,https://www.reuters.com/article/us-toyota-china-electric/toyota-plans-new-1-2-billion-ev-plant-in-tianjin-with-faw-document-idUSKBN20N0H0,https://www.reuters.com/article/us-toyota-china-electric/toyota-plans-new-1-2-billion-ev-plant-in-tianjin-with-faw-document-idUSKBN20N0H0,Operational
EV,EV43,JLR (Tata),India,Under Construction,United Kingdom,Halewood (Merseyside),2023,N/A,EV,Manufacturing,1200,0,0,0,,https://media.jaguarlandrover.com/news/2023/04/jaguar-land-rover-announces-its-uk-electric-future,https://media.jaguarlandrover.com/news/2023/04/jaguar-land-rover-announces-its-uk-electric-future,https://media.jaguarlandrover.com/news/2023/04/jaguar-land-rover-announces-its-uk-electric-future,https://media.jaguarlandrover.com/news/2023/04/jaguar-land-rover-announces-its-uk-electric-future,,https://media.jaguarlandrover.com/news/2023/04/jaguar-land-rover-announces-its-uk-electric-future,https://media.jaguarlandrover.com/news/2023/04/jaguar-land-rover-announces-its-uk-electric-future (year only),https://media.jaguarlandrover.com/news/2023/04/jaguar-land-rover-announces-its-uk-electric-future,,Under construction
EV,EV45,Volvo Cars (Geely-owned),Sweden,Under Construction,Slovakia,Košice,2022,2022,EV,Manufacturing,1200,0,0,0,,https://www.volvocars.com/intl/news/manufacturing/volvo-cars-build-third-european-manufacturing-plant-in-slovakia/,https://www.volvocars.com/intl/news/manufacturing/volvo-cars-build-third-european-manufacturing-plant-in-slovakia/,https://www.volvocars.com/intl/news/manufacturing/volvo-cars-build-third-european-manufacturing-plant-in-slovakia/,https://www.volvocars.com/intl/news/manufacturing/volvo-cars-build-third-european-manufacturing-plant-in-slovakia/,https://www.careratings.com/upload/CompanyFiles/PR/202412141213_Jash_Energy_Private_Limited.pdf,https://www.volvocars.com/intl/news/manufacturing/volvo-cars-build-third-european-manufacturing-plant-in-slovakia/,https://www.volvocars.com/intl/news/manufacturing/volvo-cars-build-third-european-manufacturing-plant-in-slovakia/ (year only),https://www.volvocars.com/intl/news/manufacturing/volvo-cars-build-third-european-manufacturing-plant-in-slovakia/,,Under construction
EV,New_GeneralMotors_CA2,GM,United States,Closed,Canada,Ingersoll (Ontario),2021,2021,EV,Manufacturing,1154,0,0,0,,https://www.cbc.ca/news/canada/london/gm-to-end-electric-van-production-at-cami-plant-in-ingersoll-ont-9.6946611,https://www.cbc.ca/news/canada/london/gm-to-end-electric-van-production-at-cami-plant-in-ingersoll-ont-9.6946611,https://www.cbc.ca/news/canada/london/gm-to-end-electric-van-production-at-cami-plant-in-ingersoll-ont-9.6946611,https://www.cbc.ca/news/canada/london/gm-to-end-electric-van-production-at-cami-plant-in-ingersoll-ont-9.6946611,https://www.cbc.ca/news/canada/london/gm-to-end-electric-van-production-at-cami-plant-in-ingersoll-ont-9.6946611,https://www.cbc.ca/news/canada/london/gm-to-end-electric-van-production-at-cami-plant-in-ingersoll-ont-9.6946611,https://www.cbc.ca/news/canada/london/gm-to-end-electric-van-production-at-cami-plant-in-ingersoll-ont-9.6946611,https://www.cbc.ca/news/canada/london/gm-to-end-electric-van-production-at-cami-plant-in-ingersoll-ont-9.6946611,,Ceased operations
EV,New_Hyundai_BR1,Hyundai - Piracicaba,South Korea,Announced,Brazil,Piracicaba (São Paulo),2024,N/A,EV,Manufacturing,1100,0,0,0,,https://piracicaba.sp.gov.br/noticias/hyundai-anuncia-investimentos-de-r-55-bilhoes-no-parque-automotivo-de-piracicaba/,https://agenciabrasil.ebc.com.br/economia/noticia/2024-02/em-reuniao-com-lula-hyundai-anuncia-us-11-bi-em-investimentos,https://agenciabrasil.ebc.com.br/economia/noticia/2024-02/em-reuniao-com-lula-hyundai-anuncia-us-11-bi-em-investimentos,https://www.just-auto.com/news/hyundai-to-spend-us1-1bn-on-green-in-brazil/,https://piracicaba.sp.gov.br/noticias/hyundai-anuncia-investimentos-de-r-55-bilhoes-no-parque-automotivo-de-piracicaba/,https://piracicaba.sp.gov.br/noticias/hyundai-anuncia-investimentos-de-r-55-bilhoes-no-parque-automotivo-de-piracicaba/,,https://www.just-auto.com/news/hyundai-to-spend-us1-1bn-on-green-in-brazil/?cf-view,,Announced only
EV,New_GWM_BR1,GWM - Aracruz,China,Announced,Brazil,Aracruz (Espírito Santo),2026,2032,EV,Manufacturing,1100,0,0,0,,https://exame.com/negocios/gwm-anuncia-segunda-fabrica-no-brasil-e-escolhe-espirito-santo-para-novo-polo-automotivo/,https://carnewschina.com/2026/02/27/great-wall-motors-to-build-new-factory-in-brazil-with-200000-vehicle-annual-capacity/,https://carnewschina.com/2026/02/27/great-wall-motors-to-build-new-factory-in-brazil-with-200000-vehicle-annual-capacity/,https://www.renaultgroup.com/en/group/locations/chennai-plant/,https://exame.com/negocios/gwm-anuncia-segunda-fabrica-no-brasil-e-escolhe-espirito-santo-para-novo-polo-automotivo/,https://exame.com/negocios/gwm-anuncia-segunda-fabrica-no-brasil-e-escolhe-espirito-santo-para-novo-polo-automotivo/,https://www.renaultgroup.com/en/group/locations/chennai-plant/,https://exame.com/negocios/gwm-anuncia-segunda-fabrica-no-brasil-e-escolhe-espirito-santo-para-novo-polo-automotivo/,,Announced only
EV,New_Hyundai_CN1,Hyundai,South Korea,Operational,China,Beijing,2024,2026,EV,Manufacturing,1095,0,1,1,BAIC,https://www.electrive.com/2024/12/13/hyundai-and-baic-to-launch-joint-venture-in-china/,https://www.electrive.com/2024/12/13/hyundai-and-baic-to-launch-joint-venture-in-china/,https://www.electrive.com/2024/12/13/hyundai-and-baic-to-launch-joint-venture-in-china/,https://autonews.gasgoo.com/articles/news/baic-group-hyundai-motor-to-co-invest-1095-billion-in-beijing-hyundai-70035396,https://www.electrive.com/2024/12/13/hyundai-and-baic-to-launch-joint-venture-in-china/,https://www.electrive.com/2024/12/13/hyundai-and-baic-to-launch-joint-venture-in-china/ (year only),,https://www.electrive.com/2024/12/13/hyundai-and-baic-to-launch-joint-venture-in-china/,https://www.electrive.com/2024/12/13/hyundai-and-baic-to-launch-joint-venture-in-china/,Operational
EV,HAREV0027,Aima,China,Completed,Indonesia,Cikarang (West Java),2023,2024,EV,Manufacturing,1050,0,0,0,,https://global.aimatech.com/,https://global.aimatech.com/articles/the-grand-opening-of-aimas-first-flagship-store-on-lombok-island-marks-another-key-step-in-its-global-expansion,https://global.aimatech.com/about,https://www.pv-tech.org/elite-solar-commissions-5gw-pv-manufacturing-facility-in-egypt/,,https://www.enterpriseasia.org/driving-green-mobility-aima-electric-bikes-first-landmark-store-in-indonesia-opens-grandly-in-bandung/?utm,https://global.aimatech.com/articles/the-grand-opening-of-aimas-first-flagship-store-on-lombok-island-marks-another-key-step-in-its-global-expansion,https://global.aimatech.com/about,,Operational
EV,HAREV0075,SAIC,China,Announced,Mexico,Mexico (site TBD),2024,N/A,EV,Manufacturing,1050,0,0,0,,https://www.saicmotor.com/english/index.shtml,https://www.mexcham.org/mg-motor-to-invest-us1-05b-in-mexico-plant/,https://www.mexcham.org/mg-motor-to-invest-us1-05b-in-mexico-plant/,https://mexico-now.com/mg-motor-to-invest-us1-05-billion-in-mexico/,https://global.honda/en/newsroom/news/2024/c240425deng.html,https://www.marklines.com/en/news/317178,,https://www.reuters.com/business/autos-transportation/mg-motor-build-manufacturing-plant-rd-center-mexico-2024-08-08/,,Announced only
EV,HAREV0029,BYD,China,Completed,Brazil,Camacari (Bahia),2023,2025,EV,Manufacturing,1000,0,0,0,,https://www.bydglobal.com/en/index.html,https://cnevpost.com/2025/07/02/byd-passenger-car-plant-brazil-begins-production/,https://cnevpost.com/2025/07/02/byd-passenger-car-plant-brazil-begins-production/,https://cnevpost.com/2025/07/02/byd-passenger-car-plant-brazil-begins-production/,,https://www.bloomberg.com/news/articles/2023-07-04/byd-picks-brazil-for-its-first-electric-vehicle-hub-outside-asia,https://cnevpost.com/2025/07/02/byd-passenger-car-plant-brazil-begins-production/,https://cnevpost.com/2025/07/02/byd-passenger-car-plant-brazil-begins-production/,,Operational
EV,HAREV0051,BYD,China,Commenced,Indonesia,Subang (West Java),2024,2025,EV,Manufacturing,1000,0,0,0,,https://www.bydglobal.com/en/index.html,https://otodriver.com/berita/2026/pabrik-byd-di-subang-masuk-tahap-persiapan-akhir-produksi-ditargetkan-segera-berjalan-pabedibalan,https://indonesiabusinesspost.com/2561/business-and-investment/byd-to-establish-ev-manufacturing-hub-in-subang-smartpolitan,https://www.reuters.com/business/autos-transportation/chinas-byd-complete-1-billion-indonesia-plant-by-end-2025-executive-says-2025-01-20/?utm_source=chatgpt.com,,https://indonesiabusinesspost.com/2561/business-and-investment/byd-to-establish-ev-manufacturing-hub-in-subang-smartpolitan,https://otodriver.com/berita/2026/pabrik-byd-di-subang-masuk-tahap-persiapan-akhir-produksi-ditargetkan-segera-berjalan-pabedibalan,https://www.reuters.com/business/autos-transportation/chinas-byd-complete-1-billion-indonesia-plant-by-end-2025-executive-says-2025-01-20/?utm_source=chatgpt.com,,Under construction
EV,HAREV0054,BYD,China,Commenced,Turkey,Manisa,2024,N/A,EV,Manufacturing,1000,0,0,0,,https://www.bydglobal.com/en/index.html,https://turkishminute.com/2026/01/14/chinas-byd-starts-building-ev-plant-as-part-of-billion-dollar-investment-in-turkey/,https://turkishminute.com/2026/01/14/chinas-byd-starts-building-ev-plant-as-part-of-billion-dollar-investment-in-turkey/,https://www.reuters.com/business/autos-transportation/china-ev-maker-byd-build-1-bln-plant-turkey-2024-07-08/,,https://www.reuters.com/business/autos-transportation/china-ev-maker-byd-build-1-bln-plant-turkey-2024-07-08/,,https://www.reuters.com/business/autos-transportation/china-ev-maker-byd-build-1-bln-plant-turkey-2024-07-08/,,Under construction
EV,HAREV0080,Geely (Volvo),China,Commenced,Mexico,Ciénega de Flores (Nuevo León),2024,N/A,EV,Manufacturing,1000,0,0,0,,https://www.volvocars.com/intl/,https://www.investmonterrey.com/automotive-industry/https-www-investmonterrey-com-investment-announcements-volvo-celebrates-groundbreaking-ceremony-in-monterrey/?utm_source=chatgpt.com,https://www.investmonterrey.com/investment-announcements/volvo-to-launch-new-1-billion-usd-plant-in-nuevo-leon-by-2026/,https://www.investmonterrey.com/investment-announcements/volvo-to-launch-new-1-billion-usd-plant-in-nuevo-leon-by-2026/,https://www.hyundai.com/worldwide/en/newsroom/detail/hyundai-motor-group-and-sk-on-to-establish-ev-battery-cell-production-joint-venture-in-us-0000000237,https://www.volvogroup.com/en/news-and-media/news/2024/apr/volvo-group-to-increase-north-american-heavy-truck-production-capacity.html,https://www.hyundai.com/worldwide/en/newsroom/detail/hyundai-motor-group-and-sk-on-to-establish-ev-battery-cell-production-joint-venture-in-us-0000000237,https://www.volvogroup.com/en/news-and-media/news/2024/apr/volvo-group-to-increase-north-american-heavy-truck-production-capacity.html,,Under construction
EV,HAREV0093,Chery,China,Announced,Turkey,Samsun,2025,N/A,EV,Manufacturing,1000,0,0,0,,https://www.cheryinternational.com/,https://www.reuters.com/business/autos-transportation/chinese-carmaker-chery-invest-1-billion-turkey-presidents-office-says-2025-03-26/,https://www.reuters.com/business/autos-transportation/chinese-carmaker-chery-invest-1-billion-turkey-presidents-office-says-2025-03-26/,https://www.reuters.com/business/autos-transportation/chinese-carmaker-chery-invest-1-billion-turkey-presidents-office-says-2025-03-26/,,https://www.reuters.com/business/autos-transportation/chinese-carmaker-chery-invest-1-billion-turkey-presidents-office-says-2025-03-26/,https://media.renaultgroup.com/renault-group-places-france-at-the-heart-of-its-industrial-strategy-for-ev-batteries/,https://www.reuters.com/business/autos-transportation/chinese-carmaker-chery-invest-1-billion-turkey-presidents-office-says-2025-03-26/,,Announced only
EV,HAREV0110,Omoway,China,Announced,Indonesia,Indonesia (site TBD),2025,N/A,EV,Manufacturing,1000,0,0,0,,https://www.omoway.com/en,https://www.omoway.com/en/news/1a87db6e-f87e-428f-8680-13bf42b779a7?utm_source=chatgpt.com,https://www.omoway.com/en/news/1a87db6e-f87e-428f-8680-13bf42b779a7?utm_source=chatgpt.com,https://taiyangnews.info/business/hiuv-us-solar-manufacturing-plans,,https://www.omoway.com/en/news/1a87db6e-f87e-428f-8680-13bf42b779a7?utm_source=chatgpt.com,,https://www.omoway.com/en/news/1a87db6e-f87e-428f-8680-13bf42b779a7?utm_source=chatgpt.com,,Announced only
EV,EV50,GM,United States,Operational,Mexico,Ramos Arizpe (Coahuila),2021,2023,EV,Manufacturing,1000,0,0,0,,https://news.gm.com/newsroom.detail.html/Pages/news/us/en/2021/apr/0420-mexico-investment.html,https://news.gm.com/newsroom.detail.html/Pages/news/us/en/2021/apr/0420-mexico-investment.html,https://news.gm.com/newsroom.detail.html/Pages/news/us/en/2021/apr/0420-mexico-investment.html,https://news.gm.com/newsroom.detail.html/Pages/news/us/en/2021/apr/0420-mexico-investment.html,,https://news.gm.com/newsroom.detail.html/Pages/news/us/en/2021/apr/0420-mexico-investment.html,https://news.gm.com/newsroom.detail.html/Pages/news/us/en/2021/apr/0420-mexico-investment.html,https://news.gm.com/newsroom.detail.html/Pages/news/us/en/2021/apr/0420-mexico-investment.html,,Operational
EV,EV51,Mercedes-Benz,Germany,Under Construction,Hungary,Kecskemét (Bács-Kiskun),2018,N/A,EV,Manufacturing,1000,0,0,0,,https://hipa.hu/news/mercedes-benz-investment-in-hungary-of-historical-significance-1-billion-euro-investment-in-kecskemet/,https://hipa.hu/news/mercedes-benz-investment-in-hungary-of-historical-significance-1-billion-euro-investment-in-kecskemet/,https://hipa.hu/news/mercedes-benz-investment-in-hungary-of-historical-significance-1-billion-euro-investment-in-kecskemet/,https://hipa.hu/news/mercedes-benz-investment-in-hungary-of-historical-significance-1-billion-euro-investment-in-kecskemet/,,https://hipa.hu/news/mercedes-benz-investment-in-hungary-of-historical-significance-1-billion-euro-investment-in-kecskemet/,https://hipa.hu/news/mercedes-benz-investment-in-hungary-of-historical-significance-1-billion-euro-investment-in-kecskemet/ (year only),https://hipa.hu/news/mercedes-benz-investment-in-hungary-of-historical-significance-1-billion-euro-investment-in-kecskemet/,,Under construction
EV,EV53,BYD,China,Cancelled,Morocco,Kenitra (Rabat-Salé-Kénitra),2023,N/A,EV,Manufacturing,1000,0,0,0,,https://www.electrive.com/2023/12/20/byd-rumoured-to-build-electric-car-plant-in-morocco/,https://www.electrive.com/2023/12/20/byd-rumoured-to-build-electric-car-plant-in-morocco/,https://www.electrive.com/2023/12/20/byd-rumoured-to-build-electric-car-plant-in-morocco/,https://www.electrive.com/2023/12/20/byd-rumoured-to-build-electric-car-plant-in-morocco/,,https://www.electrive.com/2023/12/20/byd-rumoured-to-build-electric-car-plant-in-morocco/,https://www.astronergy.com/about-astronergy/,https://www.electrive.com/2023/12/20/byd-rumoured-to-build-electric-car-plant-in-morocco/,,Ceased operations
EV,EV54,Foxconn,Taiwan,Operational,Thailand,Chonburi,2022,2024,EV,Manufacturing,1000,0,1,1,"Horizon Plus Co., Ltd. (Foxconn–PTT JV)",https://www.electrive.com/2022/09/14/foxtron-and-ptt-build-electric-car-factory-in-thailand/,https://www.electrive.com/2022/09/14/foxtron-and-ptt-build-electric-car-factory-in-thailand/,https://www.electrive.com/2022/09/14/foxtron-and-ptt-build-electric-car-factory-in-thailand/,https://www.electrive.com/2022/09/14/foxtron-and-ptt-build-electric-car-factory-in-thailand/,https://www.electrive.com/2022/09/14/foxtron-and-ptt-build-electric-car-factory-in-thailand/,https://www.electrive.com/2022/09/14/foxtron-and-ptt-build-electric-car-factory-in-thailand/,,https://www.electrive.com/2022/09/14/foxtron-and-ptt-build-electric-car-factory-in-thailand/,https://www.electrive.com/2022/09/14/foxtron-and-ptt-build-electric-car-factory-in-thailand/,Operational
EV,EV55,SAIC-GM-Wuling,China,Operational,Indonesia,Cikarang (West Java),2017,2022,EV,Manufacturing,1000,0,1,0,PT SGMW Motor Indonesia,https://wuling.id/en/news/article/the-wuling-air-ev-officially-launches-in-indonesia,https://wuling.id/en/news/article/the-wuling-air-ev-officially-launches-in-indonesia,https://wuling.id/en/news/article/the-wuling-air-ev-officially-launches-in-indonesia,https://wuling.id/en/news/article/the-wuling-air-ev-officially-launches-in-indonesia,https://wuling.id/en/news/article/the-wuling-air-ev-officially-launches-in-indonesia,https://wuling.id/en/news/article/the-wuling-air-ev-officially-launches-in-indonesia (year only),https://wuling.id/en/news/article/the-wuling-air-ev-officially-launches-in-indonesia (year only),https://wuling.id/en/news/article/the-wuling-air-ev-officially-launches-in-indonesia,https://wuling.id/en/news/article/the-wuling-air-ev-officially-launches-in-indonesia,Operational
EV,New_GM_BR1,GM - São Caetano do Sul,United States,Announced,Brazil,São Caetano do Sul (São Paulo),2024,N/A,EV,Manufacturing,1000,0,0,0,,https://www.sindmetalsjc.org.br/n/6849/gm-anuncia-r-55-bilhoes-em-investimentos-em-sao-jose-e-sao-caetano,https://gmauthority.com/blog/2026/02/first-chevrolet-flex-fuel-hybrids-about-to-launch-in-brazil/,https://gmauthority.com/blog/2026/02/first-chevrolet-flex-fuel-hybrids-about-to-launch-in-brazil/,https://news.chevrolet.com.br/newsroom.detail.html/Pages/news/br/pt/2024/aug/0904-investe.html,https://news.chevrolet.com.br/newsroom.detail.html/Pages/news/br/pt/2024/aug/0904-investe.html,https://news.chevrolet.com.br/newsroom.detail.html/Pages/news/br/pt/2024/aug/0904-investe.html,https://pdf.dfcfw.com/pdf/H2_AN202602061819799970_1.pdf,https://news.chevrolet.com.br/newsroom.detail.html/Pages/news/br/pt/2024/aug/0904-investe.html,,Announced only
EV,New_GM_CN2,GM,United States,Operational,China,Wuhan (Hubei),2021,2023,EV,Manufacturing,1000,0,1,1,SAIC,https://www.electrive.com/2023/01/06/saic-gm-open-second-electric-car-plant-in-china/,https://www.electrive.com/2023/01/06/saic-gm-open-second-electric-car-plant-in-china/,https://www.electrive.com/2023/01/06/saic-gm-open-second-electric-car-plant-in-china/,https://www.huangpi.gov.cn/English/MediaCenter/WuhanNews/202205/t20220516_1971813.shtml,https://www.electrive.com/2023/01/06/saic-gm-open-second-electric-car-plant-in-china/,https://www.energytrend.com/news/20240822-48251.html 08/20/2024,https://www.electrive.com/2023/01/06/saic-gm-open-second-electric-car-plant-in-china/ (year only),https://www.electrive.com/2023/01/06/saic-gm-open-second-electric-car-plant-in-china/,https://www.electrive.com/2023/01/06/saic-gm-open-second-electric-car-plant-in-china/,Operational
EV,New_VinFast_ID1,VinFast,Vietnam,Operational,Indonesia,Subang (West Java),2024,2025,EV,Manufacturing,1000,0,0,0,,https://vinfastauto.us/investor-relations/news/vinfast-breaks-ground-on-new-ev-assembly-plant-in-indonesia,https://cleantechnica.com/2025/12/17/vinfast-opens-indonesia-electric-vehicle-plant-just-17-months-after-groundbreaking/,https://cleantechnica.com/2025/12/17/vinfast-opens-indonesia-electric-vehicle-plant-just-17-months-after-groundbreaking/,https://vinfastauto.us/investor-relations/news/vinfast-officially-inaugurates-electric-vehicle-plant-in-subang-indonesia,https://vinfastauto.us/investor-relations/news/vinfast-officially-inaugurates-electric-vehicle-plant-in-subang-indonesia,https://vinfastauto.us/investor-relations/news/vinfast-breaks-ground-on-new-ev-assembly-plant-in-indonesia,https://vinfastauto.us/investor-relations/news/vinfast-officially-inaugurates-electric-vehicle-plant-in-subang-indonesia,https://vinfastauto.us/investor-relations/news/vinfast-officially-inaugurates-electric-vehicle-plant-in-subang-indonesia,,Operational
EV,New_BMW_US1,BMW,Germany,Operational,United States,Spartanburg (South Carolina),2022,2024,EV,Manufacturing,1000,0,0,0,,https://www.press.bmwgroup.com/usa/article/detail/T0404841EN_US/,https://www.sccommerce.com/news/bmw-investing-17-billion-expand-sc-manufacturing-capacity-and-footprint,https://www.sccommerce.com/news/bmw-investing-17-billion-expand-sc-manufacturing-capacity-and-footprint,https://www.sccommerce.com/news/bmw-investing-17-billion-expand-sc-manufacturing-capacity-and-footprint,https://www.sccommerce.com/news/bmw-investing-17-billion-expand-sc-manufacturing-capacity-and-footprint,https://www.the-big-green-machine.com/siteid/84,https://www.the-big-green-machine.com/siteid/84,https://www.sccommerce.com/news/bmw-investing-17-billion-expand-sc-manufacturing-capacity-and-footprint,,Operational
EV,New_Bosch_CN1,Bosch,Germany,Announced,China,Suzhou (Jiangsu),2023,N/A,EV,R&D & Manufacturing,1000,0,0,0,,https://www.bosch.com.cn/en/news-and-stories/bosch-to-set-up-r-d-and-manufacturing-base-for-new-energy-vehicles-core-components-and-automated-driving-in-suzhou-china/,https://www.bosch.com.cn/en/news-and-stories/bosch-to-set-up-r-d-and-manufacturing-base-for-new-energy-vehicles-core-components-and-automated-driving-in-suzhou-china/,https://www.bosch.com.cn/en/news-and-stories/bosch-to-set-up-r-d-and-manufacturing-base-for-new-energy-vehicles-core-components-and-automated-driving-in-suzhou-china/,https://www.bosch.com.cn/en/news-and-stories/bosch-to-set-up-r-d-and-manufacturing-base-for-new-energy-vehicles-core-components-and-automated-driving-in-suzhou-china/,https://www.bosch.com.cn/en/news-and-stories/bosch-to-set-up-r-d-and-manufacturing-base-for-new-energy-vehicles-core-components-and-automated-driving-in-suzhou-china/,https://www.bosch.com.cn/en/news-and-stories/bosch-to-set-up-r-d-and-manufacturing-base-for-new-energy-vehicles-core-components-and-automated-driving-in-suzhou-china/,,https://www.bosch.com.cn/en/news-and-stories/bosch-to-set-up-r-d-and-manufacturing-base-for-new-energy-vehicles-core-components-and-automated-driving-in-suzhou-china/,,Announced only
EV,HAREV0108,Minth,China,Announced,Serbia,Inđija (Vojvodina),2025,N/A,EV,Manufacturing,920,0,0,0,,https://www.minthgroup.com/,https://www.serbianmonitor.com/en/chinas-minth-to-invest-e870-million-in-ev-parts-factory-in-indija/,https://www.serbianmonitor.com/en/chinas-minth-to-invest-e870-million-in-ev-parts-factory-in-indija/,https://www.serbianmonitor.com/en/chinas-minth-to-invest-e870-million-in-ev-parts-factory-in-indija/,https://www.hyundai.com/worldwide/en/newsroom/detail/hli-green-power-celebrates-grand-opening-0000000620,https://www.serbianmonitor.com/en/chinas-minth-to-invest-e870-million-in-ev-parts-factory-in-indija/,https://www.hyundai.com/worldwide/en/newsroom/detail/hli-green-power-celebrates-grand-opening-0000000620,https://www.serbianmonitor.com/en/chinas-minth-to-invest-e870-million-in-ev-parts-factory-in-indija/,,Announced only
EV,HAREV0118,Welling,China,Completed,Mexico,Monterrey (Nuevo León),2025,2025,EV,Manufacturing,900,0,0,0,,https://www.wellingmotor.com/en,https://mp.weixin.qq.com/s/P81T-yBJSLpc4L_E1-oiNA,https://mp.weixin.qq.com/s/P81T-yBJSLpc4L_E1-oiNA,https://www.pvtime.org/99-billion-dollars-hiuv-to-invest-in-polymer-film-plant-in-vietnam/,https://www.posco.co.kr/homepage/docs/eng7/jsp/news/news/s91a6000010v.jsp?idx=27053,https://mp.weixin.qq.com/s/P81T-yBJSLpc4L_E1-oiNA,https://mp.weixin.qq.com/s/P81T-yBJSLpc4L_E1-oiNA,https://mp.weixin.qq.com/s/MoJfUql70_quZpEg2nGi1A,,Operational
EV,HAREV0119,Yadea,China,Completed,Thailand,Samut Prakan,2025,2025,EV,Manufacturing,870,0,0,0,,https://yadea.com/,https://gzstv.com/a/8fff0556a5da45f087cc8eae3eda2259,https://www.khaosodenglish.com/news/business/2025/10/08/yadea-targets-thailand-as-asean-ev-motorcycle-production-hub/?utm_source=chatgpt.com,Investment value not publicly disclosed,,https://gzstv.com/a/8fff0556a5da45f087cc8eae3eda2259,https://gzstv.com/a/8fff0556a5da45f087cc8eae3eda2259,https://www.khaosodenglish.com/news/business/2025/10/08/yadea-targets-thailand-as-asean-ev-motorcycle-production-hub/?utm_source=chatgpt.com,,Operational
EV,EV57,BMW Group,Germany,Under Construction,Mexico,San Luis Potosí (San Luis Potosí),2023,2025,EV,Manufacturing,870,0,0,0,,https://www.press.bmwgroup.com/global/article/detail/T0407189EN/bmw-group-expands-its-mexican-plant-by-an-additional-eur-800-million-and-creates-1-000-new-jobs-in-san-luis-potosi,https://www.press.bmwgroup.com/global/article/detail/T0407189EN/bmw-group-expands-its-mexican-plant-by-an-additional-eur-800-million-and-creates-1-000-new-jobs-in-san-luis-potosi,https://www.press.bmwgroup.com/global/article/detail/T0407189EN/bmw-group-expands-its-mexican-plant-by-an-additional-eur-800-million-and-creates-1-000-new-jobs-in-san-luis-potosi,https://www.press.bmwgroup.com/global/article/detail/T0407189EN/bmw-group-expands-its-mexican-plant-by-an-additional-eur-800-million-and-creates-1-000-new-jobs-in-san-luis-potosi,,https://www.press.bmwgroup.com/global/article/detail/T0407189EN/bmw-group-expands-its-mexican-plant-by-an-additional-eur-800-million-and-creates-1-000-new-jobs-in-san-luis-potosi,https://www.press.bmwgroup.com/global/article/detail/T0407189EN/bmw-group-expands-its-mexican-plant-by-an-additional-eur-800-million-and-creates-1-000-new-jobs-in-san-luis-potosi (year only),https://www.press.bmwgroup.com/global/article/detail/T0407189EN/bmw-group-expands-its-mexican-plant-by-an-additional-eur-800-million-and-creates-1-000-new-jobs-in-san-luis-potosi,,Under construction
EV,EV59,Stellantis,Netherlands,Operational,Spain,Vigo (Galicia),2022,2024,EV,Manufacturing,800,0,0,0,,https://www.media.stellantis.com/em-en/corporate-communications/press/stellantis-announces-investment-in-vigo-plant,https://www.media.stellantis.com/em-en/corporate-communications/press/stellantis-announces-investment-in-vigo-plant,https://www.media.stellantis.com/em-en/corporate-communications/press/stellantis-announces-investment-in-vigo-plant,https://www.media.stellantis.com/em-en/corporate-communications/press/stellantis-announces-investment-in-vigo-plant,,https://www.media.stellantis.com/em-en/corporate-communications/press/stellantis-announces-investment-in-vigo-plant,https://www.media.stellantis.com/em-en/corporate-communications/press/stellantis-announces-investment-in-vigo-plant (year only),https://www.media.stellantis.com/em-en/corporate-communications/press/stellantis-announces-investment-in-vigo-plant,,Operational
EV,New_Honda_CN1,Honda,Japan,Operational,China,Wuhan (Hubei),2022,2024,EV,Manufacturing,785,0,1,1,Dongfeng (China),https://global.honda/en/newsroom/news/2022/c220106eng.html,https://global.honda/en/newsroom/news/2022/c220106eng.html,https://global.honda/en/newsroom/news/2022/c220106eng.html,https://global.honda/en/newsroom/news/2022/c220106eng.html,https://global.honda/en/newsroom/news/2022/c220106eng.html,https://global.honda/en/newsroom/news/2022/c220106eng.html,https://global.honda/en/newsroom/news/2022/c220106eng.html,https://global.honda/en/newsroom/news/2022/c220106eng.html,https://global.honda/en/newsroom/news/2022/c220106eng.html,Operational
EV,EV60,BMW Group (Mini),Germany,Under Construction,United Kingdom,Oxford (Oxfordshire),2023,N/A,EV,Manufacturing,770,0,0,0,,https://www.press.bmwgroup.com/global/article/detail/T0413232EN/the-future-is-electric:-mini-plant-oxford-ready-for-the-next-generation-of-all-electric-mini-models,https://www.press.bmwgroup.com/global/article/detail/T0413232EN/the-future-is-electric:-mini-plant-oxford-ready-for-the-next-generation-of-all-electric-mini-models,https://www.press.bmwgroup.com/global/article/detail/T0413232EN/the-future-is-electric:-mini-plant-oxford-ready-for-the-next-generation-of-all-electric-mini-models,https://www.press.bmwgroup.com/global/article/detail/T0413232EN/the-future-is-electric:-mini-plant-oxford-ready-for-the-next-generation-of-all-electric-mini-models,,https://www.press.bmwgroup.com/global/article/detail/T0413232EN/the-future-is-electric:-mini-plant-oxford-ready-for-the-next-generation-of-all-electric-mini-models,https://www.press.bmwgroup.com/global/article/detail/T0413232EN/the-future-is-electric:-mini-plant-oxford-ready-for-the-next-generation-of-all-electric-mini-models (year only),https://www.press.bmwgroup.com/global/article/detail/T0413232EN/the-future-is-electric:-mini-plant-oxford-ready-for-the-next-generation-of-all-electric-mini-models,,Under construction
EV,New_Volkswagen_MX1,Volkswagen,Germany,Under Construction,Mexico,Cuautlancingo (Puebla),2023,N/A,EV,Manufacturing,763.5,0,0,0,,https://www.vw.com.mx,https://mexiconewsdaily.com/business/volkswagen-to-manufacture-electric-vehicles-in-mexico/,https://mexico-now.com/volkswagen-to-invest-us763-million-to-produce-electric-vehicles-in-puebla/,https://mexico-now.com/volkswagen-to-invest-us763-million-to-produce-electric-vehicles-in-puebla/,https://www.vw.com.mx,https://electrek.co/2023/11/14/volkswagen-plans-electric-vehicles-mexico/,,https://www.vw.com.mx,,Under construction
EV,New_Ford_CN1,Ford,United States,Cancelled,China,China (site TBD),2017,N/A,EV,Manufacturing,756,0,1,1,Anhui Zotye (China),https://www.reuters.com/article/us-ford-motor-china-electric-vehicle/ford-chinas-zotye-auto-invest-756-million-in-electric-vehicle-jv-idUSKBN1D81L4,https://cnevpost.com/2021/02/04/ford-terminates-agreement-to-build-new-energy-joint-venture-with-zotye/,https://www.reuters.com/article/us-ford-motor-china-electric-vehicle/ford-chinas-zotye-auto-invest-756-million-in-electric-vehicle-jv-idUSKBN1D81L4,https://www.reuters.com/article/us-ford-motor-china-electric-vehicle/ford-chinas-zotye-auto-invest-756-million-in-electric-vehicle-jv-idUSKBN1D81L4,https://www.reuters.com/article/us-ford-motor-china-electric-vehicle/ford-chinas-zotye-auto-invest-756-million-in-electric-vehicle-jv-idUSKBN1D81L4,https://www.reuters.com/article/us-ford-motor-china-electric-vehicle/ford-chinas-zotye-auto-invest-756-million-in-electric-vehicle-jv-idUSKBN1D81L4,,https://www.reuters.com/article/us-ford-motor-china-electric-vehicle/ford-chinas-zotye-auto-invest-756-million-in-electric-vehicle-jv-idUSKBN1D81L4,https://www.reuters.com/article/us-ford-motor-china-electric-vehicle/ford-chinas-zotye-auto-invest-756-million-in-electric-vehicle-jv-idUSKBN1D81L4,Ceased operations
EV,HAREV0019,Greatwall Motor,China,Completed,Brazil,Iracemápolis (São Paulo),2021,2025,EV,Manufacturing,720,0,0,0,,https://www.gwm-global.com/,https://www.gwm-global.com/news/3403758.html,https://www.gwm-global.com/news/3401623.html,https://www.forumchinaplp.org.mo/en/economic_trade/view/8266,,https://www.gwm-global.com/news/3401623.html,https://www.gwm-global.com/news/3403758.html,https://baijiahao.baidu.com/s?id=1862437884662414744&wfr=spider&for=pc,,Operational
EV,HAREV0002,Geely (LEVC),China,Completed,United Kingdom,Coventry (West Midlands),2015,2017,EV,Manufacturing,640,0,0,0,,https://www.levc.com/,https://www.bbc.com/news/uk-england-coventry-warwickshire-39343519,https://www.bbc.com/news/uk-england-coventry-warwickshire-39343519,https://www.investwestmidlands.com/set-up-in-west-midlands/case-studies/london-electric-vehicle-company-levc/,,https://www.automotiveworld.com/news-releases/geely-invest-250m-new-london-taxi-develop-next-generation-green-cab/?utm_source=chatgpt.com,https://www.bbc.com/news/uk-england-coventry-warwickshire-39343519,https://www.bbc.com/news/uk-england-coventry-warwickshire-39343519,,Operational
EV,HAREV0013,Greatwall Motor,China,Completed,Thailand,Rayong,2020,2021,EV,Manufacturing,625,0,0,0,,https://www.gwm-global.com/,https://www.gwm-global.com/news/3401476.html,https://www.just-auto.com/news/gwm-to-start-thai-ev-production/?cf-view,https://www.just-auto.com/news/gwm-to-start-thai-ev-production/?cf-view,,https://www.gwm-global.com/news/1155959.html,https://www.gwm-global.com/news/3401476.html,https://www.just-auto.com/news/gwm-to-start-thai-ev-production/?cf-view,,Operational
EV,EV66,BYD,China,Announced,Mexico,TBD,2024,N/A,EV,Manufacturing,600,0,0,0,,https://www.reuters.com/world/americas/byd-considers-mexico-plant-1-billion-investment-2024-02-22/,https://www.reuters.com/world/americas/byd-considers-mexico-plant-1-billion-investment-2024-02-22/,https://www.reuters.com/world/americas/byd-considers-mexico-plant-1-billion-investment-2024-02-22/,https://www.reuters.com/world/americas/byd-considers-mexico-plant-1-billion-investment-2024-02-22/,,https://www.reuters.com/world/americas/byd-considers-mexico-plant-1-billion-investment-2024-02-22/,"https://finance.sina.com.cn/roll/2025-01-23/doc-inefykku7832583.shtml, http://www.mg-crown.com/uploadfile/202406/04967fd31a28d9.pdf",https://www.reuters.com/world/americas/byd-considers-mexico-plant-1-billion-investment-2024-02-22/,,Announced only
EV,New_Renault_IN1,Renault,France,Completed,India,Chennai (Tamil Nadu),2023,2024,EV,Manufacturing,600,0,0,0,,https://www.renaultgroup.com/en/group/locations/chennai-plant/,https://www.renaultgroup.com/en/group/locations/chennai-plant/,https://www.carnbikecafe.com/news/Cars/renault-to-invest-600-million-in-india-for-new-suvs-and-exports,https://media.reultgroup.com/reult-group-strengthens-its-presence-in-india-to-support-its-intertiol-ambitions/?lang=eng,https://www.reultgroup.com/en/group/locations/cheni-plant/,https://media.reultgroup.com/reult-group-strengthens-its-presence-in-india-to-support-its-intertiol-ambitions/?lang=eng,https://www.businesstoday.in/auto/story/why-toyota-is-building-its-third-plant-in-india-530998-2026-05-12,https://www.renaultgroup.com/en/group/locations/chennai-plant/,,Operational
EV,New_Kia_MX1,Kia,South Korea,Announced,Mexico,Pesquería (Nuevo León),2026,N/A,EV,Manufacturing,600,0,0,0,,https://www.kia.com/worldwide/main.do,https://mexiconewsdaily.com/business/kia-600m-nuevo-leon-ev-production/,https://mexiconewsdaily.com/business/kia-600m-nuevo-leon-ev-production/,https://mexiconewsdaily.com/business/kia-600m-nuevo-leon-ev-production/,https://www.kia.com/worldwide/main.do,https://mexiconewsdaily.com/business/kia-600m-nuevo-leon-ev-production/,https://mexiconewsdaily.com/business/kia-600m-nuevo-leon-ev-production/ (year only),https://www.kia.com/worldwide/main.do,,Announced only
EV,New_Stellantis_BR2,Stellantis - Porto Real,Netherlands,Commenced,Brazil,Porto Real (Rio de Janeiro),2024,2030,EV,Manufacturing,580,0,0,0,,https://diariodopoder.com.br/diario-motor/apos-goiana-e-betim-stellantis-aportara-r-3-bilhoes-em-porto-real-rj,https://diariodopoder.com.br/diario-motor/apos-goiana-e-betim-stellantis-aportara-r-3-bilhoes-em-porto-real-rj,https://diariodopoder.com.br/diario-motor/apos-goiana-e-betim-stellantis-aportara-r-3-bilhoes-em-porto-real-rj,https://diariodopoder.com.br/diario-motor/apos-goiana-e-betim-stellantis-aportara-r-3-bilhoes-em-porto-real-rj,https://istoedinheiro.com.br/stellantis-vai-investir-r-3-bilhoes-em-fabrica-da-citroen-ate-2030-no-rj,https://istoedinheiro.com.br/stellantis-vai-investir-r-3-bilhoes-em-fabrica-da-citroen-ate-2030-no-rj,https://istoedinheiro.com.br/stellantis-vai-investir-r-3-bilhoes-em-fabrica-da-citroen-ate-2030-no-rj,https://istoedinheiro.com.br/stellantis-vai-investir-r-3-bilhoes-em-fabrica-da-citroen-ate-2030-no-rj,,Under construction
EV,HAREV0030,Changan Auto,China,Completed,Thailand,Rayong,2023,2025,EV,Manufacturing,570,0,0,0,,https://www.globalchangan.com/,https://www.just-auto.com/news/changan-starts-nev-manufacturing-plant-operations-in-thailand/,https://www.just-auto.com/news/changan-starts-nev-manufacturing-plant-operations-in-thailand/,https://cnevpost.com/2025/12/27/changan-thailand-plant-ships-1st-export-cars-europe/,,https://www.reuters.com/business/autos-transportation/chinas-changan-auto-invest-285-mln-ev-facility-thailand-2023-04-20/,https://www.just-auto.com/news/changan-starts-nev-manufacturing-plant-operations-in-thailand/,https://www.just-auto.com/news/changan-starts-nev-manufacturing-plant-operations-in-thailand/,,Operational
EV,New_Nissan_BR1,Nissan - Complexo Industrial de Resende,Japan,Commenced,Brazil,Resende (Rio de Janeiro),2023,2025,EV,Manufacturing,570,0,0,0,,https://mecanicaonline.com.br/2025/11/nissan-celebra-25-anos-de-operacoes-no-brasil-e-inicia-nova-fase-com-investimento-de-r-28-bilhoes-em-resende/,https://www.cnnbrasil.com.br/auto/nissan-kait-2027-revelado-sucessor-do-kicks-play-e-rival-de-tera-pulse/,https://www.cnnbrasil.com.br/auto/nissan-kait-2027-revelado-sucessor-do-kicks-play-e-rival-de-tera-pulse/,https://global.nissannews.com/en/releases/nissan-celebrated-its-23rd-anniversary-in-brazil,https://global.nissannews.com/en/releases/nissan-celebrated-its-23rd-anniversary-in-brazil,https://global.nissannews.com/en/releases/nissan-celebrated-its-23rd-anniversary-in-brazil,https://global.nissannews.com/en/releases/nissan-celebrated-its-23rd-anniversary-in-brazil,https://mecanicaonline.com.br/2025/11/nissan-celebra-25-anos-de-operacoes-no-brasil-e-inicia-nova-fase-com-investimento-de-r-28-bilhoes-em-resende/,,Under construction
EV,HAREV0109,Minth,China,Announced,Serbia,Leskovac (Jablanica),2025,N/A,EV,Manufacturing,560,0,0,0,,https://www.minthgroup.com/,https://www.serbianmonitor.com/en/minth-to-invest-e950-million-in-new-production-facilities-in-leskovac-and-cuprija/,https://www.serbianmonitor.com/en/minth-to-invest-e950-million-in-new-production-facilities-in-leskovac-and-cuprija/,https://www.serbianmonitor.com/en/minth-to-invest-e950-million-in-new-production-facilities-in-leskovac-and-cuprija/,,https://www.serbianmonitor.com/en/minth-to-invest-e950-million-in-new-production-facilities-in-leskovac-and-cuprija/,https://news.gm.com/newsroom.detail.html/Pages/news/us/en/2021/apr/0420-mexico-investment.html,https://www.serbianmonitor.com/en/minth-to-invest-e950-million-in-new-production-facilities-in-leskovac-and-cuprija/,,Announced only
EV,HAREV0109b,Minth,China,Announced,Serbia,Ćuprija (Pomoravlje),2025,N/A,EV,Manufacturing,560,0,0,0,,https://www.minthgroup.com/,https://www.serbianmonitor.com/en/minth-to-invest-e950-million-in-new-production-facilities-in-leskovac-and-cuprija/,https://www.serbianmonitor.com/en/minth-to-invest-e950-million-in-new-production-facilities-in-leskovac-and-cuprija/,https://www.serbianmonitor.com/en/minth-to-invest-e950-million-in-new-production-facilities-in-leskovac-and-cuprija/,,https://www.serbianmonitor.com/en/minth-to-invest-e950-million-in-new-production-facilities-in-leskovac-and-cuprija/,https://hipa.hu/news/mercedes-benz-investment-in-hungary-of-historical-significance-1-billion-euro-investment-in-kecskemet/ (year only),https://www.serbianmonitor.com/en/minth-to-invest-e950-million-in-new-production-facilities-in-leskovac-and-cuprija/,,Announced only
EV,New_Volkswagen_BR2,Volkswagen,Germany,Announced,Brazil,São José dos Pinhais (Paraná),2024,2028,EV,Manufacturing,560,0,0,0,,https://www.campograndenews.com.br/veiculos/a-volkswagen-anuncia-investimento-de-16-bilhoes-e-16-novos-veiculos-ate-2028,https://www.campograndenews.com.br/veiculos/a-volkswagen-anuncia-investimento-de-16-bilhoes-e-16-novos-veiculos-ate-2028,https://www.campograndenews.com.br/veiculos/a-volkswagen-anuncia-investimento-de-16-bilhoes-e-16-novos-veiculos-ate-2028,https://www.parana.pr.gov.br/aen/Noticia/Volkswagen-vai-investir-R-3-bilhoes-na-fabrica-de-Sao-Jose-dos-Pinhais,https://www.campograndenews.com.br/veiculos/a-volkswagen-anuncia-investimento-de-16-bilhoes-e-16-novos-veiculos-ate-2028,https://www.parana.pr.gov.br/aen/Noticia/Volkswagen-vai-investir-R-3-bilhoes-na-fabrica-de-Sao-Jose-dos-Pinhais,https://www.campograndenews.com.br/veiculos/a-volkswagen-anuncia-investimento-de-16-bilhoes-e-16-novos-veiculos-ate-2028,https://www.campograndenews.com.br/veiculos/a-volkswagen-anuncia-investimento-de-16-bilhoes-e-16-novos-veiculos-ate-2028,,Announced only
EV,New_Renault_KR1,Renault,France,Announced,South Korea,Busan,2024,N/A,EV,Manufacturing,523,0,0,0,,https://www.renaultgroup.com/en/group/locations/busan-plant-rkm/,https://asia.nikkei.com/business/automobiles/renault-korea-to-invest-523m-in-new-busan-hybrid-vehicle-line,https://www.renaultgroup.com/en/group/locations/busan-plant-rkm/,https://asia.nikkei.com/business/automobiles/renault-korea-to-invest-523m-in-new-busan-hybrid-vehicle-line,https://www.kedglobal.com/automobiles/newsView/ked202403190008,https://www.kedglobal.com/automobiles/newsView/ked202403190008,https://www.pv-magazine.com/2025/06/24/longi-pertamina-begin-work-on-1-4-gw-solar-cell-module-factory-in-indonesia/,https://www.kedglobal.com/automobiles/newsView/ked202403190008,,Announced only
EV,New_Honda_CN2,Honda,Japan,Operational,China,Guangzhou (Guangdong),2022,2024,EV,Manufacturing,521,0,1,1,GAC (China),https://www.greencarcongress.com/2022/06/20220623-gac.html,https://www.greencarcongress.com/2022/06/20220623-gac.html,https://www.greencarcongress.com/2022/06/20220623-gac.html,https://www.electrive.com/2022/06/21/honda-starts-construction-of-another-electric-car-plant-in-china/,https://www.greencarcongress.com/2022/06/20220623-gac.html,https://www.greencarcongress.com/2022/06/20220623-gac.html,https://cnevpost.com/2024/12/23/gac-honda-ev-plant-goes-into-production/,https://www.greencarcongress.com/2022/06/20220623-gac.html,https://www.greencarcongress.com/2022/06/20220623-gac.html,Operational
EV,HAREV0058,Chery,China,Commenced,Malaysia,Hulu Selangor (Selangor),2025,N/A,EV,Manufacturing,500,0,0,0,,https://www.cheryinternational.com/,https://www.chery.my/2025/02/23/chery-malaysia-signs-agreement-with-legenda-beringinbreaks-ground-for-chery-smart-auto-industrial-park/,https://www.mida.gov.my/mida-news/chery-to-build-smart-auto-industrial-park-in-hulu-selangor/,https://www.mida.gov.my/mida-news/chery-to-build-smart-auto-industrial-park-in-hulu-selangor/,,https://www.mida.gov.my/mida-news/chery-to-build-smart-auto-industrial-park-in-hulu-selangor/,,https://www.mida.gov.my/mida-news/chery-to-build-smart-auto-industrial-park-in-hulu-selangor/,,Under construction
EV,New_VinFast_IN1,VinFast,Vietnam,Commenced,India,Thoothukudi (Tamil Nadu),2023,2025,EV,Manufacturing,500,0,0,0,,https://apnews.com/article/india-vinfast-ev-auto-vietnam-be8f2fd5a2adf1b502089de4652585e5,https://apnews.com/article/india-vinfast-ev-auto-vietnam-be8f2fd5a2adf1b502089de4652585e5,https://apnews.com/article/india-vinfast-ev-auto-vietnam-be8f2fd5a2adf1b502089de4652585e5,https://www.reuters.com/business/autos-transportation/vietnams-vinfast-set-up-500-mln-ev-facilities-india-2024-01-06/,https://apnews.com/article/india-vinfast-ev-auto-vietnam-be8f2fd5a2adf1b502089de4652585e5,https://www.reuters.com/business/autos-transportation/vietnams-vinfast-set-up-500-mln-ev-facilities-india-2024-01-06/,https://www.reuters.com/business/autos-transportation/vietnams-vinfast-set-up-500-mln-ev-facilities-india-2024-01-06/,https://apnews.com/article/india-vinfast-ev-auto-vietnam-be8f2fd5a2adf1b502089de4652585e5,,Under construction
EV,HAREV0009,Yadea,China,Completed,Vietnam,Bac Giang (Bắc Giang),2019,2019,EV,Manufacturing,490,0,0,0,,https://yadea.com/,https://mp.weixin.qq.com/s/A5Neostx2WMQuHhbGVXXjQ,https://mp.weixin.qq.com/s/A5Neostx2WMQuHhbGVXXjQ,https://renewablesnow.com/news/essel-ja-solar-pick-site-for-500-mw-module-factory-in-india-488483/,,https://mp.weixin.qq.com/s/A5Neostx2WMQuHhbGVXXjQ,https://mp.weixin.qq.com/s/A5Neostx2WMQuHhbGVXXjQ,https://mp.weixin.qq.com/s/A5Neostx2WMQuHhbGVXXjQ,,Operational
EV,HAREV0053,BYD,China,Completed,Thailand,Rayong,2022,2024,EV,Manufacturing,490,0,0,0,,https://www.bydglobal.com/en/index.html,https://www.byd.com/za/news-list/BYD-roll-off-of-lts-8-millionth-new-energy-vehicle,https://www.byd.com/za/news-list/BYD-roll-off-of-lts-8-millionth-new-energy-vehicle,https://www.investmentmonitor.ai/news/byd-inaugurates-its-first-ev-plant-in-southeast-asia/,https://mp.weixin.qq.com/s/WxCAAc-mnQAalXLCzGsy5Q,https://www.reuters.com/business/autos-transportation/chinas-byd-set-up-ev-plant-thailand-2022-09-08/,https://www.byd.com/za/news-list/BYD-roll-off-of-lts-8-millionth-new-energy-vehicle,https://www.byd.com/za/news-list/BYD-roll-off-of-lts-8-millionth-new-energy-vehicle,,Operational
EV,New_Volvo_BR1,Volvo - Curitiba (caminhões e ônibus),Sweden,Announced,Brazil,Curitiba (Paraná),2026,2028,EV,Manufacturing,480,0,0,0,,https://www.volvogroup.com/br/news-and-media/news/2026/feb/volvo-anuncia-r--2-5-bilhoes-em-investimentos-no-brasil--mesmo-p.html,https://diariodotransporte.com.br/2026/02/12/volvo-deve-lancar-novos-modelos-de-onibus-e-anuncia-r-25-bilhoes-em-investimentos-no-brasil-com-foco-em-descarbonizacao/,https://www.volvogroup.com/br/news-and-media/news/2026/feb/volvo-anuncia-r--2-5-bilhoes-em-investimentos-no-brasil--mesmo-p.html,https://www.cnnbrasil.com.br/economia/negocios/volvo-investira-r-25-bilhoes-no-brasil-ate-2028/,https://www.cnnbrasil.com.br/economia/negocios/volvo-investira-r-25-bilhoes-no-brasil-ate-2028/,https://diariodotransporte.com.br/2026/02/12/volvo-deve-lancar-novos-modelos-de-onibus-e-anuncia-r-25-bilhoes-em-investimentos-no-brasil-com-foco-em-descarbonizacao/,https://www.volvogroup.com/br/news-and-media/news/2026/feb/volvo-anuncia-r--2-5-bilhoes-em-investimentos-no-brasil--mesmo-p.html,https://www.cnnbrasil.com.br/economia/negocios/volvo-investira-r-25-bilhoes-no-brasil-ate-2028/,,Announced only
EV,EV70,Ford,United States,Operational,Mexico,Cuautitlán Izcalli (State of Mexico),2019,2020,EV,Manufacturing,400,0,0,0,,https://media.ford.com/content/fordmedia/fna/us/en/news/2020/10/27/ford-mustang-mach-e-production.html,https://media.ford.com/content/fordmedia/fna/us/en/news/2020/10/27/ford-mustang-mach-e-production.html,https://media.ford.com/content/fordmedia/fna/us/en/news/2020/10/27/ford-mustang-mach-e-production.html,https://media.ford.com/content/fordmedia/fna/us/en/news/2020/10/27/ford-mustang-mach-e-production.html,,https://media.ford.com/content/fordmedia/fna/us/en/news/2020/10/27/ford-mustang-mach-e-production.html (year only),https://media.ford.com/content/fordmedia/fna/us/en/news/2020/10/27/ford-mustang-mach-e-production.html,https://media.ford.com/content/fordmedia/fna/us/en/news/2020/10/27/ford-mustang-mach-e-production.html,,Operational
EV,EV71,Stellantis,Netherlands,Operational,France,Sochaux (Bourgogne-Franche-Comté),2022,2024,EV,Manufacturing,400,0,0,0,,https://www.media.stellantis.com/em-en/corporate-communications/press/stellantis-confirms-sochaux-as-flagship-of-its-french-manufacturing-network,https://www.media.stellantis.com/em-en/corporate-communications/press/stellantis-confirms-sochaux-as-flagship-of-its-french-manufacturing-network,https://www.media.stellantis.com/em-en/corporate-communications/press/stellantis-confirms-sochaux-as-flagship-of-its-french-manufacturing-network,https://www.media.stellantis.com/em-en/corporate-communications/press/stellantis-confirms-sochaux-as-flagship-of-its-french-manufacturing-network,https://www.electrive.com/2025/08/27/maruti-suzuki-starts-production-of-the-e-vitara/,https://www.media.stellantis.com/em-en/corporate-communications/press/stellantis-confirms-sochaux-as-flagship-of-its-french-manufacturing-network,https://www.media.stellantis.com/em-en/corporate-communications/press/stellantis-confirms-sochaux-as-flagship-of-its-french-manufacturing-network (year only),https://www.media.stellantis.com/em-en/corporate-communications/press/stellantis-confirms-sochaux-as-flagship-of-its-french-manufacturing-network,,Operational
EV,New_Volvo_US2,Volvo,Sweden,Announced,United States,Dublin (Virginia),2024,N/A,EV,Manufacturing,400,0,0,0,,https://www.ttnews.com/articles/volvo-grants-ev-trucks,https://cardinalnews.org/2024/07/11/volvo-awarded-208-million-to-upgrade-facilities-including-in-dublin/,https://www.volvotrucks.us/about-volvo/facilities/nrv-assembly-plant/,https://www.volvotrucks.us/news-and-stories/press-releases/2026/february/volvo-trucks-starts-production-of-new-regional-hauler-at-virginia-manufacturing-plant/,https://cardinalnews.org/2024/07/11/volvo-awarded-208-million-to-upgrade-facilities-including-in-dublin/,https://www.the-big-green-machine.com/siteid/616,https://www.the-big-green-machine.com/siteid/616,https://www.the-big-green-machine.com/siteid/616,,Announced only
EV,HAREV0042,Xusheng,China,Completed,Mexico,Saltillo (Coahuila),2023,2025,EV,Manufacturing,350,0,0,0,,https://www.nbxus.com/en/,https://mp.weixin.qq.com/s/MXe-uOWaPkuJwTRZeXgqMg,https://mexico-now.com/xusheng-group-assigns-us260-million-contract-to-saltillo-plant/,https://www.investmentmonitor.ai/news/xusheng-investment-mexico-plant-begins-construction/,,https://www.protexasindustry.com/en/article/xusheng-group-chooses-coahuila-to-install-its-first-plant-in-mexico,https://mp.weixin.qq.com/s/MXe-uOWaPkuJwTRZeXgqMg,https://mp.weixin.qq.com/s/MXe-uOWaPkuJwTRZeXgqMg,,Operational
EV,EV72,Renault,France,Announced,Argentina,Cordoba (Córdoba),2024,N/A,EV,Manufacturing,350,0,0,0,,https://www.reuters.com/business/autos-transportation/renault-invest-argentina-2024-04,https://www.reuters.com/business/autos-transportation/renault-invest-argentina-2024-04,https://www.reuters.com/business/autos-transportation/renault-invest-argentina-2024-04,https://www.reuters.com/business/autos-transportation/renault-invest-argentina-2024-04,https://www.business-standard.com/amp/companies/news/hyundai-sees-tamil-nadu-as-flagship-ev-hub-plans-to-strengthen-ecosystem-126060400831_1.html,https://www.reuters.com/business/autos-transportation/renault-invest-argentina-2024-04 (year only),https://www.hyundai.com/in/en/hyundai-story/media-center/press-release/building-tamil-nadu-future-together,https://www.reuters.com/business/autos-transportation/renault-invest-argentina-2024-04,,Announced only
EV,HAREV0056,Chery,China,Announced,Indonesia,Bekasi (West Java),2025,N/A,EV,Manufacturing,334,0,0,0,,https://www.cheryinternational.com/,https://jakartaglobe.id/business/chinas-chery-commits-over-330-million-to-indonesia-minister-says,https://jakartaglobe.id/business/chinas-chery-commits-over-330-million-to-indonesia-minister-says,https://jakartaglobe.id/business/chinas-chery-commits-over-330-million-to-indonesia-minister-says,,https://jakartaglobe.id/business/chinas-chery-commits-over-330-million-to-indonesia-minister-says,,https://jakartaglobe.id/business/chinas-chery-commits-over-330-million-to-indonesia-minister-says,,Announced only
EV,New_SonaComstar_MX1,Sona Comstar,India,Operational,Mexico,Silao (Guanajuato),2024,2024,EV,Manufacturing,330,0,0,0,,https://sonacomstar.com/,https://www.prnewswire.com/news-releases/sona-comstar-inaugurates-new-manufacturing-plant-in-mexico-to-cater-to-growing-ev-demand-in-north-america-302123244.html,https://www.prnewswire.com/news-releases/sona-comstar-inaugurates-new-manufacturing-plant-in-mexico-to-cater-to-growing-ev-demand-in-north-america-302123244.html,Investment value not publicly disclosed,https://www.prnewswire.com/news-releases/sona-comstar-inaugurates-new-manufacturing-plant-in-mexico-to-cater-to-growing-ev-demand-in-north-america-302123244.html,https://www.mida.gov.my/media-release/longi-malaysia-breaks-ground-on-its-new-rm1-3-billion-bintulu-samalaju-plant/ (year only),https://bernama.com/en/news.php?id=2236937 (year only),https://sonacomstar.com/,,Operational
EV,New_MG_IN1,MG Motor (JSW MG),China,Announced,India,Halol (Gujarat),2026,N/A,EV,Manufacturing,310,0,1,1,JSW MG Motor India (SAIC Motor + JSW Group),https://group.jsw.in/groups/saic-motor-and-jsw-group-finalise-automotive-jv,https://group.jsw.in/groups/saic-motor-and-jsw-group-finalise-automotive-jv,https://www.businesstoday.in/auto/story/jsw-mg-motor-india-eyes-rs-3000-crore-capex-push-to-triple-capacity-at-halol-plant-516362-2026-02-16,https://www.businesstoday.in/auto/story/jsw-mg-motor-india-eyes-rs-3000-crore-capex-push-to-triple-capacity-at-halol-plant-516362-2026-02-16,https://group.jsw.in/groups/saic-motor-and-jsw-group-filise-automotive-jv,https://www.businesstoday.in/auto/story/jsw-mg-motor-india-eyes-rs-3000-crore-capex-push-to-triple-capacity-at-halol-plant-516362-2026-02-16,https://www.skoda-storyboard.com/en/press-releases/in-india-for-india-skoda-auto-announces-the-start-of-series-production-of-the-skoda-kylaq-in-pune/,https://group.jsw.in/groups/saic-motor-and-jsw-group-finalise-automotive-jv,https://group.jsw.in/groups/saic-motor-and-jsw-group-filise-automotive-jv,Announced only
EV,HAREV0097,GAC,China,Announced,Egypt,,2025,N/A,EV,Manufacturing,300,0,1,1,Jameel Motors,https://www.gacgroup.com/en,https://www.dailynewsegypt.com/2025/05/21/jameel-motors-and-gac-to-sign-mou-to-launch-kd-vehicle-assembly-operations-in-egypt-together-with-a-local-assembler-and-component-suppliers/?utm_source=chatgpt.com,https://www.dailynewsegypt.com/2025/05/21/jameel-motors-and-gac-to-sign-mou-to-launch-kd-vehicle-assembly-operations-in-egypt-together-with-a-local-assembler-and-component-suppliers/?utm_source=chatgpt.com,https://www.businesstodayegypt.com/Article/1/6340/GAC-to-invest-300-Million-in-establishing-car-manufacturing-plant,,https://www.dailynewsegypt.com/2025/05/21/jameel-motors-and-gac-to-sign-mou-to-launch-kd-vehicle-assembly-operations-in-egypt-together-with-a-local-assembler-and-component-suppliers/?utm_source=chatgpt.com,,https://www.dailynewsegypt.com/2025/05/21/jameel-motors-and-gac-to-sign-mou-to-launch-kd-vehicle-assembly-operations-in-egypt-together-with-a-local-assembler-and-component-suppliers/?utm_source=chatgpt.com,https://www.gacgroup.com/en,Announced only
EV,HAREV0117,Tuopu Group,China,Commenced,Thailand,Thailand (site TBD),2025,N/A,EV,Manufacturing,300,0,0,0,,https://www.tuopu.com/en/home/,https://mp.weixin.qq.com/s/qdntiCOfx01p9CB65IGvSw,https://www.marketscreener.com/quote/stock/NINGBO-TUOPU-GROUP-CO-LTD-25531197/news/Ningbo-Tuopu-to-Set-Up-Thai-Auto-Parts-Production-Base-for-300-Million-49629177/,https://www.marketscreener.com/quote/stock/NINGBO-TUOPU-GROUP-CO-LTD-25531197/news/Ningbo-Tuopu-to-Set-Up-Thai-Auto-Parts-Production-Base-for-300-Million-49629177/,https://wuling.id/en/news/article/the-wuling-air-ev-officially-launches-in-indonesia,https://www.marketscreener.com/quote/stock/NINGBO-TUOPU-GROUP-CO-LTD-25531197/news/Ningbo-Tuopu-to-Set-Up-Thai-Auto-Parts-Production-Base-for-300-Million-49629177/,https://wuling.id/en/news/article/the-wuling-air-ev-officially-launches-in-indonesia (year only),https://mp.weixin.qq.com/s/GeN_-e2DsQgEvVru5sQ-UQ,,Under construction
EV,New_SeojinMobility_MX1,Seojin Mobility,South Korea,Operational,Mexico,Escobedo (Nuevo León),2024,2024,EV,Manufacturing,300,0,0,0,,https://secoautomotive.com/eng/,https://mexico-now.com/seojin-mobility-inaugurates-first-phase-of-nuevo-leon-plant/,https://mexiconewsdaily.com/business/korean-ev-supplier-breaks-ground-on-new-plant-in-northern-mexico/,https://www.steelorbis.com/steel-news/latest-news/south-korea-based-seco-seojin-to-invest-300-million-in-mexican-factory-1334818.htm,https://secoautomotive.com/eng/,https://mexiconewsdaily.com/business/korean-ev-supplier-breaks-ground-on-new-plant-in-northern-mexico/,https://illuminateusa.com/press/a-new-era-of-manufacturing-pataskalas-illuminate-usa-starts-solar-panel-production/,https://secoautomotive.com/eng/,,Operational
EV,New_Hyundai_US2,Hyundai,South Korea,Under Construction,United States,Montgomery (Alabama),2022,2023,EV,Manufacturing,300,0,0,0,,https://www.the-big-green-machine.com/siteid/91,https://governor.alabama.gov/newsroom/2022/10/governor-ivey-announces-hyundai-mobis-plans-ev-battery-module-plant-in-montgomery-creating-400-jobs/,https://governor.alabama.gov/newsroom/2022/10/governor-ivey-announces-hyundai-mobis-plans-ev-battery-module-plant-in-montgomery-creating-400-jobs/,https://alabamanewscenter.com/2023/02/22/hyundai-alabama-launches-production-of-electrified-genesis-gv70-suv/,https://governor.alabama.gov/newsroom/2022/10/governor-ivey-announces-hyundai-mobis-plans-ev-battery-module-plant-in-montgomery-creating-400-jobs/,https://www.the-big-green-machine.com/siteid/91,https://www.the-big-green-machine.com/siteid/91,https://governor.alabama.gov/newsroom/2022/10/governor-ivey-announces-hyundai-mobis-plans-ev-battery-module-plant-in-montgomery-creating-400-jobs/,,Under construction
EV,New_LSElectric_MX1,LS Electric,South Korea,Operational,Mexico,Rancho el Monte (Durango),2023,2024,EV,Manufacturing,290,0,0,0,,https://www.lsems.com/en/,https://www.koreatimes.co.kr/www/tech/2024/09/129_368266.html,https://www.electrive.com/2024/02/06/ls-e-mobility-to-manufacture-ev-components-in-mexico/,Investment value not publicly disclosed,https://www.lsems.com/en/,https://www.koreaherald.com/view.php?ud=20240205000695,https://www.runergy.com/wp-content/uploads/download/Brochure.pdf,https://www.lsems.com/en/,,Operational
EV,EV74,SAIC Motor (MG),China,Operational,Thailand,Rayong,2014,2023,EV,Manufacturing,285,0,1,1,"SAIC Motor-CP Co., Ltd.",https://www.electrive.com/2023/02/15/mg-launches-ev-production-in-thailand/,https://www.electrive.com/2023/02/15/mg-launches-ev-production-in-thailand/,https://www.electrive.com/2023/02/15/mg-launches-ev-production-in-thailand/,https://www.electrive.com/2023/02/15/mg-launches-ev-production-in-thailand/,https://www.electrive.com/2023/02/15/mg-launches-ev-production-in-thailand/,https://www.electrive.com/2023/02/15/mg-launches-ev-production-in-thailand/ (year only),https://www.electrive.com/2023/02/15/mg-launches-ev-production-in-thailand/ (year only),https://www.electrive.com/2023/02/15/mg-launches-ev-production-in-thailand/,https://www.electrive.com/2023/02/15/mg-launches-ev-production-in-thailand/,Operational
EV,New_Ford_MX1,Ford,United States,Under Construction,Mexico,Irapuato (Guanajuato),2024,N/A,EV,Manufacturing,273,0,0,0,,https://corporate.ford.com/,https://mexiconewsdaily.com/business/ford-273-million-investment-electric-vehicle-mexico/,https://mexiconewsdaily.com/business/ford-273-million-investment-electric-vehicle-mexico/,https://mexiconewsdaily.com/business/ford-273-million-investment-electric-vehicle-mexico/,https://corporate.ford.com/,https://mexiconewsdaily.com/business/ford-273-million-investment-electric-vehicle-mexico/,,https://corporate.ford.com/,,Under construction
EV,New_Stellantis_US3,Stellantis,Netherlands,Under Construction,United States,Sterling Heights Assembly Plant (Michigan),2024,2025,EV,Manufacturing,235.5,0,0,0,,https://www.stellantis.com/en/news/press-releases/2024/september/stellantis-invests-more-than-406-million-dollars-in-three-michigan-facilities-to-execute-multi-energy-strategy,https://www.stellantis.com/en/news/press-releases/2024/september/stellantis-invests-more-than-406-million-dollars-in-three-michigan-facilities-to-execute-multi-energy-strategy,https://www.stellantis.com/en/news/press-releases/2024/september/stellantis-invests-more-than-406-million-dollars-in-three-michigan-facilities-to-execute-multi-energy-strategy,https://www.diehlofgrovecity.com/stellantis-invests-in-michigan-for-ev-production/,https://www.stellantis.com/en/news/press-releases/2024/september/stellantis-invests-more-than-406-million-dollars-in-three-michigan-facilities-to-execute-multi-energy-strategy,https://www.stellantis.com/en/news/press-releases/2024/september/stellantis-invests-more-than-406-million-dollars-in-three-michigan-facilities-to-execute-multi-energy-strategy,https://www.diehlofgrovecity.com/stellantis-invests-in-michigan-for-ev-production/,https://www.stellantis.com/en/news/press-releases/2024/september/stellantis-invests-more-than-406-million-dollars-in-three-michigan-facilities-to-execute-multi-energy-strategy,,Under construction
EV,HAREV0001,BYD,China,Completed,United States,Lancaster (California),2013,2017,EV,Manufacturing,230,0,0,0,,https://www.bydglobal.com/en/index.html,https://mp.weixin.qq.com/s/wu3k5UiDNjTnytsE7Xh7dQ,https://mp.weixin.qq.com/s/qsR4tqgv4ycS239BQV1KfQ,https://mp.weixin.qq.com/s/qsR4tqgv4ycS239BQV1KfQ,https://anyflip.com/yyjmt/nvsw/basic?utm_source=chatgpt.com,https://www.latimes.com/business/la-xpm-2013-may-01-la-fi-mo-china-bus-green-lancaster-20130501-story.html?utm_source=chatgpt.com,"https://en.byd.com/news/press-release-byd-produces-300th-bus-in-lancaster-avta-nears-1-million-emission-free-miles/?utm_source=chatgpt.com, https://www.yicaiglobal.com/news/byd-builds-north-america-largest-electric-bus-factory-in-us",https://mp.weixin.qq.com/s/qsR4tqgv4ycS239BQV1KfQ,,Operational
EV,HAREV0102,Huashuo,China,Completed,Hungary,Miskolc (Borsod-Abaúj-Zemplén),2025,2026,EV,Manufacturing,226,0,0,0,,https://www.china-huashuo.com/,https://mp.weixin.qq.com/s/UM52wS0qrWdBFLF4PmvnpQ,https://mp.weixin.qq.com/s/UM52wS0qrWdBFLF4PmvnpQ,https://autotechinsight.spglobal.com/news/5282230/chinese-supplier-halms-plans-226-million-investment-in-new-automotive-parts-plant-in-hungaryy,,https://mp.weixin.qq.com/s/UM52wS0qrWdBFLF4PmvnpQ,https://mp.weixin.qq.com/s/UM52wS0qrWdBFLF4PmvnpQ,https://mp.weixin.qq.com/s/UM52wS0qrWdBFLF4PmvnpQ,,Operational
EV,HAREV0005,SAIC,China,Completed,India,Halol (Gujarat),2020,2020,EV,Manufacturing,220,0,1,1,JSW (since 2023),https://www.saicmotor.com/english/index.shtml,https://www.mgmotor.co.in/media-center/newsroom/mg-motor-india-launches-zs-ev-first-pure-electric-at-19-88lakh?utm_source=chatgpt.com,https://www.autonews.com/china/saic-opens-indian-plant-mg-brand/,"https://www.reuters.com/world/china/saics-india-venture-invest-up-440-million-expansion-deepen-bet-hybrids-evs-2026-02-16/?utm_source=chatgpt.com, https://www.autocarpro.in/news/saic-motor-to-invest-up-to-usd-2-billion-in-india-by-decade-end-says-top-executive-120435",https://www.autocarpro.in/news/indians-now-hold-majority-share-in-jsw-mg-motor-india-jv-to-invest-rs-5000-crore-in-first-phase--119717,https://asia.nikkei.com/location/south-asia/india/saic-motor-takes-over-general-motors-closed-india-plant,https://www.autonews.com/china/saic-opens-indian-plant-mg-brand/,https://www.autocarpro.in/news/saic-motor-to-invest-up-to-usd-2-billion-in-india-by-decade-end-says-top-executive-120435,https://www.autocarpro.in/news/indians-now-hold-majority-share-in-jsw-mg-motor-india-jv-to-invest-rs-5000-crore-in-first-phase--119717,Operational
EV,New_Stellantis_IN1,Stellantis,Netherlands,Operational,India,Thiruvallur (Tamil Nadu),2024,2025,EV,Manufacturing,209,0,1,1,Citroën India / PCA Automobiles India (Stellantis + CK Birla Group),https://www.autocarindia.com/industry/stellantis-to-invest-additional-rs-2000-crore-into-citroen-india-430302,https://www.autocarindia.com/industry/stellantis-to-invest-additional-rs-2000-crore-into-citroen-india-430302,https://www.autocarindia.com/industry/stellantis-to-invest-additional-rs-2000-crore-into-citroen-india-430302,https://www.autocarindia.com/industry/stellantis-to-invest-additiol-rs-2000-crore-into-citroen-india-430302,https://www.autocarindia.com/industry/stellantis-to-invest-additiol-rs-2000-crore-into-citroen-india-430302,https://www.autocarindia.com/industry/stellantis-to-invest-additiol-rs-2000-crore-into-citroen-india-430302,https://www.renaultgroup.com/en/group/locations/chennai-plant/,https://www.autocarindia.com/industry/stellantis-to-invest-additional-rs-2000-crore-into-citroen-india-430302,https://www.autocarindia.com/industry/stellantis-to-invest-additiol-rs-2000-crore-into-citroen-india-430302,Operational
EV,HAREV0018,Geely (Polestar),China,Completed,South Korea,Busan,2023,2025,EV,Manufacturing,207,0,1,0,Renault Korea Motors,https://www.polestar.com/us/,https://www.khan.co.kr/en/article/202512141130597,https://media.polestar.com/releases/539?utm_source=chatgpt.com,https://www.reuters.com/business/autos-transportation/chinas-geely-buy-34-stake-renault-korea-207-mln-2022-05-09/,https://www.reuters.com/business/autos-transportation/chinas-geely-buy-34-stake-renault-korea-207-mln-2022-05-09/,https://media.polestar.com/releases/539?utm_source=chatgpt.com,https://www.khan.co.kr/en/article/202512141130597,https://www.khan.co.kr/en/article/202512141130597,https://www.reuters.com/business/autos-transportation/chinas-geely-buy-34-stake-renault-korea-207-mln-2022-05-09/,Operational
EV,HAREV0041,Tuopu Group,China,Completed,Mexico,Salinas Victoria (Nuevo León),2022,2024,EV,Manufacturing,200,0,0,0,,https://www.tuopu.com/en/home/,https://mp.weixin.qq.com/s/B_UQCXEmMXq7UXkTVTw9PQ,https://www.steelorbis.com/steel-news/latest-news/chinese-auto-parts-company-tuopu-will-invest-700-million-in-mexico-1310977.htm,https://vip.stock.finance.sina.com.cn/corp/view/vCB_AllBulletinDetail.php?gather=1&id=8567463,,https://www.marklines.com/cn/news/277147?utm_source=chatgpt.com,https://mp.weixin.qq.com/s/B_UQCXEmMXq7UXkTVTw9PQ,https://vip.stock.finance.sina.com.cn/corp/view/vCB_AllBulletinDetail.php?gather=1&id=8567463,,Operational
EV,HAREV0100,Golden Sun Group,China,Announced,Vietnam,Thai Binh (Thái Bình),2025,N/A,EV,Manufacturing,200,0,1,1,Geleximco Group (local); Baixun Technology,https://vir.com.vn/geleximco-and-chinese-firms-to-build-400-million-vehicle-parts-factory-in-thai-binh-123623.html&link=autochanger,https://vir.com.vn/geleximco-and-chinese-firms-to-build-400-million-vehicle-parts-factory-in-thai-binh-123623.html&link=autochanger,https://vir.com.vn/geleximco-and-chinese-firms-to-build-400-million-vehicle-parts-factory-in-thai-binh-123623.html&link=autochanger,https://vir.com.vn/geleximco-and-chinese-firms-to-build-400-million-vehicle-parts-factory-in-thai-binh-123623.html&link=autochanger,,https://vir.com.vn/geleximco-and-chinese-firms-to-build-400-million-vehicle-parts-factory-in-thai-binh-123623.html&link=autochanger,,https://vir.com.vn/geleximco-and-chinese-firms-to-build-400-million-vehicle-parts-factory-in-thai-binh-123623.html&link=autochanger,https://vir.com.vn/geleximco-and-chinese-firms-to-build-400-million-vehicle-parts-factory-in-thai-binh-123623.html&link=autochanger,Announced only
EV,EV76,Solarever (China),China,Under Construction,Mexico,Durango,2023,N/A,EV,Manufacturing,200,0,0,0,,https://www.reuters.com/world/americas/chinas-solarever-build-200-million-ev-plant-mexico-2023-04-25/,https://www.reuters.com/world/americas/chinas-solarever-build-200-million-ev-plant-mexico-2023-04-25/,https://www.reuters.com/world/americas/chinas-solarever-build-200-million-ev-plant-mexico-2023-04-25/,https://www.reuters.com/world/americas/chinas-solarever-build-200-million-ev-plant-mexico-2023-04-25/,https://global.toyota/en/newsroom/corporate/44318893.html,https://www.reuters.com/world/americas/chinas-solarever-build-200-million-ev-plant-mexico-2023-04-25/,https://www.businesstoday.in/auto/story/why-toyota-is-building-its-third-plant-in-india-530998-2026-05-12,https://www.reuters.com/world/americas/chinas-solarever-build-200-million-ev-plant-mexico-2023-04-25/,,Under construction
EV,New_Stellantis_MX2,Stellantis,Netherlands,Operational,Mexico,Saltillo (Coahuila),2023,2023,EV,Manufacturing,200,0,0,0,,https://www.stellantis.com/en,https://moparinsiders.com/stellantis-to-invest-200-million-into-its-saltillo-van-assembly-plant/,https://moparinsiders.com/stellantis-to-invest-200-million-into-its-saltillo-van-assembly-plant/,https://moparinsiders.com/stellantis-to-invest-200-million-into-its-saltillo-van-assembly-plant/,https://www.stellantis.com/en,https://www.detroitnews.com/story/business/autos/chrysler/2023/02/09/ram-ceo-names-ev-pickup-truck-1500-rev-announces-mexico-investment/69888547007/,https://finance.sina.com.cn/roll/2026-02-27/doc-inhphcxk0714711.shtml,https://www.stellantis.com/en,,Operational
EV,HAREV0122,Windrose,China,Announced,France,Onnaing (Hauts-de-France),2025,N/A,EV,Manufacturing,199,0,0,0,,https://www.windrose.ai/,https://www.nordfranceinvest.com/news/windrose-set-up-in-hauts-de-france/,https://www.nordfranceinvest.com/news/windrose-set-up-in-hauts-de-france/,https://www.scmp.com/news/china/diplomacy/article/3311672/job-creator-or-industry-killer-europes-ev-sector-faces-chinese-investment-dilemma,,https://www.nordfranceinvest.com/news/windrose-set-up-in-hauts-de-france/,https://www.press.bmwgroup.com/global/article/detail/T0413232EN/the-future-is-electric:-mini-plant-oxford-ready-for-the-next-generation-of-all-electric-mini-models (year only),https://www.nordfranceinvest.com/news/windrose-set-up-in-hauts-de-france/,,Announced only
EV,New_BorgWarner_MX1,BorgWarner,United States,Operational,Mexico,Villa de Reyes (San Luis Potosí),2023,2024,EV,Manufacturing,198,0,0,0,,https://www.borgwarner.com/,https://www.borgwarner.com/newsroom/press-releases/2023/07/06/borgwarner-announces-investment-in-san-luis-potosi-to-expand-production-capabilities-of-emobility-technologies,https://mexico-now.com/borgwarner-to-build-new-plant-in-san-luis-potosi/,https://www.solili.mx/noticias/borgwarner-invierte-198-mdd-en-construir-nueva-planta-en-san-luis-potosi/6284/,https://www.borgwarner.com/,https://www.borgwarner.com/newsroom/press-releases/2023/07/06/borgwarner-announces-investment-in-san-luis-potosi-to-expand-production-capabilities-of-emobility-technologies,,https://www.borgwarner.com/,,Operational
EV,HAREV0014,DFSK,China,Completed,Indonesia,Cikande (Banten),2017,2023,EV,Manufacturing,172,0,0,0,,https://www.dfskmotors.co.id/,https://www.suara.com/otomotif/2023/02/16/205500/dfsk-umumkan-produksi-lokal-mobil-listrik-gelora-e-di-pabrik-cikande?utm_source=chatgpt.com,https://www.suara.com/otomotif/2023/02/16/205500/dfsk-umumkan-produksi-lokal-mobil-listrik-gelora-e-di-pabrik-cikande?utm_source=chatgpt.com,https://www.fuelsandlubes.com/chinese-automobile-maker-to-build-assembly-plant-in-indonesia/,https://www.bmegrowth.es/docs/analisis/2025/09/05725_Analisis_20250925_1.pdf?zCmBMA!!,https://www.fuelsandlubes.com/chinese-automobile-maker-to-build-assembly-plant-in-indonesia/?utm_source=chatgpt.com,https://www.just-auto.com/news/dfsk-wuling-begin-exports-from-indonesia/?utm_source=chatgpt.com,https://www.mobilityportal.eu/en/notes/chery-plan-industrial-espana-produccion-barcelona-,,Operational
EV,HAREV0060,Chery,China,Commenced,Spain,Barcelona (Catalonia),2024,2025,EV,Manufacturing,172,0,1,1,Ebro -EV Motors,https://www.cheryinternational.com/,https://www.mobilityportal.eu/en/notes/chery-plan-industrial-espana-produccion-barcelona-,https://www.mobilityportal.eu/en/notes/chery-plan-industrial-espana-produccion-barcelona-,https://www.reuters.com/business/autos-transportation/chinas-chery-will-open-spain-its-first-european-manufacturing-site-2024-04-16/,https://www.bmegrowth.es/docs/analisis/2025/09/05725_Analisis_20250925_1.pdf?zCmBMA!!,https://www.reuters.com/business/autos-transportation/chinas-chery-will-open-spain-its-first-european-manufacturing-site-2024-04-16/,https://www.proton.com/happenings/2025/august/new-proton-ev-plant-launched-by-prime-minister-dato-seri-anwar-ibrahim?utm_source=chatgpt.com,https://www.mobilityportal.eu/en/notes/chery-plan-industrial-espana-produccion-barcelona-,https://www.bmegrowth.es/docs/analisis/2025/09/05725_Analisis_20250925_1.pdf?zCmBMA!!,Under construction
EV,HAREV0017,BYD,China,Completed,Uzbekistan,Jizzakh,2022,2024,EV,Manufacturing,160,0,1,1,UzAuto,https://www.bydglobal.com/en/index.html,https://cnevpost.com/2024/01/26/byd-launches-production-uzbekistan-plant/,https://www.bydglobal.com/en/news/2024-07-05/BYD-hosts-Presidential-Visit-at-BYD-Uzbekistan-Factory-and-Formalizes-Green-Transportation-Agreement,"https://www.gazeta.uz/en/2024/03/19/byd-uzbekistan-factory/#:~:text=President%20approved%20the%20agreement%20to,investments%20amount%20to%20%24160%20million.","https://www.gazeta.uz/en/2024/03/19/byd-uzbekistan-factory/#:~:text=President%20approved%20the%20agreement%20to,investments%20amount%20to%20%24160%20million.",https://cnevpost.com/2022/12/31/byd-establishes-jv-in-uzbekistan-to-pave-way-for-local-production/,https://cnevpost.com/2024/01/26/byd-launches-production-uzbekistan-plant/,"https://www.gazeta.uz/en/2024/03/19/byd-uzbekistan-factory/#:~:text=President%20approved%20the%20agreement%20to,investments%20amount%20to%20%24160%20million.","https://www.gazeta.uz/en/2024/03/19/byd-uzbekistan-factory/#:~:text=President%20approved%20the%20agreement%20to,investments%20amount%20to%20%24160%20million.",Operational
EV,HAREV0031,Chery,China,Commenced,Vietnam,Hung Yen (Hưng Yên),2023,N/A,EV,Manufacturing,159.5,0,1,1,Geleximco,https://www.cheryinternational.com/,https://theinvestor.vn/vietnam-china-joint-venture-breaks-ground-on-319-mln-auto-plant-in-northern-vietnam-d17490.html,https://theinvestor.vn/vietnam-china-joint-venture-breaks-ground-on-319-mln-auto-plant-in-northern-vietnam-d17490.html,https://theinvestor.vn/vietnam-china-joint-venture-breaks-ground-on-319-mln-auto-plant-in-northern-vietnam-d17490.html,,https://theinvestor.vn/vietnamese-conglomerate-geleximco-chinas-chery-auto-sign-800-mln-auto-factory-deal-d7274.html,,https://www.asiamanufacturingreview.com/news/vietnamchina-jv-begins-work-on-319m-auto-plant-nwid-2226.html,https://www.cheryinternational.com/,Under construction
EV,HAREV0082,Yadea,China,Commenced,Indonesia,Karawang (West Java),2024,N/A,EV,Manufacturing,150,0,0,0,,https://yadea.com/,https://yadea.ph/news-and-events/yadea-holds-groundbreaking-ceremony-in-indonesia-for-its-eighth-factory?id=44,https://yadea.ph/news-and-events/yadea-holds-groundbreaking-ceremony-in-indonesia-for-its-eighth-factory?id=44,https://yadea.ph/news-and-events/yadea-holds-groundbreaking-ceremony-in-indonesia-for-its-eighth-factory?id=44,,https://yadea.ph/news-and-events/yadea-holds-groundbreaking-ceremony-in-indonesia-for-its-eighth-factory?id=44,,https://yadea.ph/news-and-events/yadea-holds-groundbreaking-ceremony-in-indonesia-for-its-eighth-factory?id=44,,Under construction
EV,New_Renault_CN1,Renault,France,Operational,China,Nanchang (Jiangxi),2019,2019,EV,Manufacturing,144,0,1,1,Jiangling Motors (JMEV),https://electrek.co/2019/07/17/renault-jiangling-ev-venture/,https://electrek.co/2019/07/17/renault-jiangling-ev-venture/,https://electrek.co/2019/07/17/renault-jiangling-ev-venture/,https://electrek.co/2019/07/17/renault-jiangling-ev-venture/,https://electrek.co/2019/07/17/renault-jiangling-ev-venture/,https://electrek.co/2019/07/17/renault-jiangling-ev-venture/,,https://electrek.co/2019/07/17/renault-jiangling-ev-venture/,https://electrek.co/2019/07/17/renault-jiangling-ev-venture/,Operational
EV,New_RevozRenault_SI1,Revoz-Renault,France,Under Construction,Slovenia,Novo Mesto (Southeast Slovenia),2025,2027,EV,Manufacturing,135,0,1,1,Revoz-Renault,https://www.gov.si/en/news/2024-07-24-slovenia-establishes-itself-as-an-electric-vehicle-manufacturer-with-the-production-of-electric-renault-twingo/,https://www.electrive.com/2024/07/25/renault-to-build-new-electric-twingo-in-slovenia/,https://sloveniatimes.com/42397/revoz-could-assemble-nissan-ev-along-with-electric-twingo,https://sloveniatimes.com/42397/revoz-could-assemble-nissan-ev-along-with-electric-twingo,https://sloveniatimes.com/42397/revoz-could-assemble-nissan-ev-along-with-electric-twingo,https://sloveniatimes.com/42397/revoz-could-assemble-nissan-ev-along-with-electric-twingo,https://sloveniatimes.com/42397/revoz-could-assemble-nissan-ev-along-with-electric-twingo,https://sloveniatimes.com/42397/revoz-could-assemble-nissan-ev-along-with-electric-twingo,https://sloveniatimes.com/42397/revoz-could-assemble-nissan-ev-along-with-electric-twingo,Under construction
EV,HAREV0012,Chervon,China,Completed,Hungary,Miskolc (Borsod-Abaúj-Zemplén),2020,2023,EV,Manufacturing,130,0,0,0,,https://global.chervongroup.com/en,https://mp.weixin.qq.com/s/rnKUcfhAu5sOteLAJ2pWeQ,https://mp.weixin.qq.com/s/rnKUcfhAu5sOteLAJ2pWeQ,Investment value not publicly disclosed,,"http://www.china-ceec.org/eng/jmhz/202010/t20201021_6582341.htm, https://hipa.hu/news/domestic-e-car-manufacturing-positions-strengthened-further-by-chervon-s-latest-expansion/?utm_source=chatgpt.com",https://mp.weixin.qq.com/s/rnKUcfhAu5sOteLAJ2pWeQ,https://mp.weixin.qq.com/s/rnKUcfhAu5sOteLAJ2pWeQ,,Operational
EV,New_Honda_IN1,Honda Cars India,Japan,Under Construction,India,Tapukara (Rajasthan),2026,2026,EV,Manufacturing,125,0,0,0,,https://www.autocarindia.com/car-news/honda-begins-testing-0-alpha-suv-in-india-439223,https://www.autocarindia.com/car-news/honda-begins-testing-0-alpha-suv-in-india-439223,https://www.constructionworld.in/policy-updates-and-economic-news/rajasthan-announces-rs-12-bn-honda-ev-production-at-tapukara/88286,https://www.constructionworld.in/policy-updates-and-economic-news/rajasthan-announces-rs-12-bn-honda-ev-production-at-tapukara/88286,https://www.autocarindia.com/car-news/honda-begins-testing-0-alpha-suv-in-india-439223,https://www.constructionworld.in/policy-updates-and-economic-news/rajasthan-announces-rs-12-bn-honda-ev-production-at-tapukara/88286,https://mei.edu/publications/renewable-energy-and-moroccos-new-green-industries-how-moroccos-green-energy-ecosystem,https://www.autocarindia.com/car-news/honda-begins-testing-0-alpha-suv-in-india-439223,,Under construction
EV,HAREV0037,Geely (Polestar),China,Operational,United States,Ridgeville (South Carolina),2021,2024,EV,Manufacturing,118,0,0,0,,https://www.polestar.com/us/,https://www.polestar.com/global/news/polestar-3-manufactured-in-usa/,https://www.polestar.com/global/news/polestar-3-manufactured-in-usa/,https://abcnews4.com/news/local/volvo-investing-extra-118m-into-ridgeville-plant-expanding-electric-vehicle-production,,https://abcnews4.com/news/local/volvo-investing-extra-118m-into-ridgeville-plant-expanding-electric-vehicle-production,https://www.polestar.com/global/news/polestar-3-manufactured-in-usa/,https://abcnews4.com/news/local/volvo-investing-extra-118m-into-ridgeville-plant-expanding-electric-vehicle-production,,Operational
EV,HAREV0070,Greatwall Motor (FTXT Energy Technology),China,Announced,Oman,Antwerp,2024,N/A,EV,Research & Development,115,0,1,1,Synergy Investment LLC,https://en.ftxt-e.com/,https://en.ftxt-e.com/about/companynews-detail-658.htm,https://en.ftxt-e.com/about/companynews-detail-658.htm,Investment value not publicly disclosed,,https://en.ftxt-e.com/about/companynews-detail-658.htm,,https://enterpriseam.com/logistics/2024/12/04/omans-synergy-signs-cooperation-agreement-to-work-on-hydrogen-fuel-cell-powered-commercial-vehicles/,https://en.ftxt-e.com/,Announced only
EV,HAREV0124,Windrose,China,Announced,Belgium,Antwerp,2026,N/A,EV,Manufacturing,115,0,0,0,,https://www.windrose.ai/,https://newsroom.portofantwerpbruges.com/en/press-releases/port-of-antwerp-bruges-welcomes-windrose-for-european-assembly-of-electric-trucks?utm_source=chatgpt.com,https://newsroom.portofantwerpbruges.com/en/press-releases/port-of-antwerp-bruges-welcomes-windrose-for-european-assembly-of-electric-trucks?utm_source=chatgpt.com,https://invest.flandersinvestmentandtrade.com/en/news/windrose-selects-port-antwerp-bruges-first-european-assembly-plant,,https://invest.flandersinvestmentandtrade.com/en/news/windrose-selects-port-antwerp-bruges-first-european-assembly-plant,,https://newsroom.portofantwerpbruges.com/en/press-releases/port-of-antwerp-bruges-welcomes-windrose-for-european-assembly-of-electric-trucks?utm_source=chatgpt.com,,Announced only
EV,HAREV0044,Zhejiang Shuanghuan,China,Completed,Hungary,Jászfényszaru (Jász-Nagykun-Szolnok),2023,2026,EV,Manufacturing,113,0,0,0,,https://www.gearsnet.com/en/,https://hipa.hu/news/Shuanghuan-Driveline-Evoring-Hungary-HIPA/,https://hipa.hu/news/Shuanghuan-Driveline-Evoring-Hungary-HIPA/,https://hipa.hu/news/Shuanghuan-Driveline-Evoring-Hungary-HIPA/,,https://www.yicaiglobal.com/news/20230706-09-chinas-shunghuan-to-spend-up-to-usd131-million-in-hungary-for-euro-nev-clients,https://hipa.hu/news/Shuanghuan-Driveline-Evoring-Hungary-HIPA/,https://hipa.hu/news/Shuanghuan-Driveline-Evoring-Hungary-HIPA/,,Operational
EV,HAREV0033,Hanlin,China,Completed,Kenya,Kendal Industrial Park,2023,2023,EV,Manufacturing,108,0,0,0,,https://hanlinafrica.co.ke/,https://news.bjd.com.cn/2024/05/17/10775727.shtml,https://news.bjd.com.cn/2024/05/17/10775727.shtml,https://www.pv-tech.org/elite-solar-commissions-5gw-pv-manufacturing-facility-in-egypt/,https://file.finance.sina.com.cn/211.154.219.97%3A9494/MRGG/CNSESH_STOCK/2026/2026-4/2026-04-25/12178501.PDF?utm_source=chatgpt.com,https://news.bjd.com.cn/2024/05/17/10775727.shtml,https://news.bjd.com.cn/2024/05/17/10775727.shtml,https://news.bjd.com.cn/2024/05/17/10775727.shtml,,Operational
EV,HAREV0081,Xinri,China,Completed,Indonesia,Kendal Industrial Park,2023,2025,EV,Manufacturing,108,0,1,1,Inovasi Investama Nusantara,https://www.sunraevs.com/,https://mp.weixin.qq.com/s/iyNnC70jw4o_zJiPOfvGLg,https://www.kendalindustrialpark.co.id/post/index/605/electric-motor-assembly-plant-pt-sunra-asia-pacific-hitech-starts-construction-in-kendal-industrial-park,https://www.kendalindustrialpark.co.id/post/index/605/electric-motor-assembly-plant-pt-sunra-asia-pacific-hitech-starts-construction-in-kendal-industrial-park,https://file.finance.sina.com.cn/211.154.219.97%3A9494/MRGG/CNSESH_STOCK/2026/2026-4/2026-04-25/12178501.PDF?utm_source=chatgpt.com,https://vip.stock.finance.sina.com.cn/corp/view/vCB_AllBulletinDetail.php?gather=1&id=9576559,https://mp.weixin.qq.com/s/iyNnC70jw4o_zJiPOfvGLg,https://www.kendalindustrialpark.co.id/post/index/605/electric-motor-assembly-plant-pt-sunra-asia-pacific-hitech-starts-construction-in-kendal-industrial-park,https://file.finance.sina.com.cn/211.154.219.97%3A9494/MRGG/CNSESH_STOCK/2026/2026-4/2026-04-25/12178501.PDF?utm_source=chatgpt.com,Operational
EV,HAREV0034,Minglida,China,Completed,Mexico,Irapuato (Guanajuato),2023,2025,EV,Manufacturing,100,0,0,0,,https://www.minglidagroup.com/en,https://finance.sina.com.cn/stock/relnews/cn/2025-05-13/doc-inewmhrv0188131.shtml?froms=ggmp&utm_source=chatgpt.com,https://www.yicaiglobal.com/news/chinese-structural-part-maker-minglida-precision-to-invest-usd100-million-to-build-plant-in-mexico,https://www.yicaiglobal.com/news/chinese-structural-part-maker-minglida-precision-to-invest-usd100-million-to-build-plant-in-mexico,,https://www.yicaiglobal.com/news/chinese-structural-part-maker-minglida-precision-to-invest-usd100-million-to-build-plant-in-mexico,https://finance.sina.com.cn/stock/relnews/cn/2025-05-13/doc-inewmhrv0188131.shtml?froms=ggmp&utm_source=chatgpt.com,https://www.yicaiglobal.com/news/chinese-structural-part-maker-minglida-precision-to-invest-usd100-million-to-build-plant-in-mexico,,Operational
EV,HAREV0036,Pacific Precision,China,Completed,Thailand,Rayong,2023,2025,EV,Manufacturing,100,0,0,0,,https://www.ppforging.com/en/,https://mp.weixin.qq.com/s/xc04_yFAFCPluDPF2pddyQ,https://www.ppforging.com/en/web/upload/2023/03/20/167927110864891l18m.pdf,"https://mp.weixin.qq.com/s/hgWtfX3tlShWC2VDokgn_g, https://money.finance.sina.com.cn/corp/view/vCB_AllBulletinDetail.php?id=11526892",,https://www.ppforging.com/en/web/upload/2023/03/20/167927110864891l18m.pdf,https://mp.weixin.qq.com/s/xc04_yFAFCPluDPF2pddyQ,https://www.ppforging.com/en/web/upload/2023/03/20/167927110864891l18m.pdf,,Operational
EV,HAREV0084,Yadea,China,Completed,Vietnam,Bac Ninh (Bắc Ninh),2024,2026,EV,Manufacturing,100,0,0,0,,https://yadea.com/,https://yadea.com/news-and-events/news/yadea-inaugurates-us100-million-manufacturing-base-in-vietnam?id=72,https://yadea.com/news-and-events/news/yadea-inaugurates-us100-million-manufacturing-base-in-vietnam?id=72,https://yadea.com/news-and-events/news/yadea-inaugurates-us100-million-manufacturing-base-in-vietnam?id=72,https://global.honda/en/newsroom/news/2023/c230301eng.html,https://theinvestor.vn/chinas-yadea-begins-building-100-mln-electric-bike-factory-in-northern-vietnam-d8325.html,https://yadea.com/news-and-events/news/yadea-inaugurates-us100-million-manufacturing-base-in-vietnam?id=72,https://yadea.com/news-and-events/news/yadea-inaugurates-us100-million-manufacturing-base-in-vietnam?id=72,,Operational
EV,HAREV0106,Leapmotor,China,Announced,Spain,Zaragoza (Aragon),2025,N/A,EV,Manufacturing,100,0,1,0,Stellantis,https://www.leapmotor.net/,https://www.electrive.com/2026/03/03/stellantis-confirms-leapmotor-production-in-spain/,https://mp.weixin.qq.com/s/6FrhgfbUYu8LSDeBcstUsg,https://www.reuters.com/business/autos-transportation/stellantis-leapmotor-favour-spain-production-b10-ev-source-says-2025-03-21/?utm_source=chatgpt.com,,https://mp.weixin.qq.com/s/6FrhgfbUYu8LSDeBcstUsg,https://www.electrive.com/2026/03/03/stellantis-confirms-leapmotor-production-in-spain/,https://mp.weixin.qq.com/s/6FrhgfbUYu8LSDeBcstUsg,https://www.leapmotor.net/,Announced only
EV,EV77,BMW Group,Germany,Operational,Slovakia,Bratislava,2018,2020,EV,Manufacturing,100,0,0,0,,https://www.bmwgroup.com/en/company/locations.html,https://www.bmwgroup.com/en/company/locations.html,https://www.bmwgroup.com/en/company/locations.html,https://www.bmwgroup.com/en/company/locations.html,https://www.constructionworld.in/policy-updates-and-economic-news/rajasthan-announces-rs-12-bn-honda-ev-production-at-tapukara/88286,https://www.bmwgroup.com/en/company/locations.html,https://www.bmwgroup.com/en/company/locations.html (year only),https://www.bmwgroup.com/en/company/locations.html,,Operational
EV,New_Stellantis_US4,Stellantis,Netherlands,Under Construction,United States,Warren Truck Assembly (Michigan),2024,2025,EV,Manufacturing,97.6,0,0,0,,https://www.stellantis.com/en/news/press-releases/2024/september/stellantis-invests-more-than-406-million-dollars-in-three-michigan-facilities-to-execute-multi-energy-strategy,https://www.diehlofgrovecity.com/stellantis-invests-in-michigan-for-ev-production/,https://www.diehlofgrovecity.com/stellantis-invests-in-michigan-for-ev-production/,https://www.diehlofgrovecity.com/stellantis-invests-in-michigan-for-ev-production/,https://www.diehlofgrovecity.com/stellantis-invests-in-michigan-for-ev-production/,https://www.diehlofgrovecity.com/stellantis-invests-in-michigan-for-ev-production/,https://www.diehlofgrovecity.com/stellantis-invests-in-michigan-for-ev-production/,https://www.diehlofgrovecity.com/stellantis-invests-in-michigan-for-ev-production/,,Under construction
EV,HAREV0072,Inovance,China,Completed,Thailand,Thailand (site TBD),2024,2024,EV,Manufacturing,94,0,0,0,,https://www.inovance.com/global,https://mp.weixin.qq.com/s/y0j6iPGBL8cjKEC-kNqgzw,https://mp.weixin.qq.com/s/y0j6iPGBL8cjKEC-kNqgzw,Investment value not publicly disclosed,,https://mp.weixin.qq.com/s/y0j6iPGBL8cjKEC-kNqgzw,https://mp.weixin.qq.com/s/y0j6iPGBL8cjKEC-kNqgzw,https://mp.weixin.qq.com/s/y0j6iPGBL8cjKEC-kNqgzw,,Operational
EV,HAREV0125,BYD,China,Commenced,Hungary,Komarom (Komárom-Esztergom),2025,N/A,EV,Manufacturing,94,1,0,0,,https://www.bydglobal.com/en/index.html,https://english.news.cn/20250628/55df82053e1148888609d0ae276a2780/c.html?utm_source=chatgpt.com,https://www.sustainable-bus.com/news/byd-expansion-bus-production-hungary/,https://www.sustainable-bus.com/news/byd-expansion-bus-production-hungary/,,https://www.sustainable-bus.com/news/byd-expansion-bus-production-hungary/,https://www.lgchem.com/main/news/all/14066 (year only),https://www.sustainable-bus.com/news/byd-expansion-bus-production-hungary/,,Under construction
EV,HAREV0035,Minth,China,Under Construction,Mexico,Aguascalientes,2024,N/A,EV,Manufacturing,90,0,0,0,,https://www.minthgroup.com/,https://mexiconewsdaily.com/business/auto-parts-company-minth-to-invest-us-173-5m-in-aguascalientes/,https://mexiconewsdaily.com/business/auto-parts-company-minth-to-invest-us-173-5m-in-aguascalientes/,https://mexiconewsdaily.com/business/auto-parts-company-minth-to-invest-us-173-5m-in-aguascalientes/,,https://mexiconewsdaily.com/business/auto-parts-company-minth-to-invest-us-173-5m-in-aguascalientes/,https://mexiconewsdaily.com/business/auto-parts-company-minth-to-invest-us-173-5m-in-aguascalientes/,https://mexiconewsdaily.com/business/auto-parts-company-minth-to-invest-us-173-5m-in-aguascalientes/,,Under construction
EV,EV78,BMW Group,Germany,Announced,South Africa,Rosslyn (Pretoria),2024,N/A,EV,Manufacturing,90,0,0,0,,https://www.press.bmwgroup.com/global/article/detail/T0444212EN/bmw-group-invests-r1-7-billion-in-bmw-plant-rosslyn-for-the-production-of-the-x3-phev,https://www.press.bmwgroup.com/global/article/detail/T0444212EN/bmw-group-invests-r1-7-billion-in-bmw-plant-rosslyn-for-the-production-of-the-x3-phev,https://www.press.bmwgroup.com/global/article/detail/T0444212EN/bmw-group-invests-r1-7-billion-in-bmw-plant-rosslyn-for-the-production-of-the-x3-phev,https://www.press.bmwgroup.com/global/article/detail/T0444212EN/bmw-group-invests-r1-7-billion-in-bmw-plant-rosslyn-for-the-production-of-the-x3-phev,https://media.renaultgroup.com/renault-group-strengthens-its-presence-in-india-to-support-its-international-ambitions/?lang=eng,https://www.press.bmwgroup.com/global/article/detail/T0444212EN/bmw-group-invests-r1-7-billion-in-bmw-plant-rosslyn-for-the-production-of-the-x3-phev,https://www.renaultgroup.com/en/group/locations/chennai-plant/,https://www.press.bmwgroup.com/global/article/detail/T0444212EN/bmw-group-invests-r1-7-billion-in-bmw-plant-rosslyn-for-the-production-of-the-x3-phev,,Announced only
EV,HAREV0023,Minth,China,Completed,Poland,Szprotawa (Lubusz),2022,2024,EV,Manufacturing,85,0,0,0,,https://www.minthgroup.com/,https://www.minthgroup.com/ENG/upload/files/2025/5/Annual_report_2024.pdf,https://en.cjxjy.com/business_3/72.html,https://mp.weixin.qq.com/s/k1Gyenc-yE3bdcLaq3uSCQ,,https://mp.weixin.qq.com/s/k1Gyenc-yE3bdcLaq3uSCQ,https://www.minthgroup.com/ENG/upload/files/2025/5/Annual_report_2024.pdf,https://mp.weixin.qq.com/s/k1Gyenc-yE3bdcLaq3uSCQ,,Operational
EV,HAREV0046,BAIC,China,Commenced,Egypt,Egypt (site TBD),2024,N/A,EV,Manufacturing,85,0,1,1,Alkan Auto,https://www.baicglobal.com/,https://mp.weixin.qq.com/s/VsGrfZFSU3O7pAItZDK46w,https://mp.weixin.qq.com/s/VsGrfZFSU3O7pAItZDK46w,Investment value not publicly disclosed,https://media.renaultgroup.com/renault-group-and-geely-strengthen-their-cooperation-with-the-completion-of-a-partnership-in-brazil/?lang=fra,https://mp.weixin.qq.com/s/VsGrfZFSU3O7pAItZDK46w,,https://businessmonthlyeg.com/egyptian-international-motors-chinese-baic-to-build-evs-plant-in-egypt/,https://media.renaultgroup.com/renault-group-and-geely-strengthen-their-cooperation-with-the-completion-of-a-partnership-in-brazil/?lang=fra,Under construction
EV,HAREV0074,Lianbo Precision,China,Completed,Serbia,Novi Sad (Vojvodina),2024,2024,EV,Manufacturing,85,0,0,0,,http://www.js-lianbo.com/en/index.asp,https://mp.weixin.qq.com/s/J4Ns0c8QIVGO3j-yhoDY4A,https://seenews.com/news/jiangsu-lianbo-to-open-factory-in-novi-sad-on-april-25-city-1256251,https://seenews.com/news/jiangsu-lianbo-to-open-factory-in-novi-sad-on-april-25-city-1256251,,https://mp.weixin.qq.com/s/J4Ns0c8QIVGO3j-yhoDY4A,https://mp.weixin.qq.com/s/J4Ns0c8QIVGO3j-yhoDY4A,https://mp.weixin.qq.com/s/J4Ns0c8QIVGO3j-yhoDY4A,,Operational
EV,HAREV0099,Geely,China,Announced,Brazil,São José dos Pinhais (Paraná),2025,N/A,EV,Manufacturing,85,0,1,0,Renault,https://global.geely.com/,https://media.renaultgroup.com/renault-group-and-geely-strengthen-their-cooperation-with-the-completion-of-a-partnership-in-brazil/?lang=fra,https://media.renaultgroup.com/renault-group-and-geely-strengthen-their-cooperation-with-the-completion-of-a-partnership-in-brazil/?lang=fra,https://www.hkexnews.hk/listedco/listconews/sehk/2025/0620/2025062000365.pdf,https://media.renaultgroup.com/renault-group-and-geely-strengthen-their-cooperation-with-the-completion-of-a-partnership-in-brazil/?lang=fra,https://media.renaultgroup.com/renault-group-and-geely-strengthen-their-cooperation-with-the-completion-of-a-partnership-in-brazil/?lang=fra,https://www.assemblymag.com/articles/97665-scout-motors-to-build-ev-assembly-plant-in-south-carolina,https://media.renaultgroup.com/renault-group-and-geely-strengthen-their-cooperation-with-the-completion-of-a-partnership-in-brazil/?lang=fra,https://media.renaultgroup.com/renault-group-and-geely-strengthen-their-cooperation-with-the-completion-of-a-partnership-in-brazil/?lang=fra,Announced only
EV,HAREV0043,Yinlun,China,Completed,Mexico,Salinas Victoria (Nuevo León),2023,2023,EV,Manufacturing,80,0,0,0,,https://www.yinlun.cn/?id=72&_l=en,https://mexiconewsdaily.com/business/chinese-automotive-parts-yinlun-opens-us-80m-nuevo-leon/,https://www.marklines.com/en/news/287386?utm_source=chatgpt.com,https://www.marklines.com/en/news/287386?utm_source=chatgpt.com,https://www.marklines.com/en/news/326314?utm_source=chatgpt.com,https://www.marklines.com/en/news/287386?utm_source=chatgpt.com,https://mexiconewsdaily.com/business/chinese-automotive-parts-yinlun-opens-us-80m-nuevo-leon/,https://mexiconewsdaily.com/business/chinese-automotive-parts-yinlun-opens-us-80m-nuevo-leon/,,Operational
EV,HAREV0083,Yadea,China,Completed,Mexico,Ocoyoacac (State of Mexico),2024,2025,EV,Manufacturing,80,0,0,0,,https://yadea.com/,https://chinamotorworld.com/yadeas-mexico-factory-completed/?utm_source=chatgpt.com,https://mexico-now.com/yadea-invests-us80-million-in-the-state-of-mexico/,https://www.mexcham.org/cn/%E9%9B%85%E8%BF%AA%E8%AE%A1%E5%88%92%E6%8A%95%E8%B5%848000%E4%B8%87%E7%BE%8E%E5%85%83%E5%9C%A8%E5%A2%A8%E5%BB%BA%E5%8E%82/,,https://www.mexcham.org/cn/%E9%9B%85%E8%BF%AA%E8%AE%A1%E5%88%92%E6%8A%95%E8%B5%848000%E4%B8%87%E7%BE%8E%E5%85%83%E5%9C%A8%E5%A2%A8%E5%BB%BA%E5%8E%82/,https://chinamotorworld.com/yadeas-mexico-factory-completed/?utm_source=chatgpt.com,https://www.mexcham.org/cn/%E9%9B%85%E8%BF%AA%E8%AE%A1%E5%88%92%E6%8A%95%E8%B5%848000%E4%B8%87%E7%BE%8E%E5%85%83%E5%9C%A8%E5%A2%A8%E5%BB%BA%E5%8E%82/,,Operational
EV,EV79,Tesla,United States,Operational,Malaysia,Kuala Lumpur,2023,2024,EV,Manufacturing,80,0,0,0,,https://www.tesla.com/blog/tesla-malaysia,https://www.tesla.com/blog/tesla-malaysia,https://www.tesla.com/blog/tesla-malaysia,https://www.tesla.com/blog/tesla-malaysia,https://www.constructionworld.in/energy-infrastructure/power-and-renewable-energy/skoda-volkswagen-to-invest-in-ev-plant/62420,https://www.tesla.com/blog/tesla-malaysia,https://www.tesla.com/blog/tesla-malaysia (year only),https://www.tesla.com/blog/tesla-malaysia,,Operational
EV,HAREV0003,BYD,China,Completed,Brazil,Campinas (São Paulo),2015,2015,EV,Manufacturing,76,0,0,0,,https://www.bydglobal.com/en/index.html,https://www.bydglobal.com/sites/Satellite?c=BydArticle&cid=1514437377227&d=Touch&pagename=BYD_EN%2FBydArticle%2FBYD_ENCommon%2FArticleDetails,https://www.bydglobal.com/sites/Satellite?c=BydArticle&cid=1514437377227&d=Touch&pagename=BYD_EN%2FBydArticle%2FBYD_ENCommon%2FArticleDetails,https://frotacia.com.br/chinesa-byd-ja-comecou-a-montar-onibus-eletricos-na-fabrica-de-campinas-sp/?utm_source=chatgpt.com,,https://www.bydglobal.com/sites/Satellite?c=BydArticle&cid=1514437377227&d=Touch&pagename=BYD_EN%2FBydArticle%2FBYD_ENCommon%2FArticleDetails,https://www.bydglobal.com/sites/Satellite?c=BydArticle&cid=1514437377227&d=Touch&pagename=BYD_EN%2FBydArticle%2FBYD_ENCommon%2FArticleDetails,https://www.bydglobal.com/sites/Satellite?c=BydArticle&cid=1514437377227&d=Touch&pagename=BYD_EN%2FBydArticle%2FBYD_ENCommon%2FArticleDetails,,Operational
EV,HAREV0052,BYD,China,Commenced,Pakistan,Karachi (Sindh),2024,N/A,EV,Manufacturing,75,0,1,1,Mega Motor,https://www.bydglobal.com/en/index.html,https://www.reuters.com/sustainability/boards-policy-regulation/chinas-byd-assemble-evs-pakistan-2026-2025-07-24/?utm_source=chatgpt.com,https://www.reuters.com/sustainability/boards-policy-regulation/chinas-byd-assemble-evs-pakistan-2026-2025-07-24/?utm_source=chatgpt.com,https://www.dawn.com/news/1877506?utm_source=chatgpt.com,,https://www.wardsauto.com/news/byd-to-expand-its-operations-in-pakistan-with-production-plant/798693/,https://www.electrive.com/2026/03/03/stellantis-confirms-leapmotor-production-in-spain/,https://www.reuters.com/sustainability/boards-policy-regulation/chinas-byd-assemble-evs-pakistan-2026-2025-07-24/?utm_source=chatgpt.com,https://www.bydglobal.com/en/index.html,Under construction
EV,HAREV0103,JAC,China,Announced,Uzbekistan,Tashkent,2025,N/A,EV,Manufacturing,69,0,1,1,Tashkent Investment,https://jacen.jac.com.cn/,https://www.uzdaily.uz/en/jac-motors-to-build-car-manufacturing-plant-in-tashkent/,https://www.uzdaily.uz/en/jac-motors-to-build-car-manufacturing-plant-in-tashkent/,https://www.uzdaily.uz/en/jac-motors-to-build-car-manufacturing-plant-in-tashkent/,https://m.chinatrucks.org/news/11459.html,https://www.jac.com.cn/news/20250427/6180.html,https://www.volkswagen-group.com/en/press-releases/future-fast-forward-volkswagen-group-and-seat-sa-take-key-step-towards-the-electrification-of-spain-17552 (year only),https://www.uzdaily.uz/en/jac-motors-to-build-car-manufacturing-plant-in-tashkent/,https://m.chinatrucks.org/news/11459.html,Announced only
EV,New_BRPCanAm_MX1,BRP,Canada,Operational,Mexico,Queretaro (Querétaro),2022,2023,EV,Manufacturing,69,0,0,0,,https://www.brp.com/en/our-company.html,https://www.newswire.ca/news-releases/brp-breaks-ground-on-new-can-am-electric-motorcycles-plant-in-queretaro-896252700.html,https://www.prnewswire.com/news-releases/brp-breaks-ground-on-new-can-am-electric-motorcycles-plant-in-queretaro-301640087.html,https://mexico-now.com/brp-to-produce-electric-motorcycles-in-queretaro/,https://www.brp.com/en/our-company.html,https://www.newswire.ca/news-releases/brp-breaks-ground-on-new-can-am-electric-motorcycles-plant-in-queretaro-896252700.html,https://www.energytrend.com/news/20240605-47339.html,https://www.brp.com/en/our-company.html,,Operational
EV,HAREV0069,Greatwall Motor,China,Announced,Egypt,Suez Canal Economic Zone,2024,N/A,EV,Manufacturing,66,0,0,0,,https://www.gwm-global.com/,https://www.arabfinance.com/en/news/newdetails/18109,https://www.arabfinance.com/en/news/newdetails/18109,Investment value not publicly disclosed,,https://www.arabfinance.com/en/news/newdetails/18109,,https://www.arabfinance.com/en/news/newdetails/18109,,Announced only
EV,HAREV0123,Yunyi,China,Announced,Morocco,Tangier (Tanger-Tétouan-Al Hoceïma),2026,N/A,EV,Manufacturing,66,0,0,0,,https://www.yunyi-china.net/,https://northafricapost.com/93770-automotive-chinese-jiangsu-yunyi-electric-invests-66-mln-in-tangier-factory.html,https://northafricapost.com/93770-automotive-chinese-jiangsu-yunyi-electric-invests-66-mln-in-tangier-factory.html,https://northafricapost.com/93770-automotive-chinese-jiangsu-yunyi-electric-invests-66-mln-in-tangier-factory.html,,https://northafricapost.com/93770-automotive-chinese-jiangsu-yunyi-electric-invests-66-mln-in-tangier-factory.html,https://www.umicore.com/en/cases/umicore-nysa/ (year only),https://northafricapost.com/93770-automotive-chinese-jiangsu-yunyi-electric-invests-66-mln-in-tangier-factory.html,,Announced only
EV,HAREV0065,GAC,China,Completed,Thailand,Rayong,2023,2024,EV,Manufacturing,64,0,0,0,,https://www.gacgroup.com/en,https://www.investmentmonitor.ai/news/gac-aion-opens-its-first-ev-factory-in-thailand/,https://www.investmentmonitor.ai/news/gac-aion-opens-its-first-ev-factory-in-thailand/,https://www.investmentmonitor.ai/news/gac-aion-opens-its-first-ev-factory-in-thailand/,,https://cnevpost.com/2023/11/30/gac-aion-to-build-plant-capacity-50000-thailand/,https://www.investmentmonitor.ai/news/gac-aion-opens-its-first-ev-factory-in-thailand/,https://www.investmentmonitor.ai/news/gac-aion-opens-its-first-ev-factory-in-thailand/,,Operational
EV,HAREV0011,SAIC,China,Completed,Pakistan,Lahore (Punjab),2020,2021,EV,Manufacturing,60,0,1,1,JW-SEZ,https://www.saicmotor.com/english/index.shtml,https://www.just-auto.com/news/saic-motor-to-start-production-in-pakistan/,https://www.just-auto.com/news/saic-motor-to-start-production-in-pakistan/,"https://www.brecorder.com/news/40191096/mg-motors-now-says-it-will-introduce-three-ckd-models-in-pakistan?, https://www.brecorder.com/news/40410343",https://www.brecorder.com/news/40191096/mg-motors-now-says-it-will-introduce-three-ckd-models-in-pakistan?utm_source=chatgpt.com,https://www.brecorder.com/news/40089411,https://www.just-auto.com/news/saic-motor-to-start-production-in-pakistan/,https://www.just-auto.com/news/saic-motor-to-start-production-in-pakistan/,https://www.brecorder.com/news/40191096/mg-motors-now-says-it-will-introduce-three-ckd-models-in-pakistan?utm_source=chatgpt.com,Operational
EV,HAREV0066,Geely,China,Under Construction,Vietnam,Thai Binh (Thái Bình),2024,N/A,EV,Manufacturing,60,0,1,1,Tasco,https://global.geely.com/,https://vir.com.vn/chinas-geely-to-build-168-million-automobile-facility-with-tasco-in-thai-binh-114721.html&link=autochanger,https://vir.com.vn/chinas-geely-to-build-168-million-automobile-facility-with-tasco-in-thai-binh-114721.html&link=autochanger,https://vir.com.vn/chinas-geely-to-build-168-million-automobile-facility-with-tasco-in-thai-binh-114721.html&link=autochanger,https://vir.com.vn/chinas-geely-to-build-168-million-automobile-facility-with-tasco-in-thai-binh-114721.html&link=autochanger,https://vir.com.vn/chinas-geely-to-build-168-million-automobile-facility-with-tasco-in-thai-binh-114721.html&link=autochanger,https://gzstv.com/a/8fff0556a5da45f087cc8eae3eda2259,https://vir.com.vn/chinas-geely-to-build-168-million-automobile-facility-with-tasco-in-thai-binh-114721.html&link=autochanger,https://vir.com.vn/chinas-geely-to-build-168-million-automobile-facility-with-tasco-in-thai-binh-114721.html&link=autochanger,Under construction
EV,HAREV0061,Chery,China,Completed,Thailand,Rayong,2024,2025,EV,Manufacturing,56,0,1,1,KGEN,https://www.cheryinternational.com/,https://english.news.cn/asiapacific/20260421/579ad14d9abf40f2a899375689c495e4/c.html,https://english.news.cn/asiapacific/20260421/579ad14d9abf40f2a899375689c495e4/c.html,https://en.moneyandbanking.co.th/2024/125542/,https://en.moneyandbanking.co.th/2024/125542/,https://en.moneyandbanking.co.th/2024/125542/,https://english.news.cn/asiapacific/20260421/579ad14d9abf40f2a899375689c495e4/c.html,https://en.moneyandbanking.co.th/2024/125542/,https://en.moneyandbanking.co.th/2024/125542/,Operational
EV,HAREV0010,Minth,China,Completed,Czech Republic,Uzice (Central Bohemia),2020,2022,EV,Manufacturing,52,0,0,0,,https://www.minthgroup.com/,https://www.marklines.com/cn/top500/cf/minth-group_hl2022?utm_source=chatgpt.com,https://www.emis.com/php/company-profile/CZ/Minth_Cz_SRO_en_16446057.html,https://mp.weixin.qq.com/s/rIUolBxai0L_cRMeb4jhlA,,https://mp.weixin.qq.com/s/rIUolBxai0L_cRMeb4jhlA,https://www.marklines.com/cn/top500/cf/minth-group_hl2022?utm_source=chatgpt.com,https://mp.weixin.qq.com/s/rIUolBxai0L_cRMeb4jhlA,,Operational
EV,HAREV0021,Huashuo,China,Completed,Hungary,Debrecen (Hajdú-Bihar),2022,2024,EV,Manufacturing,42,0,0,0,,https://www.china-huashuo.com/,https://mp.weixin.qq.com/s/I5brWxl4pBvYEaRYM-i-nQ,https://mp.weixin.qq.com/s/I5brWxl4pBvYEaRYM-i-nQ,Investment value not publicly disclosed,,https://mp.weixin.qq.com/s/I5brWxl4pBvYEaRYM-i-nQ,https://mp.weixin.qq.com/s/I5brWxl4pBvYEaRYM-i-nQ,https://mp.weixin.qq.com/s/I5brWxl4pBvYEaRYM-i-nQ,,Operational
EV,HAREV0068,Glory Mica,China,Completed,Thailand,Thailand (site TBD),2024,N/A,EV,Manufacturing,42,0,0,0,,https://en.glorymica.com/,https://news.10jqka.com.cn/20260505/c676455652.shtml,https://en.glorymica.com/,https://www.yicai.com/brief/102109807.html,,https://www.yicai.com/brief/102109807.html,https://news.10jqka.com.cn/20260505/c676455652.shtml,https://www.yicai.com/brief/102109807.html,,Operational
EV,HAREV0127,Yinlun,China,Completed,Mexico,Ciénega de Flores (Nuevo León),2025,2026,EV,Manufacturing,38.37,0,0,0,,https://www.yinlun.cn/?id=72&_l=en,https://www.promexicoindustry.com/en/article/tdi-manufacturing-expands-operations-in-nuevo-len-with-new-plant-and-1-000-jobs?utm_source=chatgpt.com,https://www.promexicoindustry.com/en/article/tdi-manufacturing-expands-operations-in-nuevo-len-with-new-plant-and-1-000-jobs?utm_source=chatgpt.com,https://finance.sina.com.cn/stock/relnews/cn/2026-01-05/doc-inhfhavr6588046.shtml?utm_source=chatgpt.com,https://www.electrive.com/2025/08/27/maruti-suzuki-starts-production-of-the-e-vitara/,https://finance.sina.com.cn/stock/relnews/cn/2026-01-05/doc-inhfhavr6588046.shtml?utm_source=chatgpt.com,https://www.promexicoindustry.com/en/article/tdi-manufacturing-expands-operations-in-nuevo-len-with-new-plant-and-1-000-jobs?utm_source=chatgpt.com,https://www.promexicoindustry.com/en/article/tdi-manufacturing-expands-operations-in-nuevo-len-with-new-plant-and-1-000-jobs?utm_source=chatgpt.com,,Operational
EV,HAREV0016,Tuopu Group,China,Completed,Poland,Poznań (Greater Poland),2020,2023,EV,Manufacturing,35,0,0,0,,https://www.tuopu.com/en/home/,https://mp.weixin.qq.com/s/-iEYmlyD7cWuwPib-n05xg,https://www.paih.gov.pl/en/news/20210427-tuopu_investment_poznan/,https://www.paih.gov.pl/en/news/20210427-tuopu_investment_poznan/,https://en.moneyandbanking.co.th/2024/125542/,"https://data.eastmoney.com/notices/detail/601689/AN202012011434895314,JUU2JThCJTkzJUU2JTk5JUFFJUU5JTlCJTg2JUU1JTlCJUEy.html",https://mp.weixin.qq.com/s/-iEYmlyD7cWuwPib-n05xg,https://mp.weixin.qq.com/s/-iEYmlyD7cWuwPib-n05xg,,Operational
EV,HAREV0049,BYD,China,Completed,Cambodia,Sihanoukville (Preah Sihanouk),2024,2025,EV,Manufacturing,32,0,0,0,,https://www.bydglobal.com/en/index.html,https://www.khmertimeskh.com/501812627/byd-cambodia-commences-operations-in-sville/,https://www.chinadailyhk.com/hk/article/604013,https://www.chinadailyhk.com/hk/article/604013,https://m.chinatrucks.org/news/11459.html,https://www.khmertimeskh.com/501523120/byd-to-build-ev-assembly-plant-in-cambodia/,https://www.khmertimeskh.com/501812627/byd-cambodia-commences-operations-in-sville/,https://www.chinadailyhk.com/hk/article/604013,,Operational
EV,New_Renault_MA1,Renault,France,Announced,Morocco,Tangier + Casablanca (existing plant EV line conversion),2025,2030,EV,Manufacturing,32,0,0,0,,https://www.wammorocco.com/news-and-articles/morocco-renault-sign-new-investment-deal-create-7500-jobs-2030,https://www.agbi.com/manufacturing/2025/10/renault-signs-deal-to-produce-evs-in-morocco/,https://www.wammorocco.com/news-and-articles/morocco-renault-sign-new-investment-deal-create-7500-jobs-2030,Investment value not publicly disclosed,https://en.hespress.com/124385-reult-signs-new-morocco-deal-to-create-7500-jobs-and-expand-electric-vehicle-production.html,https://en.hespress.com/124385-reult-signs-new-morocco-deal-to-create-7500-jobs-and-expand-electric-vehicle-production.html,https://en.hespress.com/124385-reult-signs-new-morocco-deal-to-create-7500-jobs-and-expand-electric-vehicle-production.html,https://www.agbi.com/manufacturing/2025/10/renault-signs-deal-to-produce-evs-in-morocco/,,Announced only
EV,HAREV0025,TAILG,China,Completed,Rwanda,Kigali,2022,2022,EV,Manufacturing,30,0,0,0,,https://www.tailg.com/index.html,https://english.news.cn/africa/20220126/0d950b0c6e8a40e4bfa72ba04efac241/c.html,https://english.news.cn/africa/20220126/0d950b0c6e8a40e4bfa72ba04efac241/c.html,https://ir.jinkosolar.com/news-releases/news-release-details/jinkosolar-holds-opening-ceremony-its-us-solar-panel,,https://english.news.cn/africa/20220126/0d950b0c6e8a40e4bfa72ba04efac241/c.html,https://english.news.cn/africa/20220126/0d950b0c6e8a40e4bfa72ba04efac241/c.html,https://english.news.cn/africa/20220126/0d950b0c6e8a40e4bfa72ba04efac241/c.html,,Operational
EV,HAREV0073,Jiangsu Smartwin,China,Completed,Malaysia,Selangor (site TBD),2024,2026,EV,Manufacturing,30,0,0,0,,https://www.cnsmartwin.com/,https://mp.weixin.qq.com/s/2hva2Jl6_9ydBHoVVecJmw,https://mp.weixin.qq.com/s/2hva2Jl6_9ydBHoVVecJmw,https://mp.weixin.qq.com/s/p95zBF5bKRVOOU6-_SEHyg,,https://mp.weixin.qq.com/s/p95zBF5bKRVOOU6-_SEHyg,https://mp.weixin.qq.com/s/2hva2Jl6_9ydBHoVVecJmw,https://mp.weixin.qq.com/s/2hva2Jl6_9ydBHoVVecJmw,,Operational
EV,HAREV0120,Yaxing Guoji Maoyi,China,Announced,Uzbekistan,Samarkand,2025,N/A,EV,Manufacturing,28,0,0,0,,https://www.uzdaily.uz/en/chinese-yaxing-guoji-maoyi-to-invest-us28-million-in-electric-scooter-production-in-samarkand-region/,https://www.uzdaily.uz/en/chinese-yaxing-guoji-maoyi-to-invest-us28-million-in-electric-scooter-production-in-samarkand-region/,https://www.uzdaily.uz/en/chinese-yaxing-guoji-maoyi-to-invest-us28-million-in-electric-scooter-production-in-samarkand-region/,https://www.uzdaily.uz/en/chinese-yaxing-guoji-maoyi-to-invest-us28-million-in-electric-scooter-production-in-samarkand-region/,,https://www.uzdaily.uz/en/chinese-yaxing-guoji-maoyi-to-invest-us28-million-in-electric-scooter-production-in-samarkand-region/,https://www.media.stellantis.com/em-en/corporate-communications/press/stellantis-announces-investment-in-vigo-plant (year only),https://www.uzdaily.uz/en/chinese-yaxing-guoji-maoyi-to-invest-us28-million-in-electric-scooter-production-in-samarkand-region/,,Announced only
EV,HAREV0022,Minth,China,Completed,France,Ruitz (Hauts-de-France),2022,2024,EV,Manufacturing,26,0,1,1,Renault,https://www.minthgroup.com/,https://www.marklines.com/en/news/297073?utm_source=chatgpt.com,https://www.marklines.com/en/news/297073?utm_source=chatgpt.com,https://mp.weixin.qq.com/s/HRQA09HrLr_Fpb3QlDk8Og,,https://markets.ft.com/data/announce/detail?dockey=1330-1000660121en-6BSFLBNE39GOK5CVJTSKPFLMSHH,https://www.marklines.com/en/news/297073?utm_source=chatgpt.com,https://markets.ft.com/data/announce/detail?dockey=1330-1000660121en-6BSFLBNE39GOK5CVJTSKPFLMSHH,https://www.minthgroup.com/,Operational
EV,HAREV0004,BYD,China,Completed,Hungary,Komarom (Komárom-Esztergom),2016,2017,EV,Manufacturing,21,0,0,0,,https://www.bydglobal.com/en/index.html,https://global.chinadaily.com.cn/a/201704/06/WS59bb4616a310d4d9ab7e21ea.html,https://cleantechnica.com/2016/10/14/byd-building-electric-bus-factory-komarom-hungary/,https://global.chinadaily.com.cn/a/201704/06/WS59bb4616a310d4d9ab7e21ea.html,,https://cleantechnica.com/2016/10/14/byd-building-electric-bus-factory-komarom-hungary/,https://global.chinadaily.com.cn/a/201704/06/WS59bb4616a310d4d9ab7e21ea.html,https://global.chinadaily.com.cn/a/201704/06/WS59bb4616a310d4d9ab7e21ea.html,,Operational
EV,HAREV0112,Geely (Proton),China,Completed,Malaysia,Tanjung Malim (Perak),2025,2025,EV,Manufacturing,18.46,0,0,0,,https://www.proton.com/,https://www.proton.com/happenings/2025/august/new-proton-ev-plant-launched-by-prime-minister-dato-seri-anwar-ibrahim?utm_source=chatgpt.com,https://www.proton.com/happenings/2025/february/proton-begins-construction-of-malaysia-s-first-dedicated-ev-plant-in-tanjung-malim?utm_source=chatgpt.com,https://www.proton.com/happenings/2025/february/proton-begins-construction-of-malaysia-s-first-dedicated-ev-plant-in-tanjung-malim?utm_source=chatgpt.com,https://www.electrive.com/2022/09/14/foxtron-and-ptt-build-electric-car-factory-in-thailand/,https://www.proton.com/happenings/2025/february/proton-begins-construction-of-malaysia-s-first-dedicated-ev-plant-in-tanjung-malim?utm_source=chatgpt.com,https://www.proton.com/happenings/2025/august/new-proton-ev-plant-launched-by-prime-minister-dato-seri-anwar-ibrahim?utm_source=chatgpt.com,https://www.proton.com/happenings/2025/february/proton-begins-construction-of-malaysia-s-first-dedicated-ev-plant-in-tanjung-malim?utm_source=chatgpt.com,,Operational
EV,HAREV0047,BAIC,China,Completed,Thailand,Chachoengsao,2023,2024,EV,Manufacturing,15.3,0,1,1,CP,https://www.fotonmotor.com/foton.html,https://www.fotonmotor.com/news/foton-brazil-awarded-iso-9007-certification.html,https://truckandbusbuilder.com/article/2026/04/14/foton-begins-exporting-trucks-from-thailand-to-indonesia,https://www.just-auto.com/news/cp-foton-to-build-thai-assembly-plant/,https://anyflip.com/yyjmt/nvsw/basic?utm_source=chatgpt.com,https://www.fotonmotor.com/news/foton-brazil-awarded-iso-9007-certification.html,https://www.fotonmotor.com/news/foton-brazil-awarded-iso-9007-certification.html,https://www.fotonmotor.com/news/foton-brazil-awarded-iso-9007-certification.html,https://anyflip.com/yyjmt/nvsw/basic?utm_source=chatgpt.com,Operational
EV,HAREV0107,Lingyun Industrial Parts,China,Announced,Morocco,Tangier (Tanger-Tétouan-Al Hoceïma),2025,N/A,EV,Manufacturing,14,0,1,0,Haomei New Materials,http://lygf.norincogroup.com.cn/,https://mp.weixin.qq.com/s/WxCAAc-mnQAalXLCzGsy5Q,https://www.volvocars.com/intl/news/manufacturing/volvo-cars-build-third-european-manufacturing-plant-in-slovakia/,https://mp.weixin.qq.com/s/WxCAAc-mnQAalXLCzGsy5Q,https://mp.weixin.qq.com/s/WxCAAc-mnQAalXLCzGsy5Q,https://mp.weixin.qq.com/s/WxCAAc-mnQAalXLCzGsy5Q,https://www.volvocars.com/intl/news/manufacturing/volvo-cars-build-third-european-manufacturing-plant-in-slovakia/ (year only),https://mp.weixin.qq.com/s/WxCAAc-mnQAalXLCzGsy5Q,https://mp.weixin.qq.com/s/WxCAAc-mnQAalXLCzGsy5Q,Announced only
EV,HAREV0067,Glory Mica,China,Announced,Mexico,Mexico (site TBD),2026,N/A,EV,Manufacturing,11,0,0,0,,https://en.glorymica.com/,https://baijiahao.baidu.com/s?id=1862437884662414744&wfr=spider&for=pc,https://baijiahao.baidu.com/s?id=1862437884662414744&wfr=spider&for=pc,https://baijiahao.baidu.com/s?id=1862437884662414744&wfr=spider&for=pc,,https://baijiahao.baidu.com/s?id=1862437884662414744&wfr=spider&for=pc,,https://baijiahao.baidu.com/s?id=1862437884662414744&wfr=spider&for=pc,,Announced only
EV,HAREV0077,Sunrise Tech,China,Commenced,Thailand,Rayong,2024,N/A,EV,Manufacturing,11,0,0,0,,https://www.zxec.com/en/,https://mp.weixin.qq.com/s/qiBeJ0jrY2GYAsD5hZ-Ydw,https://epaper.stcn.com/pic/202501/22/a46d9fd148d0028d53555e72d4861560.pdf,https://epaper.stcn.com/pic/202501/22/a46d9fd148d0028d53555e72d4861560.pdf,,https://epaper.stcn.com/pic/202501/22/a46d9fd148d0028d53555e72d4861560.pdf,https://mp.weixin.qq.com/s/qiBeJ0jrY2GYAsD5hZ-Ydw,https://epaper.stcn.com/pic/202501/22/a46d9fd148d0028d53555e72d4861560.pdf,,Under construction
EV,HAREV0028,Aima,China,Completed,Vietnam,Bac Giang (Bắc Giang),2023,2025,EV,Manufacturing,9,0,0,0,,https://global.aimatech.com/,https://mp.weixin.qq.com/s/O4VmKY_oDXAwXbdeax5QoA,https://global.aimatech.com/about,https://inoxhimalaya.vn/bac-giang-du-an-nha-may-san-xuat-xe-dien-hai-banh-aima/?srsltid=AfmBOopJEP0qCva8mJVBnS0f6Oh3dIzdZqmuBarNmZHU7zF3vdkq6D-T,,https://www.tienthinhjsc.vn/khoi-cong-xay-nha-may-xe-dien-aima-quoc-te-thinh-vuong-289.htm,https://mp.weixin.qq.com/s/O4VmKY_oDXAwXbdeax5QoA,https://inoxhimalaya.vn/bac-giang-du-an-nha-may-san-xuat-xe-dien-hai-banh-aima/?srsltid=AfmBOopJEP0qCva8mJVBnS0f6Oh3dIzdZqmuBarNmZHU7zF3vdkq6D-T,,Operational
EV,HAREV0048,BYD,China,Completed,Azerbaijan,Sumqayit,2024,2025,EV,Manufacturing,8.5,0,1,1,Electrify Azerbaijan,https://www.bydglobal.com/en/index.html,https://mp.weixin.qq.com/s/0G99vyEzWTxcdiSboUI6Qg,https://caliber.az/en/post/china-s-byd-to-invest-over-17-million-in-azerbaijan-s-first-electric-bus-plant,https://caliber.az/en/post/china-s-byd-to-invest-over-17-million-in-azerbaijan-s-first-electric-bus-plant,,https://azertag.az/en/xeber/document_on_e_bus_manufacturing_localization_signed_with_byd-3283468,https://mp.weixin.qq.com/s/0G99vyEzWTxcdiSboUI6Qg,https://caliber.az/en/post/china-s-byd-to-invest-over-17-million-in-azerbaijan-s-first-electric-bus-plant,https://www.bydglobal.com/en/index.html,Operational
EV,HAREV0007,Yutong,China,Completed,Kazakhstan,Saran (Karaganda),2020,2020,EV,Manufacturing,5.7,0,1,1,"QazTehna LLP, Saryarka SEC",https://en.yutong.com/,http://qaztehna.kz/o-kompanii/?lang=en,https://www.reuters.com/sustainability/boards-policy-regulation/chinas-byd-assemble-evs-pakistan-2026-2025-07-24/?utm_source=chatgpt.com,https://business.com.tm/post/5888/yutong-bus-factory-to-appear-in-kazakhstan?utm_source=chatgpt.com,https://www.mofcom.gov.cn/dl/gbdqzn/upload/hasakesitan.pdf?utm_source=chatgpt.com,https://business.com.tm/post/5888/yutong-bus-factory-to-appear-in-kazakhstan?utm_source=chatgpt.com,http://qaztehna.kz/o-kompanii/?lang=en,https://business.com.tm/post/5888/yutong-bus-factory-to-appear-in-kazakhstan?utm_source=chatgpt.com,https://www.mofcom.gov.cn/dl/gbdqzn/upload/hasakesitan.pdf?utm_source=chatgpt.com,Operational
EV,HAREV0105,Leapmotor,China,Completed,Malaysia,Gurun (Kedah),2025,2025,EV,Manufacturing,2.9,0,1,0,Stellantis,https://www.leapmotor.net/,https://mp.weixin.qq.com/s/mX_p9ZFpZnOhjvsgjty6vg,https://www.media.stellantis.com/as-en/leapmotor/press/stellantis-and-leapmotor-forges-ev-future-in-asean-with-local-assembly-milestone-in-malaysia?utm_source=chatgpt.com,https://www.media.stellantis.com/as-en/leapmotor/press/stellantis-and-leapmotor-forges-ev-future-in-asean-with-local-assembly-milestone-in-malaysia?utm_source=chatgpt.com,,https://www.media.stellantis.com/as-en/leapmotor/press/stellantis-and-leapmotor-forges-ev-future-in-asean-with-local-assembly-milestone-in-malaysia?utm_source=chatgpt.com,https://mp.weixin.qq.com/s/mX_p9ZFpZnOhjvsgjty6vg,https://www.media.stellantis.com/as-en/leapmotor/press/stellantis-and-leapmotor-forges-ev-future-in-asean-with-local-assembly-milestone-in-malaysia?utm_source=chatgpt.com,https://www.leapmotor.net/,Operational
EV,HAREV0024,SAIC-GM-Wuling,China,Completed,Indonesia,Cikarang (West Java),2023,2025,EV,Manufacturing,,0,0,0,,https://wuling.id/en,https://www.aap.com.au/aapreleases/cision20220808ae38878/,https://wuling.id/en/company-profile,"https://www.ichongqing.info/2025/10/30/china-asean-fta-3-0-to-fuel-economic-growth-strengthen-regional-integration/amp/, https://www.reuters.com/article/business/gm-confirms-indonesia-factory-plan-with-chinas-saic-motor-idUSL4N0VC1LX/",,https://www.reuters.com/article/business/gm-confirms-indonesia-factory-plan-with-chinas-saic-motor-idUSL4N0VC1LX/,https://www.autonews.com/china/saic-gm-wuling-venture-opens-indonesia-assembly-plant/,https://mp.weixin.qq.com/s/y0j6iPGBL8cjKEC-kNqgzw,,Operational
EV,HAREV0038,SAIC,China,Completed,Thailand,Chonburi,2023,2023,EV,Manufacturing,,0,1,1,CP,https://www.saicmotor.com/english/index.shtml,https://cnevpost.com/2023/11/06/saic-mg-1st-thailand-made-mg4-off-line/?utm_source=chatgpt.com,https://www.bangkokpost.com/business/general/325994/cp-thailand-will-be-detroit-of-asia,https://www.ex-prod.mgcars.com/en/NewsActivities/Detail/NEW-MG4-ELECTRIC-Readiness-in-Thailand?utm_source=chatgpt.com,https://www.bangkokpost.com/business/general/325994/cp-thailand-will-be-detroit-of-asia,https://www.automotiveworld.com/articles/saic-motor-to-assemble-mg-cars-in-thailand-with-cp-group/,https://www.just-auto.com/news/saic-motor-starts-building-second-thai-plant/,https://cnevpost.com/2023/11/06/saic-mg-1st-thailand-made-mg4-off-line/?utm_source=chatgpt.com,https://www.bangkokpost.com/business/general/325994/cp-thailand-will-be-detroit-of-asia,Operational
EV,HAREV0039,TAILG,China,Completed,Vietnam,Hung Yen (Hưng Yên),2024,2024,EV,Manufacturing,,0,0,0,,https://www.tailg.com/index.html,https://www.tailg.com/newsinfo-166.html,https://www.tailg.com/newsinfo-166.html,Investment value not publicly disclosed,,https://www.tailg.com/newsinfo-166.html,https://www.tailg.com/newsinfo-166.html,https://www.tailg.com/newsinfo-166.html,,Operational
EV,HAREV0045,Ananda,China,Completed,Vietnam,Binh Duong (Bình Dương),2023,2025,EV,Manufacturing,,0,0,0,,https://www.ananda-drive.com/,https://mp.weixin.qq.com/s/9G9QxEk3Ci5yeop0BVUkWA,https://www.ananda-drive.com/contact/,Investment value not publicly disclosed,,https://mp.weixin.qq.com/s/9G9QxEk3Ci5yeop0BVUkWA,https://mp.weixin.qq.com/s/9G9QxEk3Ci5yeop0BVUkWA,https://mp.weixin.qq.com/s/9G9QxEk3Ci5yeop0BVUkWA,,Operational
EV,HAREV0059,Chery,China,Announced,Mexico,Mexico (site TBD),2023,N/A,EV,Manufacturing,,0,0,0,,https://www.cheryinternational.com/,https://www.enlace13tv.com.mx/2024/08/12/chirey-continua-planes-de-instalar-fabrica-en-mexico/?utm_source=chatgpt.com,https://www.enlace13tv.com.mx/2024/08/12/chirey-continua-planes-de-instalar-fabrica-en-mexico/?utm_source=chatgpt.com,Investment value not publicly disclosed,,https://www.fundacionandresbello.org/en/news-and-analysis/mexico-%f0%9f%87%b2%f0%9f%87%bd-news/chinese-automaker-prepares-vehicle-plant-in-mexico/,,https://www.enlace13tv.com.mx/2024/08/12/chirey-continua-planes-de-instalar-fabrica-en-mexico/?utm_source=chatgpt.com,,Announced only
EV,New_Xiaomi_DE1,Xiaomi,China,Operational,Germany,Munich (Bavaria),2025,2026,EV,Research & Development,,0,0,0,,https://www.mi.com/global/discover/article?id=5474,https://www.just-auto.com/news/xiaomi-ev-opens-rd-facility-in-munich/,https://www.electrive.com/2025/09/26/xiaomi-inaugurates-development-centre-in-munich/,Investment value not publicly disclosed,https://www.mi.com/global/discover/article?id=5474,https://www.just-auto.com/news/xiaomi-ev-opens-rd-facility-in-munich/,https://www.greencarstocks.com/xiaomi-opens-ev-development-facility-in-germany-as-it-targets-european-market/,https://www.mi.com/global/discover/article?id=5474,,Operational
EV,New_Volvo_US3,Volvo,Sweden,Operational,United States,Macungie (Pennsylvania),2024,N/A,EV,Manufacturing,,0,0,0,,https://www.ttnews.com/articles/volvo-grants-ev-trucks,https://www.ttnews.com/articles/volvo-grants-ev-trucks,https://www.ttnews.com/articles/volvo-grants-ev-trucks,Investment value not publicly disclosed,https://www.the-big-green-machine.com/siteid/609,https://www.the-big-green-machine.com/siteid/609,https://pv-magazine-usa.com/press-releases/ne-solar-achieves-bnef-tier-1-ranking-strengthening-u-s-solar-manufacturing-with-new-phoenix-facility/ (year only),https://www.the-big-green-machine.com/siteid/609,,Operational
EV,New_Volvo_US4,Volvo,Sweden,Under Construction,United States,Hagerstown (Maryland),2024,N/A,EV,Manufacturing,,0,0,0,,https://www.utilitydive.com/news/department-of-energy-automotive-manufacturing-factory-conversions-grant/721217/,https://cardinalnews.org/2024/07/11/volvo-awarded-208-million-to-upgrade-facilities-including-in-dublin/,https://cardinalnews.org/2024/07/11/volvo-awarded-208-million-to-upgrade-facilities-including-in-dublin/,Investment value not publicly disclosed,https://www.utilitydive.com/news/department-of-energy-automotive-manufacturing-factory-conversions-grant/721217/,https://www.ttnews.com/articles/volvo-grants-ev-trucks,,https://www.utilitydive.com/news/department-of-energy-automotive-manufacturing-factory-conversions-grant/721217/,,Under construction
EV,New_GeneralMotors_CA1,GM,United States,Announced,Canada,St Catherines (Ontario),2023,N/A,EV,Manufacturing,,0,0,0,,https://www.electrive.com/2024/06/07/gm-postpone-edu-production-canadian-plant/,https://www.electrive.com/2024/06/07/gm-postpone-edu-production-canadian-plant/,https://www.electrive.com/2024/06/07/gm-postpone-edu-production-canadian-plant/,,https://www.electrive.com/2024/06/07/gm-postpone-edu-production-canadian-plant/,https://www.electrive.com/2024/06/07/gm-postpone-edu-production-canadian-plant/,,https://www.electrive.com/2024/06/07/gm-postpone-edu-production-canadian-plant/,,Announced only
EV,New_Toyota_CA2,Toyota,Japan,Operational,Canada,Woodstock (Ontario),2025,2026,EV,Manufacturing,,0,0,0,,https://driving.ca/auto-news/industry/2026-toyota-rav4-ontario-plant-battery-pack-ev-hybrid,https://driving.ca/auto-news/industry/2026-toyota-rav4-ontario-plant-battery-pack-ev-hybrid,https://driving.ca/auto-news/industry/2026-toyota-rav4-ontario-plant-battery-pack-ev-hybrid,Investment value not publicly disclosed,https://driving.ca/auto-news/industry/2026-toyota-rav4-ontario-plant-battery-pack-ev-hybrid,https://driving.ca/auto-news/industry/2026-toyota-rav4-ontario-plant-battery-pack-ev-hybrid,https://driving.ca/auto-news/industry/2026-toyota-rav4-ontario-plant-battery-pack-ev-hybrid,https://driving.ca/auto-news/industry/2026-toyota-rav4-ontario-plant-battery-pack-ev-hybrid,,Operational
Solar,HARSOL127,TBEA,China,Announced,Egypt,Ain Sokhna (Suez),2026,N/A,Solar,Manufacturing,,0,1,0,Kemet,https://www.pv-magazine.com/2026/01/19/gcl-cornex-tbea-to-build-solar-manufacturing-complex-in-egypt/,https://www.pv-magazine.com/2026/01/19/gcl-cornex-tbea-to-build-solar-manufacturing-complex-in-egypt/,https://www.pv-magazine.com/2026/01/19/gcl-cornex-tbea-to-build-solar-manufacturing-complex-in-egypt/,"Investment value not publicly disclosed; TBEA is one of three firms (GCL/Cornex/TBEA) in the ~US$500m Kemet solar complex, Ain Sokhna — https://www.pv-magazine.com/2026/01/19/gcl-cornex-tbea-to-build-solar-manufacturing-complex-in-egypt/ (prior US$11.5bn was misattributed from the Xinyi Indonesia project)",https://www.dailynewsegypt.com/2026/01/18/kemet-tbea-sign-mou-to-establish-egypts-first-inverter-manufacturing-plant,https://www.pv-magazine.com/2026/01/19/gcl-cornex-tbea-to-build-solar-manufacturing-complex-in-egypt/,https://www.pv-magazine.com/2020/12/10/seraphim-announces-new-module-production-in-vietnam/,https://www.dailynewsegypt.com/2026/01/18/kemet-tbea-sign-mou-to-establish-egypts-first-inverter-manufacturing-plant,https://www.dailynewsegypt.com/2026/01/18/kemet-tbea-sign-mou-to-establish-egypts-first-inverter-manufacturing-plant,Announced only
Solar,HARSOL144,Xinyi,China,Announced,Indonesia,Rempang (Batam),2023,N/A,Solar,Manufacturing,11500,0,0,0,,https://www.xinyisolar.com/en/,https://business-indonesia.org/news/indonesia-secures-us-11-5-bn-investment-for-glass-solar-panels,https://voi.id/en/economy/297338,https://business-indonesia.org/news/indonesia-secures-us-11-5-bn-investment-for-glass-solar-panels,,https://business-indonesia.org/news/indonesia-secures-us-11-5-bn-investment-for-glass-solar-panels,,https://voi.id/en/economy/297338,,Announced only
Solar,HARSOL64,Hongshi Group,China,Announced,Indonesia,Indonesia (site TBD),2024,N/A,Solar,Manufacturing,5000,0,0,0,,https://www.hongshigroup.com/,https://www.reuters.com/markets/deals/indonesia-says-chinese-companies-commit-746-bln-new-investment-2024-12-23/,https://www.reuters.com/markets/deals/indonesia-says-chinese-companies-commit-746-bln-new-investment-2024-12-23/,https://www.reuters.com/markets/deals/indonesia-says-chinese-companies-commit-746-bln-new-investment-2024-12-23/,,https://www.reuters.com/markets/deals/indonesia-says-chinese-companies-commit-746-bln-new-investment-2024-12-23/,https://europe.kyocera.com/index/news/previous_news/news_archive_detail.L3NvbGFyX2VsZWN0cmljX3N5c3RlbXMvbmV3cy8yMDA1L2t5b2NlcmFfc29sYXJfcHJvZHVjdGlvbg~~.html,https://www.reuters.com/markets/deals/indonesia-says-chinese-companies-commit-746-bln-new-investment-2024-12-23/,,Announced only
Solar,HARSOL138,Trina Solar Limited,China,Announced,UAE,Abu Dhabi (KEZAD),2023,N/A,Solar,Manufacturing,5000,0,1,1,"AD Ports, JOCIC",https://taiyangnews.info/markets/trina-solar-to-make-big-move-to-the-middle-east,https://taiyangnews.info/markets/trina-solar-to-make-big-move-to-the-middle-east,https://taiyangnews.info/markets/trina-solar-to-make-big-move-to-the-middle-east,https://taiyangnews.info/markets/trina-solar-to-make-big-move-to-the-middle-east,https://taiyangnews.info/markets/trina-solar-to-make-big-move-to-the-middle-east,https://taiyangnews.info/markets/trina-solar-to-make-big-move-to-the-middle-east,https://investors.canadiansolar.com/news-releases/news-release-details/canadian-solar-secures-70-million-investment-and-financing,https://taiyangnews.info/markets/trina-solar-to-make-big-move-to-the-middle-east,https://taiyangnews.info/markets/trina-solar-to-make-big-move-to-the-middle-east,Announced only
Solar,HARSOL139,Trina Solar Limited,China,Announced,Australia,Australia (undisclosed),2024,N/A,Solar,Manufacturing,2500,0,1,0,Sundrive,https://www.sundrivesolar.com/sundrive-solar-and-trinasolar-join-forces-to-boost-australias-solar-manufacturing,https://www.sundrivesolar.com/sundrive-solar-and-trinasolar-join-forces-to-boost-australias-solar-manufacturing,[UNVERIFIED] https://www.pv-magazine.com/2024/10/14/sundrive-solar-trina-solar-to-jointly-make-solar-panels-in-australia/,Investment value not publicly disclosed,https://www.sundrivesolar.com/sundrive-solar-and-trinasolar-join-forces-to-boost-australias-solar-manufacturing,https://www.sundrivesolar.com/sundrive-solar-and-trinasolar-join-forces-to-boost-australias-solar-manufacturing,,https://www.pv-magazine.com/2024/10/14/sundrive-solar-trina-solar-to-jointly-make-solar-panels-in-australia/,https://www.sundrivesolar.com/sundrive-solar-and-trinasolar-join-forces-to-boost-australias-solar-manufacturing,Announced only
Solar,Solar 88.2,GCL Group,Hong Kong,Completed,China,Hefei (Anhui),2021,2023,Solar,Manufacturing,2500,0,0,0,,https://en.gclsi.com/,https://www.pv-tech.org/gcl-si-pumps-us122-million-into-kick-starting-construction-of-new-60gw-hefei-plant/,https://www.pv-tech.org/gcl-si-pumps-us122-million-into-kick-starting-construction-of-new-60gw-hefei-plant/,https://www.pv-tech.org/gcl-si-pumps-us122-million-into-kick-starting-construction-of-new-60gw-hefei-plant/,,https://www.pv-tech.org/gcl-si-pumps-us122-million-into-kick-starting-construction-of-new-60gw-hefei-plant/,https://w3.windfair.net/wind-energy/news/3263-vestas-to-establish-blade-factory-in-castilla-la-mancha-spain (year only),https://www.pv-tech.org/gcl-si-pumps-us122-million-into-kick-starting-construction-of-new-60gw-hefei-plant/,,Operational
Solar,FDI148679,Zhongli SCI-Tech Group,China,Completed,Thailand,Rayong,2015,2015,Solar,Manufacturing,2400,0,0,0,,https://www.pv-tech.org/talesun_building_500mw_integrated_pv_manufacturing_plant_in_thailand/,https://www.vestas.com/en/media/company-news/2024/vestas-to-repurpose-isle-of-wight-factory--uk--to-manuf-c4080778,https://www.pv-tech.org/talesun_building_500mw_integrated_pv_manufacturing_plant_in_thailand/, https://www.pv-tech.org/talesun_building_500mw_integrated_pv_manufacturing_plant_in_thailand/ ,,https://find-and-update.company-information.service.gov.uk/company/09170456 (year only),https://www.offshorewind.biz/2022/03/25/vestas-to-produce-v174-wind-turbine-blades-on-isle-of-wight/ (year only),https://www.vestas.com/en/about/our-locations/production,,Operational
Solar,HARSOL142,United Solar,China,Completed,Oman,Sohar (North Batinah),2024,2026,Solar,Manufacturing,1600,0,0,0,,https://www.unitedsolarholding.com/,https://www.pv-magazine.com/2026/02/09/united-solar-begins-production-at-omani-polysilicon-factory/,https://www.prnewswire.com/apac/news-releases/united-solar-holding-inc-announces-groundbreaking-polysilicon-project-in-sohar-port-and-freezone-302091530.html,https://www.pv-tech.org/united-solar-holding-building-middle-easts-first-polysilicon-factory/,https://www.pv-magazine.com/2012/03/23/jabil-plans-layoffs-at-polish-pv-module-plants_10006212/,https://www.prnewswire.com/apac/news-releases/united-solar-holding-inc-announces-groundbreaking-polysilicon-project-in-sohar-port-and-freezone-302091530.html,https://www.pv-magazine.com/2026/02/09/united-solar-begins-production-at-omani-polysilicon-factory/,https://www.pv-tech.org/united-solar-holding-building-middle-easts-first-polysilicon-factory/,,Operational
Solar,New_Qcells_MY1,Qcells,South Korea,Operational,Malaysia,Cyberjaya (Selangor),2014,2015,Solar,Manufacturing,1600,0,0,0,,https://www.eco-business.com/news/hanwha-q-cells-build-800-mw-module-fab-malaysia/,https://www.eco-business.com/news/hanwha-q-cells-build-800-mw-module-fab-malaysia/,https://www.eco-business.com/news/hanwha-q-cells-build-800-mw-module-fab-malaysia/,https://www.reuters.com/article/business/media-telecom/q-cells-plans-16-bln-plant-in-malaysia-paper-idUSSIN43587/,https://www.eco-business.com/news/hanwha-q-cells-build-800-mw-module-fab-malaysia/,https://www.eco-business.com/news/hanwha-q-cells-build-800-mw-module-fab-malaysia/,https://www.eco-business.com/news/hanwha-q-cells-build-800-mw-module-fab-malaysia/,https://www.eco-business.com/news/hanwha-q-cells-build-800-mw-module-fab-malaysia/,,Operational
Solar,HARSOL68,Huitian Adhesive,China,Completed,Vietnam,Hai Duong (Hải Dương),2023,2024,Solar,Manufacturing,1500,0,0,0,,https://www.industryglue.com/aboutus.html,https://www.industryglue.com/aboutus.html,https://www.industryglue.com/aboutus.html,https://www.mida.gov.my/mida-news/sbh-kibing-inks-rm7-2-billion-deal-for-solar-glass-plant-in-kimanis/,,https://www.industryglue.com/aboutus.html,https://taiyangnews.info/markets/vertical-integration-for-solar-pv-in-vietnam,[UNVERIFIED] https://taiyangnews.info/markets/vertical-integration-for-solar-pv-in-vietnam,,Operational
Solar,HARSOL83,Kibing Solar,China,Announced,Malaysia,Kimanis (Sabah),2024,N/A,Solar,Manufacturing,1500,0,0,0,,https://www.saurenergy.asia/kibing-group-to-build-usd-1-5-billion-solar-glass-plant-in-malaysia/,https://www.thestar.com.my/business/business-news/2024/11/14/solar-glass-plant-in-kimanis-gets-the-green-light,https://www.malaymail.com/news/money/2024/11/13/chinas-sbh-kibing-inks-rm72b-deal-for-sabahs-largest-solar-glass-plant-with-glcs/156753,https://www.saurenergy.asia/kibing-group-to-build-usd-1-5-billion-solar-glass-plant-in-malaysia/,https://sabahenergycorp.com/,https://www.thestar.com.my/business/business-news/2024/11/14/solar-glass-plant-in-kimanis-gets-the-green-light,https://insideclimatenews.org/news/10062009/chinas-trina-solar-bets-americas-thriving-photovoltaics-market/,https://www.malaymail.com/news/money/2024/11/13/chinas-sbh-kibing-inks-rm72b-deal-for-sabahs-largest-solar-glass-plant-with-glcs/156753,,Announced only
Solar,HARSOL128,TCL Zhonghuan,China,Announced,Saudi Arabia,TBD,2023,N/A,Solar,Manufacturing,1500,0,1,1,"RELC, VI",https://www.pvtime.org/20gw-tcl-zhonghuan-partners-with-saudi-vision-and-pif-to-build-large-scale-solar-wafer-factory-in-saudi-arabia/,https://www.yicaiglobal.com/news/chinas-tcl-zhonghuan-saudis-vision-industries-to-build-solar-wafer-plant-in-saudi-arabia,[UNVERIFIED] https://www.pvtime.org/20gw-tcl-zhonghuan-partners-with-saudi-vision-and-pif-to-build-large-scale-solar-wafer-factory-in-saudi-arabia/,https://www.pvtime.org/20gw-tcl-zhonghuan-partners-with-saudi-vision-and-pif-to-build-large-scale-solar-wafer-factory-in-saudi-arabia/,https://www.pvtime.org/20gw-tcl-zhonghuan-partners-with-saudi-vision-and-pif-to-build-large-scale-solar-wafer-factory-in-saudi-arabia/,https://www.yicaiglobal.com/news/20230525-08-tcl-zhonghuan-gains-on-tie-up-with-saudi-arabias-vision-to-build-kingdoms-first-solar-wafer-plant,https://taiyangnews.info/business/ae-solar-building-1-gw-solar-module-fab-in-turkey/,https://www.pv-tech.org/saudi-arabia-signs-deals-for-30gw-domestic-solar-pv-manufacturing/,https://www.pvtime.org/20gw-tcl-zhonghuan-partners-with-saudi-vision-and-pif-to-build-large-scale-solar-wafer-factory-in-saudi-arabia/,Announced only
Solar,HARSOL119,SolarSpace,China,Completed,Laos,Vientiane (Saysettha Development Zone),2023,2024,Solar,Manufacturing,1067,0,0,0,,https://www.pv-magazine.com/2023/09/27/solarspace-launches-first-phase-of-5-gw-pv-factory-in-laos/,https://www.pv-tech.org/solarspace-begins-cell-production-at-first-laos-manufacturing-plant/,https://www.pv-magazine.com/2023/09/27/solarspace-launches-first-phase-of-5-gw-pv-factory-in-laos/,Investment value not publicly disclosed,,https://www.pv-magazine.com/2023/09/27/solarspace-launches-first-phase-of-5-gw-pv-factory-in-laos/,https://www.pv-tech.org/solarspace-begins-cell-production-at-first-laos-manufacturing-plant/ (year only),https://www.pv-magazine.com/2023/09/27/solarspace-launches-first-phase-of-5-gw-pv-factory-in-laos/,,Operational
Solar,FDI183016,First Solar,United States,Completed,Vietnam,"Ho Chi Minh City (Cu Chi District, Industrial Zone 3)",2011,2018,Solar,Manufacturing,1067,0,0,0,,https://www.firstsolar.com/About-Us/Locations,https://www.firstsolar.com/About-Us/Locations,https://www.renewableenergyworld.com/solar/first-solar-begins-buidling-250mw-vietnam-factory/,https://www.firstsolar.com/About-Us/Locations,,https://www.renewableenergyworld.com/solar/first-solar-begins-buidling-250mw-vietnam-factory/ (year only),https://www.firstsolar.com/About-Us/Locations (year only),https://www.firstsolar.com/About-Us/Locations,,Operational
Solar,HARSOL70,JA Solar,China,Completed,Vietnam,Bac Giang (Bắc Giang),2016,2016,Solar,Manufacturing,1000,0,0,0,,https://www.energytrend.com/news/20161130-11219.html,https://www.pv-magazine.com/2016/11/28/ja-solar-breaks-ground-on-1bn-vietnam-solar-cell-factory-reports_100027025/,https://www.pv-magazine.com/2016/11/28/ja-solar-breaks-ground-on-1bn-vietnam-solar-cell-factory-reports_100027025/,https://www.energytrend.com/news/20161130-11219.html,,https://www.pv-magazine.com/2016/11/28/ja-solar-breaks-ground-on-1bn-vietnam-solar-cell-factory-reports_100027025/,https://www.greentechmedia.com/articles/read/nanosolar-boosts-cells-efficiency-starts-mass-production,https://theinvestor.vn/chinas-ja-solar-approved-to-invest-extra-378-mln-in-northern-vietnam-d7231.html,,Operational
Solar,HARSOL81,Jinko Solar,China,Announced,Saudi Arabia,Saudi Arabia (TBD),2024,N/A,Solar,Manufacturing,1000,0,1,1,"RELC, VI",https://ir.jinkosolar.com/news-releases/news-release-details/jinkosolar-form-joint-venture-relc-and-vi-saudi-arabia,https://ir.jinkosolar.com/news-releases/news-release-details/jinkosolar-form-joint-venture-relc-and-vi-saudi-arabia,[UNVERIFIED] https://ir.jinkosolar.com/news-releases/news-release-details/jinkosolar-form-joint-venture-relc-and-vi-saudi-arabia,https://ir.jinkosolar.com/news-releases/news-release-details/jinkosolar-form-joint-venture-relc-and-vi-saudi-arabia,https://ir.jinkosolar.com/news-releases/news-release-details/jinkosolar-form-joint-venture-relc-and-vi-saudi-arabia,https://ir.jinkosolar.com/news-releases/news-release-details/jinkosolar-form-joint-venture-relc-and-vi-saudi-arabia 07/16/2024,https://redchipblog.wordpress.com/category/worldwide-energy-and-manufacturing/,https://ir.jinkosolar.com/news-releases/news-release-details/jinkosolar-form-joint-venture-relc-and-vi-saudi-arabia,https://ir.jinkosolar.com/news-releases/news-release-details/jinkosolar-form-joint-venture-relc-and-vi-saudi-arabia,Announced only
Solar,HARSOL99,Maxeon,China,Announced,United States,Albuquerque (New Mexico),2024,N/A,Solar,Manufacturing,1000,0,0,0,,"https://mediaroom.maxeon.com/2023-08-10-Maxeon-Solar-Technologies-Selects-Albuquerque,-New-Mexico-as-Site-for-New-3-Gigawatt-Solar-Cell-and-Panel-Manufacturing-Facility",https://www.prnewswire.com/news-releases/maxeon-solar-technologies-selects-albuquerque-new-mexico-as-site-for-new-3-gigawatt-solar-cell-and-panel-manufacturing-facility-301897874.html,"https://mediaroom.maxeon.com/2023-08-10-Maxeon-Solar-Technologies-Selects-Albuquerque,-New-Mexico-as-Site-for-New-3-Gigawatt-Solar-Cell-and-Panel-Manufacturing-Facility","https://mediaroom.maxeon.com/2023-08-10-Maxeon-Solar-Technologies-Selects-Albuquerque,-New-Mexico-as-Site-for-New-3-Gigawatt-Solar-Cell-and-Panel-Manufacturing-Facility",,https://www.governor.state.nm.us/2023/08/10/gov-michelle-lujan-grisham-announces-a-billion-dollar-solar-manufacturing-project-in-new-mexico/,https://www.pv-tech.org/wp-content/uploads/legacy-publication-pdfs/b7cdf54743-lowcost-highefficiency-solar-cells-for-the-future-isc-konstanzs-technology-zoo.pdf,https://www.prnewswire.com/news-releases/maxeon-solar-technologies-selects-albuquerque-new-mexico-as-site-for-new-3-gigawatt-solar-cell-and-panel-manufacturing-facility-301897874.html,,Announced only
Solar,HARSOL8,Astronergy,China,Completed,Thailand,Snuol,2016,2016,Solar,Manufacturing,932,0,0,0,,https://www.astronergy.com/,https://www.astronergy.com/astronergy-thailand-manufacturing-base-perfect-its-industry-chain-with-wafer-lines/,https://www.astronergy.com/astronergy-thailand-manufacturing-base-perfect-its-industry-chain-with-wafer-lines/,https://theinvestor.vn/chinas-trina-solar-to-pour-additional-454-mln-into-solar-cell-plant-in-northern-vietnam-d8659.html,,https://www.astronergy.com/astronergy-thailand-manufacturing-base-perfect-its-industry-chain-with-wafer-lines/,https://www.astronergy.com/astronergy-thailand-manufacturing-base-perfect-its-industry-chain-with-wafer-lines/,https://www.astronergy.com/astronergy-thailand-manufacturing-base-perfect-its-industry-chain-with-wafer-lines/,,Operational
Solar,HARSOL118,SolarSpace,China,Completed,Cambodia,Snuol,2022,2023,Solar,Manufacturing,932,0,0,0,,https://www.pv-magazine.com/2023/03/10/solarspace-opens-1-2-gw-solar-module-factory-in-cambodia/,https://www.pv-magazine.com/2023/03/10/solarspace-opens-1-2-gw-solar-module-factory-in-cambodia/,https://www.pv-tech.org/industry-updates/solarspace-subsidiary-launches-operations-in-cambodia/,https://theinvestor.vn/chinas-trina-solar-to-pour-additional-454-mln-into-solar-cell-plant-in-northern-vietnam-d8659.html,,https://www.trinasolar.com/en-apac/resources/newsroom/aptrina-solar-deliver-210mm-550w-high-power-vertex-modules-north-america-newly/,https://www.pv-magazine.com/2023/03/10/solarspace-opens-1-2-gw-solar-module-factory-in-cambodia/ (year only),https://www.pv-magazine.com/2023/03/10/solarspace-opens-1-2-gw-solar-module-factory-in-cambodia/,,Operational
Solar,HARSOL90,Longi Green Energy Technology (Xi'an LONGI Silicon Materials),China,Completed,Malaysia,Bintulu (Sarawak),2016,2016,Solar,Manufacturing,850,0,0,0,,https://www.longi.com/en/news/6934/,https://www.longi.com/en/news/6934/,https://www.longi.com/en/news/6934/,http://www.zqrb.cn/gscy/gongsi/2023-10-18/A1697632675549.html,,https://www.longi.com/en/news/6934/,https://www.prnewswire.com/news-releases/ferro-expands-photovoltaic-technology-center-capability-in-asia-95964579.html,https://www.longi.com/en/news/6934/,,Operational
Solar,HARSOL110,Runergy,China,Completed,Thailand,Chachoengsao,2020,2020,Solar,Manufacturing,830,0,0,0,,https://www.runergy.com/about-runergy/,https://www.yicaiglobal.com/news/chinas-runergy-halts-solar-panel-cell-production-at-some-of-its-thai-plants-insiders-say,https://www.yicaiglobal.com/news/chinas-runergy-halts-solar-panel-cell-production-at-some-of-its-thai-plants-insiders-say,https://taiyangnews.info/business/20-gw-solar-ingot-wafer-manufacturing-fab-in-saudi-arabia,,https://www.pv-tech.org/saudi-arabia-signs-deals-for-30gw-domestic-solar-pv-manufacturing/,https://www.yicaiglobal.com/news/chinas-runergy-halts-solar-panel-cell-production-at-some-of-its-thai-plants-insiders-say,https://www.yicaiglobal.com/news/chinas-runergy-halts-solar-panel-cell-production-at-some-of-its-thai-plants-insiders-say,,Operational
Solar,CS_US1,Canadian Solar,Canada,Announced,United States,"Jeffersonville, Clark County (Indiana)",2023,N/A,Solar,Manufacturing,800,0,0,0,,https://investors.canadiansolar.com/news-releases/news-release-details/canadian-solar-announces-us-solar-cell-manufacturing-facility,https://www.prnewswire.com/news-releases/canadian-solar-announces-us-solar-cell-manufacturing-facility-in-jeffersonville-indiana-301971058.html,https://iedc.in.gov/events/news/details/2023/10/30/gov-holcomb-announces-canadian-solar-building-new-800m-solar-cell-manufacturing-facility-in-southeast-indiana,https://investors.canadiansolar.com/news-releases/news-release-details/canadian-solar-announces-us-solar-cell-manufacturing-facility,,https://investors.canadiansolar.com/news-releases/news-release-details/canadian-solar-announces-us-solar-cell-manufacturing-facility,https://eepower.com/news/indias-suzlon-energy-setting-up-operations-in-china/ (year only),https://pv-magazine-usa.com/2023/10/30/canadian-solar-to-open-5-gw-solar-cell-factory-in-indiana/,,Announced only
Solar,HARSOL79,Jinko Solar,China,Completed,Vietnam,Bac Giang (Bắc Giang),2022,2023,Solar,Manufacturing,750,0,0,0,,https://www.longi.com/en/,https://www.trinasolar.com/us/news/trina-solar-acquires-solar-cell-factory-netherlands,https://www.trinasolar.com/us/news/trina-solar-acquires-solar-cell-factory-netherlands,https://www.mida.gov.my/media-release/longi-malaysia-breaks-ground-on-its-new-rm1-3-billion-bintulu-samalaju-plant/,https://www.trinasolar.com/us/news/trina-solar-acquires-solar-cell-factory-netherlands,https://www.pv-magazine.com/2016/02/23/trina-solar-acquires-200-mw-dutch-solar-cell-factory-from-solland-solar_100023334/ (year only),https://www.trinasolar.com/us/news/trina-solar-acquires-solar-cell-factory-netherlands (year only),https://www.trinasolar.com/us/news/trina-solar-acquires-solar-cell-factory-netherlands,,Operational
Solar,HARSOL122,Sungrow,China,Completed,Thailand,Chonburi,2019,2022,Solar,Manufacturing,732,0,0,0,,https://thai.sungrowpower.com/,https://renewablesnow.com/news/australias-sundrive-plans-solar-manufacturing-jv-with-trina-solar-871282/,[UNVERIFIED] https://thai.sungrowpower.com/,Investment value not publicly disclosed,,https://renewablesnow.com/news/australias-sundrive-plans-solar-manufacturing-jv-with-trina-solar-871282/,https://money.finance.sina.com.cn/corp/view/vCB_AllBulletinDetail.php?id=8012904&stockid=300274,[UNVERIFIED] https://thai.sungrowpower.com/,,Operational
Solar,FDI205860,GS Solar,China,Completed,Malaysia,Kulim (Kedah),2019,2019,Solar,Manufacturing,732,0,1,0,Panasonic Corporation (Japan; 10% stake retained in new R&D JV; JV Local=0),https://www.pv-magazine.com/2019/05/09/panasonic-transfers-solar-manufacturing-unit-to-gs-solar-and-creates-new-research-jv/,[UNVERIFIED] https://asia.nikkei.com/Business/Business-deals/Panasonic-sells-solar-factory-in-Malaysia-to-new-Chinese-R-D-ally,https://asia.nikkei.com/Business/Business-deals/Panasonic-sells-solar-factory-in-Malaysia-to-new-Chinese-R-D-ally,https://www.pv-tech.org/panasonic-partners-with-gs-solar-on-heterojunction-production-and-rd/,,https://www.pv-magazine.com/2019/05/09/panasonic-transfers-solar-manufacturing-unit-to-gs-solar-and-creates-new-research-jv/,https://asia.nikkei.com/Business/Business-deals/Panasonic-sells-solar-factory-in-Malaysia-to-new-Chinese-R-D-ally,https://www.pv-magazine.com/2019/05/09/panasonic-transfers-solar-manufacturing-unit-to-gs-solar-and-creates-new-research-jv/,https://www.pv-magazine.com/2019/05/09/panasonic-transfers-solar-manufacturing-unit-to-gs-solar-and-creates-new-research-jv/,Operational
Solar,HARSOL10,Astronergy,China,Completed,Turkey,Balıkesir,2025,N/A,Solar,Manufacturing,700,0,1,1,Alfa Solar (phase I),https://www.astronergy.com/,https://renewablesnow.com/news/alfa-solar-astronergy-to-invest-usd-200m-in-turkish-pv-production-jv-1285158/,https://renewablesnow.com/news/alfa-solar-astronergy-to-invest-usd-200m-in-turkish-pv-production-jv-1285158/,https://www.solarbeglobal.com/700-million-investment-astronergy-plans-new-5gw-wafercellmodule-factory-in-turkey/,https://renewablesnow.com/news/alfa-solar-astronergy-to-invest-usd-200m-in-turkish-pv-production-jv-1285158/,https://renewablesnow.com/news/alfa-solar-astronergy-to-invest-usd-200m-in-turkish-pv-production-jv-1285158/,https://dssa.co.id/en/press-release/tmai-inaugurates-indonesias-largest-integrated-solar-panel-factory-ready-to-boost-domestic-renewable-energy-production-1750318016204,https://renewablesnow.com/news/alfa-solar-astronergy-to-invest-usd-200m-in-turkish-pv-production-jv-1285158/,https://renewablesnow.com/news/alfa-solar-astronergy-to-invest-usd-200m-in-turkish-pv-production-jv-1285158/,Operational
Solar,HARSOL31,Drinda,China,Announced,Oman,Sohar Free Zone,2024,N/A,Solar,Manufacturing,700,0,0,0,,https://www.jietaisolar.com/,https://www.yicaiglobal.com/news/chinas-drinda-unveils-plan-to-build-second-high-efficiency-solar-cell-plant-in-oman-in-a-month,https://taiyangnews.info/business/drinda-oman-solar-cell-production,https://www.yicaiglobal.com/news/chinas-drinda-unveils-plan-to-build-second-high-efficiency-solar-cell-plant-in-oman-in-a-month,,https://www.yicaiglobal.com/news/chinas-drinda-unveils-plan-to-build-second-high-efficiency-solar-cell-plant-in-oman-in-a-month,https://www.trinasolar.com/us/news/trina-solar-launches-operations-thailand-manufacturing-facility-and-signs-us143-million (year only),https://www.yicaiglobal.com/news/chinas-drinda-unveils-plan-to-build-second-high-efficiency-solar-cell-plant-in-oman-in-a-month,,Announced only
Solar,Solar90.1,First Solar,United States,Completed,India,"Sriperumbudur, Kancheepuram District (Tamil Nadu)",2021,2024,Solar,Manufacturing,700,0,0,0,,https://investor.firstsolar.com/news/press-release-details/2021/First-Solar-Intends-to-Expand-Global-Manufacturing-Footprint-with-New-3.3-GW-Facility-in-India/default.aspx,https://www.businesswire.com/news/home/20240111067742/en/First-Solar-Inaugurates-3.3-GW-Manufacturing-Facility-in-India,https://www.businesswire.com/news/home/20240111067742/en/First-Solar-Inaugurates-3.3-GW-Manufacturing-Facility-in-India,https://investor.firstsolar.com/news/press-release-details/2021/First-Solar-Intends-to-Expand-Global-Manufacturing-Footprint-with-New-3.3-GW-Facility-in-India/default.aspx,,https://docs.nrel.gov/docs/fy09osti/44620.pdf,https://www.businesswire.com/news/home/20240111067742/en/First-Solar-Inaugurates-3.3-GW-Manufacturing-Facility-in-India,https://www.mortenson.com/projects/vestas-blade-facility-phase-i,,Operational
Solar,HARSOL84,Kibing Solar,China,Announced,Egypt,Ain Sokhna (Suez),2025,N/A,Solar,Manufacturing,685,0,0,0,,https://en.amwalalghad.com/kibing-group-plans-685m-solar-glass-plant-in-egypts-sokhna-sczone-chair/,https://www.agbi.com/manufacturing/2025/07/chinas-kibing-to-build-egypts-largest-solar-panel-factory/,https://en.amwalalghad.com/kibing-group-plans-685m-solar-glass-plant-in-egypts-sokhna-sczone-chair/,https://en.amwalalghad.com/kibing-group-plans-685m-solar-glass-plant-in-egypts-sokhna-sczone-chair/,,https://www.prnewswire.com/news-releases/global-and-china-solar-cell-conductive-paste-industry-report-2011-133793773.html,https://www.prnewswire.com/news-releases/global-and-china-solar-cell-conductive-paste-industry-report-2011-133793773.html,[UNVERIFIED] https://www.prnewswire.com/news-releases/global-and-china-solar-cell-conductive-paste-industry-report-2011-133793773.html,,Announced only
Solar,HARSOL82,Kibing Solar,China,Completed,Malaysia,Kota Kinabalu (Sabah),2022,2023,Solar,Manufacturing,670,0,0,0,,https://www.mida.gov.my/mida-news/sbh-kibing-solar-opens-new-manufacturing-facility-in-kkip/,https://www.thevibes.com/articles/business/99731/rm3-bil-chinese-solar-glass-factory-starts-operaions-at-kk-today,https://www.mida.gov.my/media-release/kibing-announces-the-launching-ceremony-of-its-new-rm3-billion-kota-kinabalu-industrial-park-kkip-manufacturing-facility/,https://www.mida.gov.my/media-release/kibing-announces-the-launching-ceremony-of-its-new-rm3-billion-kota-kinabalu-industrial-park-kkip-manufacturing-facility/,https://investors.sunpower.com/news-releases/news-release-details/sunpower-announces-multi-year-manufacturing-agreement-jabil?releaseid=388470,https://siila.com.mx/news/jabil-invests-336-million-dollars-new-plant-chihuahua/4265/lang/en,https://www.thevibes.com/articles/business/99731/rm3-bil-chinese-solar-glass-factory-starts-operaions-at-kk-today,[UNVERIFIED] https://www.jabil.com/news/jabil-opens-third-manufacturing-facility-chihuahua-mexico.html,,Operational
Solar,FDI113097,Kyocera,Japan,Completed,United States,Cherry Hill (New Jersey),2012,2012,Solar,"Logistics, Distribution & Transportation",650,0,0,0,,https://americas.kyocera.com/press-releases/press-releases_201503242831.htm,https://americas.kyocera.com/press-releases/press-releases_201503242831.htm,https://americas.kyocera.com/press-releases/press-releases_201503242831.htm,Investment value not publicly disclosed,https://americas.kyocera.com/press-releases/press-releases_201503242831.htm,https://americas.kyocera.com/press-releases/press-releases_201503242831.htm (year only),https://americas.kyocera.com/press-releases/press-releases_201503242831.htm (year only),https://americas.kyocera.com/press-releases/press-releases_201503242831.htm,,Operational
Solar,HARSOL93,Longi Green Energy Technology (Xi'an LONGI Silicon Materials),China,Completed,United States,Pataskala (Ohio),2023,2024,Solar,Manufacturing,600,0,1,1,Invenergy,https://illuminateusa.com/press/a-new-era-of-manufacturing-pataskalas-illuminate-usa-starts-solar-panel-production/,https://illuminateusa.com/press/a-new-era-of-manufacturing-pataskalas-illuminate-usa-starts-solar-panel-production/,https://columbusregion.com/press-release/landmark-manufacturing-facility/,https://columbusregion.com/press-release/landmark-manufacturing-facility/,https://www.pv-tech.org/longi-invenergy-to-build-5gw-module-assembly-plant-in-ohio/,https://www.pv-tech.org/pufin_and_eurener_make_100_european_solar_module_play/ (year only),https://illuminateusa.com/press/a-new-era-of-manufacturing-pataskalas-illuminate-usa-starts-solar-panel-production/,https://www.pv-tech.org/pufin_and_eurener_make_100_european_solar_module_play/,https://www.pv-tech.org/longi-invenergy-to-build-5gw-module-assembly-plant-in-ohio/,Operational
Solar,HARSOL72,JA Solar,China,Announced,Oman,Sohar (North Batinah),2024,N/A,Solar,Manufacturing,565,0,0,0,,https://www.zawya.com/en/press-release/companies-news/sohar-freezone-signs-land-lease-agreement-with-ja-solar-fzc-spc-for-solar-production-plant-togdde7h,https://www.pv-magazine.com/2024/12/23/ja-solar-to-invest-in-solar-manufacturing-hub-in-oman/,https://www.zawya.com/en/press-release/companies-news/sohar-freezone-signs-land-lease-agreement-with-ja-solar-fzc-spc-for-solar-production-plant-togdde7h,https://www.zawya.com/en/press-release/companies-news/sohar-freezone-signs-land-lease-agreement-with-ja-solar-fzc-spc-for-solar-production-plant-togdde7h,,https://sciencebusiness.net/news/73476/Swiss-start-up-VHF-solves-Q-Cells%E2%80%99-silicon-shortage-problem,https://www.startupticker.ch/en/news/august-2011/the-dramatic-story-of-flexcell,[UNVERIFIED] https://sciencebusiness.net/news/73476/Swiss-start-up-VHF-solves-Q-Cells%E2%80%99-silicon-shortage-problem,,Announced only
Solar,New_Panasonic_MY1,Panasonic,Japan,Operational,Malaysia,Kulim (Kedah),2011,2012,Solar,Manufacturing,564,0,0,0,,https://news.panasonic.com/global/topics/2011/7775.html,https://www.panasonic.com/my/corporate/news/articles/panasonic-reaches-full-scale-production-of-hit-1-solar-modules-in-malaysia.html,https://www.businesswire.com/news/home/20111124005384/en/Panasonic-to-Build-New-Solar-Manufacturing-Base-in-Malaysia-to-Produce-Wafers-Cells-and-Modules,https://www.reuters.com/article/business/environment/panasonic-to-build-y45-bln-solar-cell-plant-in-malaysia-idUSTRE7AO05U/,https://news.panasonic.com/global/topics/2011/7775.html,https://www.reuters.com/article/business/environment/panasonic-to-build-y45-bln-solar-cell-plant-in-malaysia-idUSTRE7AO05U/ (year only),https://www.panasonic.com/my/corporate/news/articles/panasonic-reaches-full-scale-production-of-hit-1-solar-modules-in-malaysia.html (year only),https://www.businesswire.com/news/home/20111124005384/en/Panasonic-to-Build-New-Solar-Manufacturing-Base-in-Malaysia-to-Produce-Wafers-Cells-and-Modules,,Operational
Solar,HARSOL78,Jinko Solar,China,Completed,Vietnam,Quang Ninh Province (Quảng Ninh),2021,2022,Solar,Manufacturing,500,0,0,0,,https://ir.jinkosolar.com/news-releases/news-release-details/jinkosolars-new-7gw-ingotwafer-facility-vietnam-strengthen,https://www.pv-tech.org/jinkosolar-setting-up-7gw-ingot-and-wafer-plant-in-vietnam/,https://vir.com.vn/jinkosolar-hongkong-invests-in-photovoltaic-cell-technology-project-in-quang-ninh-83466.html,https://ir.jinkosolar.com/news-releases/news-release-details/jinkosolars-new-7gw-ingotwafer-facility-vietnam-strengthen,,https://www.businesswire.com/news/home/20081013006151/en/Sharp-Introduce-2nd-Generation-Thin-Film-Solar,https://www.businesswire.com/news/home/20081013006151/en/Sharp-Introduce-2nd-Generation-Thin-Film-Solar,https://www.businesswire.com/news/home/20081013006151/en/Sharp-Introduce-2nd-Generation-Thin-Film-Solar,,Operational
Solar,HARSOL89,Longi Green Energy Technology (Xi'an LONGI Silicon Materials),China,Completed,Vietnam,Yen Bai (Yên Bái),2014,2014,Solar,Manufacturing,500,0,0,0,,https://www.qhlihao.net/,https://www.pv-tech.org/ferro_opens_rd_laboratory_in_taiwan/,https://www.pv-tech.org/ferro_opens_rd_laboratory_in_taiwan/,https://www.pv-tech.org/ferro_opens_rd_laboratory_in_taiwan/,,https://www.pv-tech.org/ferro_opens_rd_laboratory_in_taiwan/ (year only),https://www.pv-tech.org/ferro_opens_rd_laboratory_in_taiwan/ (year only),https://www.pv-tech.org/ferro_opens_rd_laboratory_in_taiwan/,,Operational
Solar,Solar_DRINDA_TR1,Drinda,China,Announced,Turkey,Düzce Province (western Black Sea region),2025,N/A,Solar,Manufacturing,500,0,1,0,Schmid Pekintaş Energy (Turkey/Germany JV,https://www.pv-magazine.com/2025/06/09/drinda-schmid-pekintas-to-build-5-gw-solar-cell-plant-in-turkey/,https://www.pv-magazine.com/2025/06/09/drinda-schmid-pekintas-to-build-5-gw-solar-cell-plant-in-turkey/,https://www.pv-magazine.com/2025/06/09/drinda-schmid-pekintas-to-build-5-gw-solar-cell-plant-in-turkey/,https://www.pv-magazine.com/2025/06/09/drinda-schmid-pekintas-to-build-5-gw-solar-cell-plant-in-turkey/,https://www.pv-magazine.com/2025/06/09/drinda-schmid-pekintas-to-build-5-gw-solar-cell-plant-in-turkey/,https://www.pv-magazine.com/2025/06/09/drinda-schmid-pekintas-to-build-5-gw-solar-cell-plant-in-turkey/,https://www.pv-magazine.com/2025/06/09/drinda-schmid-pekintas-to-build-5-gw-solar-cell-plant-in-turkey/,https://taiyangnews.info/markets/drinda-announces-5-gw-solar-cell-factory-turkey,https://www.pv-magazine.com/2025/06/09/drinda-schmid-pekintas-to-build-5-gw-solar-cell-plant-in-turkey/,Announced only
Solar,HARSOL111,Runergy,China,Completed,Vietnam,Nghe An (Nghệ An),2023,2024,Solar,Manufacturing,440,0,0,0,,https://theinvestor.vn/thailand-based-runergy-raises-investment-in-central-vietnam-by-147-mln-d6431.html,https://vir.com.vn/runergy-increases-investment-in-nghe-an-104831.html,https://vir.com.vn/runergy-pumps-293-million-into-silicon-and-semiconductor-plant-103539.html,https://theinvestor.vn/thailand-based-runergy-raises-investment-in-central-vietnam-by-147-mln-d6431.html,,https://www.pv-magazine.com/2015/12/14/triton-solar-signs-deal-for-100m-printed-solar-cell-fab-in-india_100022432/,,https://www.pv-magazine.com/2015/12/14/triton-solar-signs-deal-for-100m-printed-solar-cell-fab-in-india_100022432/,,Operational
Solar,HARSOL13,Boviet Solar,China,Completed,United States,Greenville (South Carolina),2024,2025,Solar,Manufacturing,435,0,0,0,,https://bovietsolar.com/,"https://bovietsolar.com/boviet-solar-celebrates-opening-of-its-first-u-s-pv-module-plant, https://mp.weixin.qq.com/s/ZcUsEqu8b2OoEVfFkV15uw",https://bovietsolar.com/boviet-solar-celebrates-opening-of-its-first-u-s-pv-module-plant,https://www.pv-tech.org/boway-alloy-2gw-topcon-cell-manufacturing-us/,,https://taiyangnews.info/business/chinese-solar-manufacturer-plans-topcon-production-in-us,https://bovietsolar.com/boviet-solar-celebrates-opening-of-its-first-u-s-pv-module-plant,https://www.prnewswire.com/news-releases/boviet-solar-celebrates-opening-of-its-first-us-pv-module-factory-302437355.html,,Operational
Solar,Solar86.2,Jabil Circuit,United States,Completed,Vietnam,Ho Chi Minh City,2008,2009,Solar,Manufacturing,390,0,1,0,SolarEdge,https://www.jabil.com/news/jabil-hosts-vietnamese-government-officials-for-the-signing-of-m.html,[UNVERIFIED] https://www.jabil.com/news/jabil-hosts-vietnamese-government-officials-for-the-signing-of-m.html,https://www.jabil.com/news/jabil-hosts-vietnamese-government-officials-for-the-signing-of-m.html,https://vir.com.vn/solar-energy-field-hots-up-6707.html,,https://www.jabil.com/news/jabil-hosts-vietnamese-government-officials-for-the-signing-of-m.html,https://vir.com.vn/solar-energy-field-hots-up-6707.html,[UNVERIFIED] https://www.jabil.com/news/jabil-hosts-vietnamese-government-officials-for-the-signing-of-m.html,https://www.jabil.com/news/jabil-hosts-vietnamese-government-officials-for-the-signing-of-m.html,Operational
Solar,HARSOL74,JinenU Solar,China,Announced,Indonesia,Batang (Central Java),2024,N/A,Solar,Manufacturing,380,0,0,0,,https://www.energytrend.com/news/20240822-48251.html,https://www.energytrend.com/news/20240822-48251.html,https://www.energytrend.com/news/20240822-48251.html,https://www.longi.com/en/news/malaysla-serendah-module-plant/,[UNVERIFIED] https://www.energytrend.com/news/20240822-48251.html,https://www.energytrend.com/news/20240822-48251.html 08/20/2024,https://www.energias-renovables.com/termosolar/solar-pstenergie-inauguran-en-portugal-la-mayor (year only),https://www.energytrend.com/news/20240822-48251.html,,Announced only
Solar,HARSOL32,Drinda,China,Announced,Ethiopia,Ethiopia (site TBD),2025,N/A,Solar,Manufacturing,360,0,0,0,,https://www.jietaisolar.com/,https://tribune.com.pk/story/2545823/ethiopia-secures-17-billion-in-energy-and-mineral-deals-with-chinese-investors,https://tribune.com.pk/story/2545823/ethiopia-secures-17-billion-in-energy-and-mineral-deals-with-chinese-investors,https://tribune.com.pk/story/2545823/ethiopia-secures-17-billion-in-energy-and-mineral-deals-with-chinese-investors,,https://tribune.com.pk/story/2545823/ethiopia-secures-17-billion-in-energy-and-mineral-deals-with-chinese-investors,https://siliconsemiconductor.net/article/101014/Trina_Solar_invests_in_Vietnams_largest_solar_PV_cell_plant (year only),https://tribune.com.pk/story/2545823/ethiopia-secures-17-billion-in-energy-and-mineral-deals-with-chinese-investors,,Announced only
Solar,HARSOL59,Hanergy,China,Announced,Ethiopia,Ethiopia (site TBD),2025,N/A,Solar,Manufacturing,360,0,1,0,Jandu,https://www.hanergy.eu/,https://www.renewables-rising.com/p/ethiopia-builds-more-solar-cell-manufacturing-plants,https://www.renewables-rising.com/p/ethiopia-builds-more-solar-cell-manufacturing-plants,https://trendsnafrica.com/ethiopias-bold-reform-agenda-pays-off-over-usd-1-6-bn-secured-in-landmark-investment-forum/,https://asia.nikkei.com/business/energy/kyocera-shutters-solar-panel-factory-in-china2,https://www.renewables-rising.com/p/ethiopia-builds-more-solar-cell-manufacturing-plants,https://americas.kyocera.com/press-releases/press-releases_201503232201.htm,https://www.renewables-rising.com/p/ethiopia-builds-more-solar-cell-manufacturing-plants,https://asia.nikkei.com/business/energy/kyocera-shutters-solar-panel-factory-in-china2,Announced only
Solar,HARSOL12,Boviet Solar,China,Completed,Vietnam,Hai Duong (Hải Dương),2023,2023,Solar,Manufacturing,350,0,0,0,,https://bovietsolar.com/,https://mp.weixin.qq.com/s/8rYuZZKES00jbaKu78BXuA,https://vir.com.vn/boway-group-to-invest-350-million-in-solar-manufacturing-facility-104692.html&link=autochanger,https://vir.com.vn/boway-group-to-invest-350-million-in-solar-manufacturing-facility-104692.html&link=autochanger,,https://vir.com.vn/boway-group-to-invest-350-million-in-solar-manufacturing-facility-104692.html&link=autochanger,https://mp.weixin.qq.com/s/8rYuZZKES00jbaKu78BXuA,https://vir.com.vn/boway-group-to-invest-350-million-in-solar-manufacturing-facility-104692.html&link=autochanger,,Operational
Solar,HARSOL41,Flat Glass Group,China,Completed,Vietnam,Hai Phong (Hải Phòng),2016,2021,Solar,Manufacturing,350,0,0,0,,https://www.flatgroup.com.cn/en/,https://www.nbd.com.cn/articles/2021-03-24/1668827.html,https://tapchicongthuong.vn/flat-solar-glass-group-invests-200-million-usd-in-hai-phong-44371.htm,https://en.vneconomy.vn/hai-phong-city-secures-nearly-200-mln-from-chinese-firms.htm,,https://tapchicongthuong.vn/flat-solar-glass-group-invests-200-million-usd-in-hai-phong-44371.htm,https://www.nbd.com.cn/articles/2021-03-24/1668827.html,https://en.vneconomy.vn/hai-phong-city-secures-nearly-200-mln-from-chinese-firms.htm,,Operational
Solar,FDI70418,Jabil Circuit,United States,Completed,Mexico,Chihuahua,2022,2023,Solar,Manufacturing,336,0,1,0,SunPower,https://www.jabil.com/news/jabil-opens-third-manufacturing-facility-chihuahua-mexico.html,https://www.jabil.com/news/jabil-opens-third-manufacturing-facility-chihuahua-mexico.html,https://www.jabil.com/contact/locations/chihuahua.html,https://siila.com.mx/news/jabil-invests-336-million-dollars-new-plant-chihuahua/4265/lang/en,https://investors.sunpower.com/news-releases/news-release-details/sunpower-announces-multi-year-manufacturing-agreement-jabil?releaseid=388470,https://siila.com.mx/news/jabil-invests-336-million-dollars-new-plant-chihuahua/4265/lang/en,https://www.jabil.com/news/jabil-opens-third-manufacturing-facility-chihuahua-mexico.html,[UNVERIFIED] https://www.jabil.com/news/jabil-opens-third-manufacturing-facility-chihuahua-mexico.html,https://investors.sunpower.com/news-releases/news-release-details/sunpower-announces-multi-year-manufacturing-agreement-jabil?releaseid=388470,Operational
Solar,HARSOL91,Longi Green Energy Technology (Xi'an LONGI Silicon Materials),China,Commenced,Malaysia,Bintulu (Sarawak),2023,N/A,Solar,Manufacturing,330,1,0,0,,https://www.mida.gov.my/media-release/longi-malaysia-breaks-ground-on-its-new-rm1-3-billion-bintulu-samalaju-plant/,https://www.mida.gov.my/media-release/longi-malaysia-breaks-ground-on-its-new-rm1-3-billion-bintulu-samalaju-plant/,https://www.mida.gov.my/media-release/longi-malaysia-breaks-ground-on-its-new-rm1-3-billion-bintulu-samalaju-plant/,https://www.mida.gov.my/media-release/longi-malaysia-breaks-ground-on-its-new-rm1-3-billion-bintulu-samalaju-plant/,,https://www.mida.gov.my/media-release/longi-malaysia-breaks-ground-on-its-new-rm1-3-billion-bintulu-samalaju-plant/ (year only),https://bernama.com/en/news.php?id=2236937 (year only),https://www.mida.gov.my/media-release/longi-malaysia-breaks-ground-on-its-new-rm1-3-billion-bintulu-samalaju-plant/,,Under construction
Solar,HARSOL109,Risen Energy,China,Completed,Malaysia,Kulim (Kedah),2021,2022,Solar,Manufacturing,330,0,0,0,,https://www.pv-magazine.com/2021/06/25/risen-energy-plans-3-gw-cell-module-factory-in-malaysia/,https://taiyangnews.info/business/risen-energy-building-3-gw-malaysia-solar-fab/,https://www.pv-magazine.com/2021/06/25/risen-energy-plans-3-gw-cell-module-factory-in-malaysia/,https://mp.weixin.qq.com/s/8gqEMlsvhoWjaltx28mbog,,https://www.pv-magazine.com/2021/06/25/risen-energy-plans-3-gw-cell-module-factory-in-malaysia/,https://taiyangnews.info/business/risen-energy-building-3-gw-malaysia-solar-fab/,https://www.pv-magazine.com/2021/06/25/risen-energy-plans-3-gw-cell-module-factory-in-malaysia/,,Operational
Solar,FDI219525,Longi Green Energy Technology (Xi'an LONGI Silicon Materials),China,Completed,India,Sri City (Andhra Pradesh),2017,2019,Solar,Manufacturing,309,0,0,0,,https://www.pv-magazine-india.com/2018/02/06/longi-doubles-indian-solar-manufacturing-plans-to-2-gw/,[UNVERIFIED] https://www.pv-tech.org/longi-restarts-stalled-solar-cell-and-module-manufacturing-plans-in-india/,https://www.ornatesolar.com/india-international-solar-news/chinas-longi-inks-pact-with-andhra-pradesh-to-invest-rs-1670-crore/,https://www.pv-magazine-india.com/2018/02/06/longi-doubles-indian-solar-manufacturing-plans-to-2-gw/,[UNVERIFIED] https://evwind.aeeolica.org/2010/03/04/lm-glasfiber-establishes-fourth-blade-manufacturing-facility-in-china/4464,https://www.pv-magazine-india.com/2018/02/06/longi-doubles-indian-solar-manufacturing-plans-to-2-gw/,https://www.pv-magazine-india.com/2018/02/06/longi-doubles-indian-solar-manufacturing-plans-to-2-gw/,https://www.pv-magazine-india.com/2018/02/06/longi-doubles-indian-solar-manufacturing-plans-to-2-gw/,,Operational
Solar,HARSOL23,China Glass,China,Commenced,Egypt,SCzone,2023,N/A,Solar,Manufacturing,300,0,0,0,,https://www.chinaglassholdings.com/index.aspx,https://mp.weixin.qq.com/s/vN8mBejuubMMze3EXV38IQ,https://mp.weixin.qq.com/s/vN8mBejuubMMze3EXV38IQ,https://mp.weixin.qq.com/s/vN8mBejuubMMze3EXV38IQ,,https://www.glass-international.com/news/china-glass-company-plots-egyptian-facility,https://mp.weixin.qq.com/s/vN8mBejuubMMze3EXV38IQ,https://mp.weixin.qq.com/s/vN8mBejuubMMze3EXV38IQ,,Under construction
Solar,HARSOL103,Nuocheng Solar,China,Announced,Serbia,Paracin (Pomoravlje),2024,N/A,Solar,Manufacturing,300,0,0,0,,https://www.pv-magazine.com/2024/05/10/chinas-hunan-rich-plans-1-gw-solar-panel-factory-in-serbia/,https://balkangreenenergynews.com/chinese-company-hunan-rich-to-build-solar-panel-factory-in-serbia/,https://www.pv-magazine.com/2024/05/10/chinas-hunan-rich-plans-1-gw-solar-panel-factory-in-serbia/,https://www.pv-tech.org/hunan-rich-signs-mou-for-1gw-pv-module-factory-in-serbia/,https://www.pv-tech.org/ja_solar_and_powerway_to_open_150mw_pv_module_assembly_plant_in_south_afric/,https://www.pv-magazine.com/2014/01/22/ja-solar-powerway-establish-module-fab-in-south-africa_100014003/ 01/22/2014,https://moguldom.com/48374/africas-solar-panel-manufacturing-creating-jobs/,https://www.pv-tech.org/ja_solar_and_powerway_to_open_150mw_pv_module_assembly_plant_in_south_afric/,,Announced only
Solar,Solar_GST_TH1,Gstar,Singapore,Completed,Thailand,Rayong (Rayong Rubber Industrial Estate),2022,2022,Solar,Manufacturing,300,0,0,0,,https://www.gstarsolar.com/news/corporate-news/39.html,https://www.gstarsolar.com/news/corporate-news/39.html,https://www.gstarsolar.com/news/corporate-news/39.html,https://www.gstarsolar.com/news/corporate-news/39.html,,https://www.gstarsolar.com/news/corporate-news/39.html,https://www.gstarsolar.com/news/corporate-news/39.html,https://www.gstarsolar.com/news/corporate-news/39.html,,Operational
Solar,FDI55218,Sharp,Japan,Completed,Italy,Catania (Sicily),2010,2011,Solar,Manufacturing,292,0,1,1,Enel,https://www.enel.com/media/explore/search-press-releases/press/2012/04/enel-green-power-and-sharp-increase-solar-capacity-in-italy,https://www.enel.com/media/explore/search-press-releases/press/2012/04/enel-green-power-and-sharp-increase-solar-capacity-in-italy,https://www.enel.com/media/explore/search-press-releases/press/2012/04/enel-green-power-and-sharp-increase-solar-capacity-in-italy,Investment value not publicly disclosed,https://www.enel.com/media/explore/search-press-releases/press/2012/04/enel-green-power-and-sharp-increase-solar-capacity-in-italy,https://www.enel.com/content/dam/enel-com/pressrelease/porting_pressrelease/1636648-1_PDF-1.pdf,https://www.enel.com/media/explore/search-press-releases/press/2012/04/enel-green-power-and-sharp-increase-solar-capacity-in-italy,https://www.enel.com/media/explore/search-press-releases/press/2012/04/enel-green-power-and-sharp-increase-solar-capacity-in-italy,https://www.enel.com/media/explore/search-press-releases/press/2012/04/enel-green-power-and-sharp-increase-solar-capacity-in-italy,Operational
Solar,HARSOL42,Flat Glass Group,China,Announced,Indonesia,Central Java (site TBD),2023,N/A,Solar,Manufacturing,290,0,0,0,,https://www.flatgroup.com.cn/en/,https://www.sohu.com/a/1019953412_115362,https://www.yicaiglobal.com/news/chinas-flat-glass-to-invest-usd290-million-to-build-pv-glass-plant-in-indonesia/,https://www.yicaiglobal.com/news/chinas-flat-glass-to-invest-usd290-million-to-build-pv-glass-plant-in-indonesia/,,https://www.yicaiglobal.com/news/chinas-flat-glass-to-invest-usd290-million-to-build-pv-glass-plant-in-indonesia/,https://www.sohu.com/a/1019953412_115362,https://www.yicaiglobal.com/news/chinas-flat-glass-to-invest-usd290-million-to-build-pv-glass-plant-in-indonesia/,,Announced only
Solar,HARSOL75,Jinjing,China,Completed,Malaysia,Kedah (Gulin High Tech Park),2018,2022,Solar,Manufacturing,290,0,0,0,,https://www.jinjing-glass.com/news/embracing-the-trend-the-malaysian-photovoltaic-glass-project-of-jinjing-group-put-into-operation/,https://www.jinjing-glass.com/news/embracing-the-trend-the-malaysian-photovoltaic-glass-project-of-jinjing-group-put-into-operation/,https://www.jinjing-glass.com/news/embracing-the-trend-the-malaysian-photovoltaic-glass-project-of-jinjing-group-put-into-operation/,https://www.mida.gov.my/media-release/longi-malaysia-breaks-ground-on-its-new-rm1-3-billion-bintulu-samalaju-plant/,https://www.pv-magazine.com/2012/09/24/china-aleo-terminates-avim-solar-module-production_10008586/,https://www.jinjing-glass.com/news/embracing-the-trend-the-malaysian-photovoltaic-glass-project-of-jinjing-group-put-into-operation/,https://www.jinjing-glass.com/news/embracing-the-trend-the-malaysian-photovoltaic-glass-project-of-jinjing-group-put-into-operation/,https://www.jinjing-glass.com/news/embracing-the-trend-the-malaysian-photovoltaic-glass-project-of-jinjing-group-put-into-operation/,,Operational
Solar,HARSOL92,Longi Green Energy Technology (Xi'an LONGI Silicon Materials),China,Commenced,Malaysia,Sarawak (East Malaysia),2023,N/A,Solar,Manufacturing,290,0,0,0,,[UNVERIFIED] https://www.mida.gov.my/media-release/longi-malaysia-breaks-ground-on-its-new-rm1-3-billion-bintulu-samalaju-plant/,"https://www.runergy.com/wp-content/uploads/download/Brochure.pdf, https://36kr.com/p/2946494544452226",[UNVERIFIED] https://www.mida.gov.my/media-release/longi-malaysia-breaks-ground-on-its-new-rm1-3-billion-bintulu-samalaju-plant/,https://www.mida.gov.my/media-release/longi-malaysia-breaks-ground-on-its-new-rm1-3-billion-bintulu-samalaju-plant/,,https://www.runergy.com/wp-content/uploads/download/Brochure.pdf,https://www.runergy.com/wp-content/uploads/download/Brochure.pdf,"https://www.runergy.com/wp-content/uploads/download/Brochure.pdf, https://36kr.com/p/2946494544452226",,Under construction
Solar,FDI132503,GSHK Solar Technology,Hong Kong,Completed,Germany,Berlin,2013,2013,Solar,Manufacturing,290,0,0,0,,https://www.groupgshk.com/cigs-pv-maker-gs-hong-kong-solar-opens-40mw-manufacturing-plant-2013/,https://www.groupgshk.com/cigs-pv-maker-gs-hong-kong-solar-opens-40mw-manufacturing-plant-2013/,https://www.groupgshk.com/cigs-pv-maker-gs-hong-kong-solar-opens-40mw-manufacturing-plant-2013/,Investment value not publicly disclosed,,https://www.groupgshk.com/cigs-pv-maker-gs-hong-kong-solar-opens-40mw-manufacturing-plant-2013/ (year only),https://www.groupgshk.com/cigs-pv-maker-gs-hong-kong-solar-opens-40mw-manufacturing-plant-2013/ (year only),https://www.groupgshk.com/cigs-pv-maker-gs-hong-kong-solar-opens-40mw-manufacturing-plant-2013/,,Operational
Solar,FDI132507,GSHK Solar Technology,Hong Kong,Completed,China,China (city TBC; likely Guangdong Province),2013,2014,Solar,Manufacturing,264,0,0,0,,https://www.groupgshk.com/overview/,https://www.groupgshk.com/cigs-pv-maker-gs-hong-kong-solar-opens-40mw-manufacturing-plant-2013/,https://www.groupgshk.com/cigs-pv-maker-gs-hong-kong-solar-opens-40mw-manufacturing-plant-2013/,Investment value not publicly disclosed,,https://www.groupgshk.com/overview/ (year only),https://www.groupgshk.com/cigs-pv-maker-gs-hong-kong-solar-opens-40mw-manufacturing-plant-2013/,https://www.groupgshk.com/overview/,,Operational
Solar,HARSOL25,CSG Holding,China,Announced,Egypt,TBD,2025,N/A,Solar,Manufacturing,252,0,0,0,,https://www.csgholding.com/en/,https://taiyangnews.info/business/csg-holding-announces-egyptian-solar-glass-factory,https://taiyangnews.info/business/csg-holding-announces-egyptian-solar-glass-factory,https://taiyangnews.info/business/csg-holding-announces-egyptian-solar-glass-factory,https://www.pvtime.org/20gw-tcl-zhonghuan-partners-with-saudi-vision-and-pif-to-build-large-scale-solar-wafer-factory-in-saudi-arabia/,https://taiyangnews.info/business/csg-holding-announces-egyptian-solar-glass-factory,,https://taiyangnews.info/business/csg-holding-announces-egyptian-solar-glass-factory,,Announced only
Solar,FDI13532,Kyocera,Japan,Completed,Mexico,Tijuana (Baja California),2004,2005,Solar,Manufacturing,250,0,0,0,,https://americas.kyocera.com/press-releases/press-releases_201503232210.htm,https://www.laserfocusworld.com/test-measurement/research/article/16570955/kyocera-opens-new-solar-product-assembly-operation,https://americas.kyocera.com/press-releases/press-releases_201503232210.htm,https://americas.kyocera.com/press-releases/press-releases_201503201643.htm,https://renewablesnow.com/news/chinas-central-new-energy-egn-agree-on-solar-partnership-in-oman-1280817/,https://www.laserfocusworld.com/test-measurement/research/article/16570955/kyocera-opens-new-solar-product-assembly-operation,https://www.laserfocusworld.com/test-measurement/research/article/16570955/kyocera-opens-new-solar-product-assembly-operation,https://www.laserfocusworld.com/test-measurement/research/article/16570955/kyocera-opens-new-solar-product-assembly-operation,,Operational
Solar,FDI126833,SoloPower,United States,Completed,South Korea,Gwangju,2013,2013,Solar,Manufacturing,250,0,1,1,CTI Korea,https://www.investkorea.org/gj-en/bbs/i-1416/detail.do?ntt_sn=51181,https://www.investkorea.org/gj-en/bbs/i-1416/detail.do?ntt_sn=51181,https://www.investkorea.org/gj-en/bbs/i-1416/detail.do?ntt_sn=51181,https://www.investkorea.org/gj-en/bbs/i-1416/detail.do?ntt_sn=51181,https://www.investkorea.org/gj-en/bbs/i-1416/detail.do?ntt_sn=51181,https://www.investkorea.org/gj-en/bbs/i-1416/detail.do?ntt_sn=51181,https://www.investkorea.org/gj-en/bbs/i-1416/detail.do?ntt_sn=51181,https://www.investkorea.org/gj-en/bbs/i-1416/detail.do?ntt_sn=51181,https://www.investkorea.org/gj-en/bbs/i-1416/detail.do?ntt_sn=51181,Operational
Solar,FDI135330,ReneSola,China,Completed,Japan,Otawara (Tochigi),2014,2014,Solar,Manufacturing,250,0,1,1,Vitec; Sun-s Co,https://ir.renesolapower.com/news-releases/news-release-details/renesola-announces-made-japan-oem-module-production-plan,https://ir.renesolapower.com/news-releases/news-release-details/renesola-announces-made-japan-oem-module-production-plan,https://renewablesnow.com/news/vitec-renesola-to-launch-80-mw-pv-panel-factory-in-japan-405716/,Investment value not publicly disclosed,https://renewablesnow.com/news/vitec-renesola-to-launch-80-mw-pv-panel-factory-in-japan-405716/,https://ir.renesolapower.com/news-releases/news-release-details/renesola-announces-made-japan-oem-module-production-plan (year only),https://en.prnasia.com/releases/global/ReneSola_Announces_Made_in_Japan_OEM_Module_Production_Plan-93724.shtml (year only),https://ir.renesolapower.com/news-releases/news-release-details/renesola-announces-made-japan-oem-module-production-plan,https://renewablesnow.com/news/vitec-renesola-to-launch-80-mw-pv-panel-factory-in-japan-405716/,Operational
Solar,FDI136853,Upsolar,China,Completed,Turkey,Istanbul,2014,2014,Solar,"Logistics, Distribution & Transportation",250,0,0,0,,https://www.businesswire.com/news/home/20140305006744/en/Upsolar-Expands-Presence-Turkey-Singapore,https://www.pv-tech.org/news/upsolar_opens_singapore_and_turkey_offices_to_tap_emerging_markets,https://www.businesswire.com/news/home/20140305006744/en/Upsolar-Expands-Presence-Turkey-Singapore,Investment value not publicly disclosed,https://www.pv-magazine.com/press-releases/upsolar-commissions-first-solar-pv-project-in-turkey_100016460/,https://www.businesswire.com/news/home/20140305006744/en/Upsolar-Expands-Presence-Turkey-Singapore (year only),https://www.businesswire.com/news/home/20140305006744/en/Upsolar-Expands-Presence-Turkey-Singapore (year only),https://www.pv-tech.org/news/upsolar_opens_singapore_and_turkey_offices_to_tap_emerging_markets,,Operational
Solar,CS_ET1,Canadian Solar,Canada,Announced,Ethiopia,Addis Ababa (exact industrial zone TBC),2025,N/A,Solar,Manufacturing,250,0,0,0,,https://w3.windfair.net/wind-energy/news/9313-china-wind-energy-gamesa-opens-its-fifth-factory-in-the-country,[UNVERIFIED] https://www.infolink-group.com/energy-article/Tianjin-becomes-major-wind-turbine-manufacturing-base-of-Siemens-Gamesa,https://www.infolink-group.com/energy-article/Tianjin-becomes-major-wind-turbine-manufacturing-base-of-Siemens-Gamesa,https://www.bloomberg.com/news/articles/2025-05-13/chinese-firms-to-invest-1-75-billion-in-ethiopia-mining-solar,,https://www.ecoreporter.de/artikel/15112005-meldung-gamesa-elica-sale-and-installation-agreement-of-302-megawatt-15-11-2005/?utm_source,"https://ftp.windtech-international.com/projects-and-contracts/gamesa-enters-the-chinese-market#:~:text=This%20equipment%20will%20be%20manufactured,be%20fully%20owned%20by%20Gamesa.",https://www.infolink-group.com/energy-article/Tianjin-becomes-major-wind-turbine-manufacturing-base-of-Siemens-Gamesa,,Announced only
Solar,CS_US2,Canadian Solar,Canada,Completed,United States,"Mesquite, Dallas County (Texas)",2023,2023,Solar,Manufacturing,250,0,0,0,,https://investors.canadiansolar.com/news-releases/news-release-details/canadian-solar-announces-us-module-manufacturing-facility,https://investors.canadiansolar.com/news-releases/news-release-details/canadian-solar-announces-us-module-manufacturing-facility,https://investors.canadiansolar.com/news-releases/news-release-details/canadian-solar-announces-us-module-manufacturing-facility,https://investors.canadiansolar.com/news-releases/news-release-details/canadian-solar-announces-us-module-manufacturing-facility,,https://investors.canadiansolar.com/news-releases/news-release-details/canadian-solar-announces-us-module-manufacturing-facility,https://investors.canadiansolar.com/news-releases/news-release-details/canadian-solar-announces-us-module-manufacturing-facility,https://investors.canadiansolar.com/news-releases/news-release-details/canadian-solar-announces-us-module-manufacturing-facility,,Operational
Solar,HARSOL3,Almaden,China,Announced,UAE,Abu Dhabi,2025,N/A,Solar,Manufacturing,240,0,0,0,,http://en.czamd.com/,https://taiyangnews.info/business/almaden-planning-uae-solar-glass-factory,https://taiyangnews.info/business/almaden-planning-uae-solar-glass-factory,https://taiyangnews.info/business/almaden-planning-uae-solar-glass-factory,,https://taiyangnews.info/business/almaden-planning-uae-solar-glass-factory,,https://taiyangnews.info/business/almaden-planning-uae-solar-glass-factory,,Announced only
Solar,FDI183106,HyET Solar,Netherlands,Cancelled,India,Assam (site TBD),2017,N/A,Solar,Manufacturing,235.55,0,0,0,,https://www.pv-magazine.com/2017/12/12/hyet-solar-seeks-investors-for-200-mw-module-fab-in-india/,https://www.pv-magazine.com/2017/12/12/hyet-solar-seeks-investors-for-200-mw-module-fab-in-india/,[UNVERIFIED] https://www.pv-magazine.com/2017/12/12/hyet-solar-seeks-investors-for-200-mw-module-fab-in-india/,https://www.pv-magazine.com/2017/12/12/hyet-solar-seeks-investors-for-200-mw-module-fab-in-india/,,https://www.pv-magazine.com/2017/12/12/hyet-solar-seeks-investors-for-200-mw-module-fab-in-india/,,https://www.pv-magazine.com/2017/12/12/hyet-solar-seeks-investors-for-200-mw-module-fab-in-india/,,Ceased operations
Solar,FDI82825,First Solar,United States,Completed,Germany,Frankfurt/Oder (Brandenburg),2007,2007,Solar,Manufacturing,223,0,0,0,,https://www.businesswire.com/news/home/20111103006008/en/First-Solar-Doubles-Production-in-Germany,https://www.businesswire.com/news/home/20111103006008/en/First-Solar-Doubles-Production-in-Germany,https://www.icob.de/en/first-solar/,https://www.solardaily.com/reports/First_Solar_builds_second_plant_in_Germany_999point.html,,https://www.businesswire.com/news/home/20111103006008/en/First-Solar-Doubles-Production-in-Germany,https://www.businesswire.com/news/home/20111103006008/en/First-Solar-Doubles-Production-in-Germany,https://www.businesswire.com/news/home/20111103006008/en/First-Solar-Doubles-Production-in-Germany,,Operational
Solar,Solar88.1,GCL Group,Hong Kong,Announced,Malaysia,Malaysia (city/location TBC; awaiting approvals),2025,N/A,Solar,Manufacturing,220,0,1,1,Founder Group,https://www.pv-tech.org/founder-group-gcl-sign-a-us220-million-mou/,https://www.pv-tech.org/founder-group-gcl-sign-a-us220-million-mou/,[UNVERIFIED] https://www.pv-tech.org/founder-group-gcl-sign-a-us220-million-mou/,https://www.pv-tech.org/founder-group-gcl-sign-a-us220-million-mou/,https://www.pv-tech.org/founder-group-gcl-sign-a-us220-million-mou/,https://www.pv-tech.org/founder-group-gcl-sign-a-us220-million-mou/,https://www.siemensgamesa.com/en-int/explore/journal/2022/06/wind-blade-factory-aalborg-anniversary (year only),[UNVERIFIED] https://www.pv-tech.org/founder-group-gcl-sign-a-us220-million-mou/,https://www.pv-tech.org/founder-group-gcl-sign-a-us220-million-mou/,Announced only
Solar,FDI144519,Trina Solar Limited,China,Completed,South Africa,Pretoria (Gauteng),2014,2014,Solar,"Logistics, Distribution & Transportation",214,0,0,0,,https://www.pv-tech.org/trina_opens_warehouse_in_south_africa/,https://www.pv-tech.org/trina_opens_warehouse_in_south_africa/,https://www.pv-tech.org/trina_opens_warehouse_in_south_africa/,Investment value not publicly disclosed,https://www.pv-tech.org/trina_opens_warehouse_in_south_africa/,https://www.pv-tech.org/trina_opens_warehouse_in_south_africa/ (year only),https://www.pv-tech.org/trina_opens_warehouse_in_south_africa/ (year only),https://www.pv-tech.org/trina_opens_warehouse_in_south_africa/,,Operational
Solar,HARSOL71,JA Solar,China,Commenced,Egypt,Ain Sokhna / Sokhna (Suez Canal Economic Zone),2024,N/A,Solar,Manufacturing,210,0,1,1,"AHG, Global South Utilities, Infinity Capital",https://www.pv-tech.org/ja-solar-jv-starts-work-on-egypt-pv-and-storage-manufacturing-plant/,https://www.pv-tech.org/ja-solar-jv-starts-work-on-egypt-pv-and-storage-manufacturing-plant/,https://www.pv-tech.org/ja-solar-jv-starts-work-on-egypt-pv-and-storage-manufacturing-plant/,https://www.pv-tech.org/ja-solar-jv-starts-work-on-egypt-pv-and-storage-manufacturing-plant/,https://www.pv-tech.org/ja-solar-jv-starts-work-on-egypt-pv-and-storage-manufacturing-plant/,https://www.pv-magazine.com/2024/11/22/ja-solar-plans-2-gw-solar-cell-module-factory-in-egypt/ (year only),https://www.pv-magazine.com/2011/03/11/sanyo-opens-hungarian-solar-module-facility_10002430/ (year only),https://www.pv-tech.org/ja-solar-jv-starts-work-on-egypt-pv-and-storage-manufacturing-plant/,https://www.pv-tech.org/ja-solar-jv-starts-work-on-egypt-pv-and-storage-manufacturing-plant/,Under construction
Solar,HARSOL30,DMEGC,China,Completed,Indonesia,Indonesia (site TBD),2024,2024,Solar,Manufacturing,200,0,0,0,,https://www.dmegcsolar.com/,https://static.cninfo.com.cn/finalpage/2024-08-28/1221015041.PDF,https://static.cninfo.com.cn/finalpage/2024-08-28/1221015041.PDF,https://static.cninfo.com.cn/finalpage/2024-08-28/1221015041.PDF,,https://static.cninfo.com.cn/finalpage/2024-08-28/1221015041.PDF,https://static.cninfo.com.cn/finalpage/2024-08-28/1221015041.PDF,https://static.cninfo.com.cn/finalpage/2024-08-28/1221015041.PDF,,Operational
Solar,HARSOL105,QC Solar Corp,China,Completed,Vietnam,Bac Giang (Bắc Giang),2017,2017,Solar,Manufacturing,200,0,0,0,,https://www.qc-solar.com/about-us/,https://africa-energy-portal.org/news/chinese-sunrev-build-200-million-solar-energy-complex-egypts-sczone,https://en.vietnamplus.vn/solar-energy-panel-factory-built-in-bac-giang-post103282.vnp,https://africa-energy-portal.org/news/chinese-sunrev-build-200-million-solar-energy-complex-egypts-sczone,https://www.pv-magazine.com/press-releases/upsolar-commissions-first-solar-pv-project-in-turkey_100016460/,https://bqlkcn.bacgiang.gov.vn/chi-tiet-tin-tuc/-/asset_publisher/xme8LCPEx4VA/content/cap-ieu-chinh-giay-chung-nhan-ang-ky-au-tu-cho-cong-ty-tnhh-ien-tu-qc-solar-vietnam- (year only),https://en.vietnamplus.vn/solar-energy-panel-factory-built-in-bac-giang-post103282.vnp (year only),https://www.qc-solar.com/about-us/,,Operational
Solar,HARSOL123,Sunrev Solar,China,Commenced,Egypt,Ain Sokhna (Suez),2025,N/A,Solar,Manufacturing,200,0,0,0,,https://www.pvmagazine.com/2025/06/23/chinas-sunrev-solar-builds-2-gw-solar-cell-module-factory-in-egypt/,https://www.pvmagazine.com/2025/06/23/chinas-sunrev-solar-builds-2-gw-solar-cell-module-factory-in-egypt/,https://www.pvmagazine.com/2025/06/23/chinas-sunrev-solar-builds-2-gw-solar-cell-module-factory-in-egypt/,https://www.pvmagazine.com/2025/06/23/chinas-sunrev-solar-builds-2-gw-solar-cell-module-factory-in-egypt/,,https://www.pvmagazine.com/2025/06/23/chinas-sunrev-solar-builds-2-gw-solar-cell-module-factory-in-egypt/,,https://www.pvmagazine.com/2025/06/23/chinas-sunrev-solar-builds-2-gw-solar-cell-module-factory-in-egypt/,,Under construction
Solar,FDI221,Kyocera,Japan,Completed,China,Tianjin,2003,2003,Solar,"Logistics, Distribution & Transportation",200,0,0,0,,https://americas.kyocera.com/press-releases/press-releases_201503232201.htm,[UNVERIFIED] https://asia.nikkei.com/business/energy/kyocera-shutters-solar-panel-factory-in-china2,https://americas.kyocera.com/press-releases/press-releases_201503232201.htm,Investment value not publicly disclosed,https://asia.nikkei.com/business/energy/kyocera-shutters-solar-panel-factory-in-china2,https://americas.kyocera.com/press-releases/press-releases_201503232201.htm,https://americas.kyocera.com/press-releases/press-releases_201503232201.htm,https://americas.kyocera.com/press-releases/press-releases_201503232201.htm,,Ceased operations
Solar,FDI147067,Jetion Solar Holdings,China,Completed,Thailand,Chonburi,2013,2014,Solar,Manufacturing,200,0,0,0,,https://www.jetion.com.cn/en/About/3.html,https://www.energytrend.com/news/20150112-8067.html,https://www.energytrend.com/news/20150112-8067.html,Investment value not publicly disclosed,https://renewablesnow.com/news/jetion-to-open-200-mw-thai-module-factory-in-may-2015-458206/,https://www.jetion.com.cn/en/About/3.html (year only),https://www.energytrend.com/news/20150112-8067.html (year only),https://www.energytrend.com/news/20150112-8067.html,,Operational
Solar,FDI151526,JA Solar,China,Completed,India,Sri City (Andhra Pradesh),2015,2015,Solar,Manufacturing,200,0,1,1,Essel Infraprojects,https://renewablesnow.com/news/essel-ja-solar-pick-site-for-500-mw-module-factory-in-india-488483/,[UNVERIFIED] https://renewablesnow.com/news/essel-ja-solar-pick-site-for-500-mw-module-factory-in-india-488483/,https://renewablesnow.com/news/essel-ja-solar-pick-site-for-500-mw-module-factory-in-india-488483/,https://renewablesnow.com/news/essel-ja-solar-pick-site-for-500-mw-module-factory-in-india-488483/,https://renewablesnow.com/news/essel-ja-solar-pick-site-for-500-mw-module-factory-in-india-488483/,https://renewablesnow.com/news/essel-ja-solar-pick-site-for-500-mw-module-factory-in-india-488483/,https://www.siemensgamesa.com/global/en/home/press-releases/siemens-gamesa-inaugurates-the-first-blade-plant-in-africa-and-the-middle-east.html (year only),https://renewablesnow.com/news/essel-ja-solar-pick-site-for-500-mw-module-factory-in-india-488483/,https://renewablesnow.com/news/essel-ja-solar-pick-site-for-500-mw-module-factory-in-india-488483/,Operational
Solar,Solar95.1,Panasonic,Japan,Completed,India,Jhajjar (Haryana),2011,2012,Solar,Manufacturing,200,0,0,0,,https://news.panasonic.com/global/topics/2013/14834.html,https://news.panasonic.com/global/topics/2013/14834.html,https://news.panasonic.com/global/topics/2013/14834.html,https://news.panasonic.com/global/topics/2013/14834.html,,https://news.panasonic.com/global/topics/2013/14834.html,https://news.panasonic.com/global/topics/2013/14834.html,[UNVERIFIED] https://news.panasonic.com/global/topics/2013/14834.html,,Operational
Solar,FDI29631,First Solar,United States,Completed,Germany,Frankfurt/Oder (Brandenburg),2009,2011,Solar,Manufacturing,189,1,0,0,,https://investor.firstsolar.com/overview/default.aspx,https://gpms.biz/en/portfolio/first-solar-frankfurt-oder/,https://gpms.biz/en/portfolio/first-solar-frankfurt-oder/,https://gpms.biz/en/portfolio/first-solar-frankfurt-oder/,,https://gpms.biz/en/portfolio/first-solar-frankfurt-oder/,https://gpms.biz/en/portfolio/first-solar-frankfurt-oder/,https://gpms.biz/en/portfolio/first-solar-frankfurt-oder/,,Operational
Solar,FDI234597,JA Solar,China,Completed,Vietnam,Bac Ninh (Bắc Ninh),2022,2023,Solar,Manufacturing,189,0,0,0,,https://en.vietnamplus.vn/bac-ninh-pledges-support-for-ja-solar-to-resume-photovoltaic-cell-technology-project-post336900.vnp,https://en.vietnamplus.vn/bac-ninh-pledges-support-for-ja-solar-to-resume-photovoltaic-cell-technology-project-post336900.vnp,https://en.vietnamplus.vn/bac-ninh-pledges-support-for-ja-solar-to-resume-photovoltaic-cell-technology-project-post336900.vnp,https://en.vietnamplus.vn/bac-ninh-pledges-support-for-ja-solar-to-resume-photovoltaic-cell-technology-project-post336900.vnp,,https://en.vietnamplus.vn/bac-ninh-pledges-support-for-ja-solar-to-resume-photovoltaic-cell-technology-project-post336900.vnp,https://www.business-standard.com/content/b2b-manufacturing-industry/gamesa-expands-nacelle-facility-for-wind-turbines-in-chennai-114112700247_1.html (year only),https://en.vietnamplus.vn/bac-ninh-pledges-support-for-ja-solar-to-resume-photovoltaic-cell-technology-project-post336900.vnp,,Ceased operations
Solar,Solar94.2,AE Solar,Germany,Cancelled,Bulgaria,Plovdiv,2021,N/A,Solar,Manufacturing,170,0,0,0,,https://balkangreenenergynews.com/ae-solar-to-build-solar-panel-plant-in-bulgaria/,https://balkangreenenergynews.com/ae-solar-to-build-solar-panel-plant-in-bulgaria/,https://balkangreenenergynews.com/ae-solar-to-build-solar-panel-plant-in-bulgaria/,https://serbia-energy.eu/bulgaria-ae-solar-will-invest-150-million-euros-in-the-construction-of-the-solar-panel-factory-in-plovdiv/,,https://balkangreenenergynews.com/ae-solar-to-build-solar-panel-plant-in-bulgaria/,,[UNVERIFIED] https://balkangreenenergynews.com/ae-solar-to-build-solar-panel-plant-in-bulgaria/,,Ceased operations
Solar,FDI208667,FuturaSun,Italy,Completed,China,Taizhou Industrial District (Jiangsu Province; Taizhou City),2019,2019,Solar,Manufacturing,163,0,0,0,,https://www.futurasun.com/en/solar-city-taizhou/,[UNVERIFIED] https://www.pvmagazine.com/2019/07/01/italys-futurasun-opens-500mw-module-fab-in-china/,https://www.pvmagazine.com/2019/07/01/italys-futurasun-opens-500mw-module-fab-in-china/,https://www.pv-tech.org/futurasun-to-build-10gw-solar-cell-plant-in-china/,,https://www.pvmagazine.com/2019/07/01/italys-futurasun-opens-500mw-module-fab-in-china/,https://www.offshorewind.biz/2016/12/01/siemens-cuts-ribbon-at-hull-wind-turbine-blade-factory/ (year only),https://www.pvmagazine.com/2019/07/01/italys-futurasun-opens-500mw-module-fab-in-china/,,Operational
Solar,HARSOL134,Trina Solar Limited,China,Completed,Thailand,Rayong,2015,2016,Solar,Manufacturing,160,0,0,0,,https://www.trinasolar.com/us/news/trina-solar-launches-operations-thailand-manufacturing-facility-and-signs-us143-million,https://www.trinasolar.com/us/news/trina-solar-launches-operations-thailand-manufacturing-facility-and-signs-us143-million,https://www.trinasolar.com/us/news/trina-solar-launches-operations-thailand-manufacturing-facility-and-signs-us143-million,https://www.prnewswire.com/news-releases/trina-solar-announces-establishment-of-new-manufacturing-base-in-thailand-to-add-500-mw-module-and-700-mw-cell-capacity-300078484.html,,https://www.prnewswire.com/news-releases/trina-solar-announces-establishment-of-new-manufacturing-base-in-thailand-to-add-500-mw-module-and-700-mw-cell-capacity-300078484.html (year only),https://www.trinasolar.com/us/news/trina-solar-launches-operations-thailand-manufacturing-facility-and-signs-us143-million (year only),https://www.trinasolar.com/us/news/trina-solar-launches-operations-thailand-manufacturing-facility-and-signs-us143-million,,Operational
Solar,HARSOL29,Deye Technology,China,Commenced,Malaysia,Senai (Johor),2024,2025,Solar,Manufacturing,150,0,0,0,,https://www.deyeinverter.com/,https://www.solarbeglobal.com/deyes-johor-malaysia-production-base-officially-breaks-ground/,https://www.deyeinverter.com/news/company-news/deye-s-malaysia-johor-manufacturing-base-officially-breaks-ground-a.html,https://www.mida.gov.my/mida-news/chinese-solar-giant-deye-to-invest-over-rm650m-in-malaysia-for-solar-equipment-manufacturing/,,https://www.mida.gov.my/mida-news/chinese-solar-giant-deye-to-invest-over-rm650m-in-malaysia-for-solar-equipment-manufacturing/,https://mp.weixin.qq.com/s/QDaFpxf7G_iwj4EhMRiapA,https://www.mida.gov.my/mida-news/chinese-solar-giant-deye-to-invest-over-rm650m-in-malaysia-for-solar-equipment-manufacturing/,,Under construction
Solar,FDI45713,First Solar,United States,Completed,Malaysia,Kulim (Kedah),2007,2011,Solar,Manufacturing,150,0,0,0,,https://investor.firstsolar.com/news/press-release-details/2007/First-Solar-Announces-Groundbreaking-of-Malaysian-Plant/default.aspx,[UNVERIFIED] https://investor.firstsolar.com/news/press-release-details/2007/First-Solar-Announces-Groundbreaking-of-Malaysian-Plant/default.aspx,https://investor.firstsolar.com/news/press-release-details/2007/First-Solar-Announces-Groundbreaking-of-Malaysian-Plant/default.aspx,https://www.reuters.com/article/idUSIN20070928081327FSLR20070928/,,https://investor.firstsolar.com/news/press-release-details/2007/First-Solar-Announces-Groundbreaking-of-Malaysian-Plant/default.aspx,https://www.prnewswire.com/il/news-releases/envision-energy-awarded-2000-mw-wind-turbine-contract-in-india-856635258.html,https://investor.firstsolar.com/news/press-release-details/2007/First-Solar-Announces-Groundbreaking-of-Malaysian-Plant/default.aspx,,Operational
Solar,FDI149209,Huawei Technologies,China,Completed,Netherlands,Eindhoven (North Brabant),2015,2015,Solar,"Logistics, Distribution & Transportation",150,0,0,0,,https://www.pveurope.eu/solar-modules/huawei-solar-expands-its-european-supply-center-eindhoven-new-inverter-production,https://www.pveurope.eu/solar-modules/huawei-solar-expands-its-european-supply-center-eindhoven-new-inverter-production,https://www.pveurope.eu/solar-modules/huawei-solar-expands-its-european-supply-center-eindhoven-new-inverter-production,Investment value not publicly disclosed,,https://www.pveurope.eu/solar-modules/huawei-solar-expands-its-european-supply-center-eindhoven-new-inverter-production (year only),https://www.pveurope.eu/solar-modules/huawei-solar-expands-its-european-supply-center-eindhoven-new-inverter-production (year only),https://www.pveurope.eu/solar-modules/huawei-solar-expands-its-european-supply-center-eindhoven-new-inverter-production,,Operational
Solar,HARSOL116,Sineng Electric,China,Completed,India,Bengaluru (Karnataka),2018,2018,Solar,Manufacturing,143,0,0,0,,https://www.pv-tech.org/sineng-electric-opens-first-overseas-inverter-factory-in-india/,https://www.pv-tech.org/sineng-electric-opens-first-overseas-inverter-factory-in-india/,https://www.pv-tech.org/sineng-electric-opens-first-overseas-inverter-factory-in-india/,https://www.trinasolar.com/us/news/trina-solar-launches-operations-thailand-manufacturing-facility-and-signs-us143-million/,,https://www.pv-tech.org/sineng-electric-opens-first-overseas-inverter-factory-in-india/ 08/22/2018,https://www.pv-tech.org/sineng-electric-opens-first-overseas-inverter-factory-in-india/ (year only),https://www.pv-tech.org/sineng-electric-opens-first-overseas-inverter-factory-in-india/,,Operational
Solar,New_SmartSolar_BG1,Smart Solar,Turkey,Announced,Bulgaria,Stara Zagora,2024,N/A,Solar,Manufacturing,137,0,0,0,,https://www.fdiintelligence.com/content/1eee5dbf-9db1-4ad9-8eae-262cb17d3220,https://www.pv-magazine.com/2024/08/26/bulgaria-gives-green-light-to-solar-cell-panel-factory/,https://www.pv-magazine.com/2024/08/26/bulgaria-gives-green-light-to-solar-cell-panel-factory/,https://www.pv-magazine.com/2024/08/26/bulgaria-gives-green-light-to-solar-cell-panel-factory/,https://www.pv-magazine.com/2024/08/26/bulgaria-gives-green-light-to-solar-cell-panel-factory/,https://www.pv-magazine.com/2024/08/26/bulgaria-gives-green-light-to-solar-cell-panel-factory/,https://renewablesnow.com/news/alstom-opens-wind-tower-factory-in-brazil-370730/ (year only),https://www.fdiintelligence.com/content/1eee5dbf-9db1-4ad9-8eae-262cb17d3220,,Announced only
Solar,HARSOL37,Elite Solar,China,Completed,Egypt,SCzone,2024,2026,Solar,Manufacturing,116,0,0,0,,https://www.elite-solar.com/,https://taiyangnews.info/markets/elite-solar-commissions-5-gw-integrated-factory-in-egypt,https://taiyangnews.info/markets/elite-solar-commissions-5-gw-integrated-factory-in-egypt,https://www.pv-tech.org/elite-solar-build-8gw-cell-module-factory-egypt/,https://www.sundrivesolar.com/sundrive-solar-and-trinasolar-join-forces-to-boost-australias-solar-manufacturing,https://www.pv-tech.org/elite-solar-build-8gw-cell-module-factory-egypt/,https://taiyangnews.info/markets/elite-solar-commissions-5-gw-integrated-factory-in-egypt,https://taiyangnews.info/markets/elite-solar-commissions-5-gw-integrated-factory-in-egypt,,Operational
Solar,HARSOL28,DAS Solar,China,Commenced,France,Mandeure (Bourgogne-Franche-Comté),2024,2024,Solar,Manufacturing,115,0,0,0,,https://www.das-solar.com/en,https://renewablesnow.com/news/das-solar-starts-building-3-gw-module-factory-in-france-1274313/,https://www.pv-magazine.com/2024/11/19/das-solar-to-build-3-gw-solar-module-factory-in-france/,https://www.pv-magazine.com/2024/11/19/das-solar-to-build-3-gw-solar-module-factory-in-france/,,https://www.pv-magazine.com/2024/11/19/das-solar-to-build-3-gw-solar-module-factory-in-france/,https://www.pv-magazine.com/2024/11/18/thornova-solar-starts-solar-module-production-in-indonesia/,https://renewablesnow.com/news/das-solar-starts-building-3-gw-module-factory-in-france-1274313/,,Under construction
Solar,HARSOL94,Longi Green Energy Technology (Xi'an LONGI Silicon Materials),China,Completed,Vietnam,Yen Bai Province (Yunzhong Industrial Zone),2023,2023,Solar,Manufacturing,104,0,0,0,,https://www.energytrend.com/news/20240605-47339.html,https://www.energytrend.com/news/20240605-47339.html,https://www.energytrend.com/news/20240605-47339.html,https://www.energytrend.com/news/20240605-47339.html,https://www.sustainablebusiness.com/2009/08/evergreen-solar-finalizes-china-manufacturing-agreement-45381/,https://www.energytrend.com/news/20240605-47339.html,https://www.energytrend.com/news/20240605-47339.html,https://www.energytrend.com/news/20240605-47339.html,,Operational
Solar,HARSOL9,Astronergy,China,Completed,Turkey,Adana,2024,2024,Solar,Manufacturing,100,0,0,0,,https://www.astronergy.com/,https://balkangreenenergynews.com/china-based-astronergy-to-build-solar-cell-factory-in-western-turkey/,https://balkangreenenergynews.com/china-based-astronergy-to-build-solar-cell-factory-in-western-turkey/,Investment value not publicly disclosed,,https://www.astronergy.com/about-astronergy/,https://www.astronergy.com/about-astronergy/,https://balkangreenenergynews.com/china-based-astronergy-to-build-solar-cell-factory-in-western-turkey/,,Operational
Solar,HARSOL35,Elite Solar,China,Completed,Vietnam,Ha Nam (Hà Nam),2019,2023,Solar,Manufacturing,100,0,0,0,,https://www.elite-solar.com/,"https://mp.weixin.qq.com/s/ItUaEXvVDBNAQNs8lUTanA, https://www.pv-magazine.com/press-releases/new-et-solar/, https://snec-pv.com/article/elite-solar-opens-solar-cell-production-facility-in-indonesia, https://www.pv-magazine.com/2026/01/14/oci-holdings-begins-manufacturing-operations-at-2-7-gw-wafer-factory-in-vietnam/",https://panjiva.com/Elite-Solar-Power-Wafer-Co-Ltd-Vietnam/194993283,https://www.kendalindustrialpark.co.id/post/index/624/soft-launching-of-integrated-solar-cell-and-module-factory-by-pt-trina-mas-agra-indonesia,https://www.kendalindustrialpark.co.id/post/index/624/soft-launching-of-integrated-solar-cell-and-module-factory-by-pt-trina-mas-agra-indonesia,https://mp.weixin.qq.com/s/UQT2DsLjUsjwnCHR5fqd3g,"https://mp.weixin.qq.com/s/ItUaEXvVDBNAQNs8lUTanA, https://www.pv-magazine.com/press-releases/new-et-solar/, https://snec-pv.com/article/elite-solar-opens-solar-cell-production-facility-in-indonesia, https://www.pv-magazine.com/2026/01/14/oci-holdings-begins-manufacturing-operations-at-2-7-gw-wafer-factory-in-vietnam/","https://mp.weixin.qq.com/s/ItUaEXvVDBNAQNs8lUTanA, https://www.pv-magazine.com/press-releases/new-et-solar/, https://snec-pv.com/article/elite-solar-opens-solar-cell-production-facility-in-indonesia, https://www.pv-magazine.com/2026/01/14/oci-holdings-begins-manufacturing-operations-at-2-7-gw-wafer-factory-in-vietnam/",,Operational
Solar,HARSOL76,Jinko Solar,China,Completed,Malaysia,Bayan Lepas (Penang),2015,2015,Solar,Manufacturing,100,0,0,0,,https://ir.jinkosolar.com/news-releases/news-release-details/jinkosolar-production-facility-malaysia-begins-operations,https://ir.jinkosolar.com/news-releases/news-release-details/jinkosolar-production-facility-malaysia-begins-operations,https://ir.jinkosolar.com/news-releases/news-release-details/jinkosolar-production-facility-malaysia-begins-operations,https://jinkosolar.us/press/jinkosolar-inaugurates-its-first-overseas-solar-cell-and-solar-module-fab-in-penang-malaysia/,https://san.com/cc/us-renewable-energy-subsidies-benefit-a-chinese-solar-company-in-ohio/,https://www.pv-magazine.com/2015/06/02/penang-government-defends-jinkosolar-factory-approval_100019654/ (year only),https://ir.jinkosolar.com/news-releases/news-release-details/jinkosolar-production-facility-malaysia-begins-operations (year only),https://ir.jinkosolar.com/news-releases/news-release-details/jinkosolar-production-facility-malaysia-begins-operations,,Operational
Solar,HARSOL86,Lesso,China,Completed,Indonesia,Semarang (Central Java),2023,2023,Solar,Manufacturing,100,0,0,0,,https://www.lessosolar.com/introduction-of-indonesia-pv-factory/,https://www.lessosolar.com/introduction-of-indonesia-pv-factory/,https://www.lessosolar.com/introduction-of-indonesia-pv-factory/,https://www.pv-magazine.com/2024/08/05/q-sun-solar-bakarat-investment-to-build-10-gw-solar-panel-factory-in-oman/,,https://www.lessosolar.com/introduction-of-indonesia-pv-factory/,https://www.lessosolar.com/introduction-of-indonesia-pv-factory/,https://www.lessosolar.com/introduction-of-indonesia-pv-factory/,,Operational
Solar,HARSOL104,Q-sun Solar,China,Announced,Oman,Sohar (North Batinah),2024,N/A,Solar,Manufacturing,100,0,1,1,Bakarat,https://www.pv-tech.org/q-sun-to-build-10gw-n-type-module-cell-facility-in-oman/,https://www.pv-tech.org/q-sun-to-build-10gw-n-type-module-cell-facility-in-oman/,https://www.pv-tech.org/q-sun-to-build-10gw-n-type-module-cell-facility-in-oman/,https://www.pv-magazine.com/2024/08/05/q-sun-solar-bakarat-investment-to-build-10-gw-solar-panel-factory-in-oman/,https://www.pv-tech.org/q-sun-to-build-10gw-n-type-module-cell-facility-in-oman/,https://www.pv-magazine.com/2024/08/05/q-sun-solar-bakarat-investment-to-build-10-gw-solar-panel-factory-in-oman/ (year only),https://en.prnasia.com/releases/global/ReneSola_Announces_Made_in_Japan_OEM_Module_Production_Plan-93724.shtml (year only),https://www.pv-tech.org/q-sun-to-build-10gw-n-type-module-cell-facility-in-oman/,https://www.pv-tech.org/q-sun-to-build-10gw-n-type-module-cell-facility-in-oman/,Announced only
Solar,HARSOL135,Trina Solar Limited,China,Completed,Vietnam,Bac Giang (Bắc Giang),2017,2017,Solar,Manufacturing,100,0,0,0,,https://siliconsemiconductor.net/article/101014/Trina_Solar_invests_in_Vietnams_largest_solar_PV_cell_plant,https://siliconsemiconductor.net/article/101014/Trina_Solar_invests_in_Vietnams_largest_solar_PV_cell_plant,https://siliconsemiconductor.net/article/101014/Trina_Solar_invests_in_Vietnams_largest_solar_PV_cell_plant,https://siliconsemiconductor.net/article/101014/Trina_Solar_invests_in_Vietnams_largest_solar_PV_cell_plant,,https://siliconsemiconductor.net/article/101014/Trina_Solar_invests_in_Vietnams_largest_solar_PV_cell_plant (year only),https://siliconsemiconductor.net/article/101014/Trina_Solar_invests_in_Vietnams_largest_solar_PV_cell_plant (year only),https://siliconsemiconductor.net/article/101014/Trina_Solar_invests_in_Vietnams_largest_solar_PV_cell_plant,,Operational
Solar,HARSOL137,Trina Solar Limited,China,Completed,Indonesia,Kendal (Central Java),2023,2024,Solar,Manufacturing,100,0,1,1,PLN & Sinar Mas,https://www.kendalindustrialpark.co.id/post/index/624/soft-launching-of-integrated-solar-cell-and-module-factory-by-pt-trina-mas-agra-indonesia,https://www.kendalindustrialpark.co.id/post/index/624/soft-launching-of-integrated-solar-cell-and-module-factory-by-pt-trina-mas-agra-indonesia,https://www.kendalindustrialpark.co.id/post/index/624/soft-launching-of-integrated-solar-cell-and-module-factory-by-pt-trina-mas-agra-indonesia,https://www.kendalindustrialpark.co.id/post/index/624/soft-launching-of-integrated-solar-cell-and-module-factory-by-pt-trina-mas-agra-indonesia,https://www.kendalindustrialpark.co.id/post/index/624/soft-launching-of-integrated-solar-cell-and-module-factory-by-pt-trina-mas-agra-indonesia,https://www.kendalindustrialpark.co.id/post/index/624/soft-launching-of-integrated-solar-cell-and-module-factory-by-pt-trina-mas-agra-indonesia,https://www.kendalindustrialpark.co.id/post/index/624/soft-launching-of-integrated-solar-cell-and-module-factory-by-pt-trina-mas-agra-indonesia,https://www.kendalindustrialpark.co.id/post/index/624/soft-launching-of-integrated-solar-cell-and-module-factory-by-pt-trina-mas-agra-indonesia,https://www.kendalindustrialpark.co.id/post/index/624/soft-launching-of-integrated-solar-cell-and-module-factory-by-pt-trina-mas-agra-indonesia,Operational
Solar,FDI150932,Triton Solar,United States,Completed,India,Pithampur (Madhya Pradesh),2015,2016,Solar,Manufacturing,100,0,0,0,,https://www.pv-magazine.com/2015/12/14/triton-solar-signs-deal-for-100m-printed-solar-cell-fab-in-india_100022432/,[UNVERIFIED] https://www.pv-magazine.com/2015/12/14/triton-solar-signs-deal-for-100m-printed-solar-cell-fab-in-india_100022432/,https://www.pv-magazine.com/2015/12/14/triton-solar-signs-deal-for-100m-printed-solar-cell-fab-in-india_100022432/,https://www.pv-magazine.com/2015/12/14/triton-solar-signs-deal-for-100m-printed-solar-cell-fab-in-india_100022432/,,https://www.pv-magazine.com/2015/12/14/triton-solar-signs-deal-for-100m-printed-solar-cell-fab-in-india_100022432/,https://www.arkansasbusiness.com/article/95049/lm-wind-power-plant-in-little-rock-to-employ-400-by-years-end (year only),https://www.pv-magazine.com/2015/12/14/triton-solar-signs-deal-for-100m-printed-solar-cell-fab-in-india_100022432/,,Operational
Solar,FDI152895,Neo Solar Power,Taiwan,Completed,Thailand,Thailand (site TBD),2015,2016,Solar,Manufacturing,100,0,0,0,,[UNVERIFIED] https://www.pv-magazine.com/2015/11/12/neo-solar-power-to-expand-pv-manufacturing-to-southeast-asia_100021951/,[UNVERIFIED] https://www.pv-magazine.com/2015/11/12/neo-solar-power-to-expand-pv-manufacturing-to-southeast-asia_100021951/,https://www.pv-magazine.com/2015/11/12/neo-solar-power-to-expand-pv-manufacturing-to-southeast-asia_100021951/,Investment value not publicly disclosed,https://renewablesnow.com/news/neo-solar-to-build-up-to-600-mw-vietnam-pv-factory-526191/,[UNVERIFIED] https://www.pv-magazine.com/2015/11/12/neo-solar-power-to-expand-pv-manufacturing-to-southeast-asia_100021951/ (year only),https://www.pv-magazine.com/2015/11/12/neo-solar-power-to-expand-pv-manufacturing-to-southeast-asia_100021951/,[UNVERIFIED] https://www.pv-magazine.com/2015/11/12/neo-solar-power-to-expand-pv-manufacturing-to-southeast-asia_100021951/,,Operational
Solar,Solar_GST_LA1,Gstar,Singapore,Completed,Laos,Vientiane (Saysettha Development Zone),2024,2024,Solar,Manufacturing,98,0,0,0,,https://www.gstarsolar.com/news/corporate-news/161.html,https://www.gstarsolar.com/news/corporate-news/161.html,https://www.gstarsolar.com/news/corporate-news/161.html,https://www.scottish-enterprise-mediacentre.com/news/ground-breaking-renewable-company-secures-265m-for-growth-plans-to-drive-down-cost-of-energy,https://www.scottish-enterprise-mediacentre.com/news/dutch-wind-energy-company-joins-forces-with-scottish-enterprise,https://www.gstarsolar.com/news/corporate-news/161.html 08/08/2024,https://www.windpowermonthly.com/article/1308475/two-bladed-6mw-offshore-turbines-set-scotland (year only),https://www.gstarsolar.com/news/corporate-news/161.html,,Operational
Solar,HARSOL61,Hiuv,China,Completed,Vietnam,Bac Giang (Bắc Giang),2023,2024,Solar,Manufacturing,90,0,0,0,,http://www.hiuv.net/en/,https://www.pv-magazine.com/press-releases/advancing-through-technology-leadership-hiuv-expands-diversified-business-layout-and-embarks-on-globalization-journey/,https://factorytalk.vn/2023/05/06/bac-giang-trao-chung-nhan-dau-tu-cho-2-du-an-tong-von-132-trieu-usd/,https://factorytalk.vn/2023/05/06/bac-giang-trao-chung-nhan-dau-tu-cho-2-du-an-tong-von-132-trieu-usd/,,https://factorytalk.vn/2023/05/06/bac-giang-trao-chung-nhan-dau-tu-cho-2-du-an-tong-von-132-trieu-usd/,https://www.pv-magazine.com/press-releases/advancing-through-technology-leadership-hiuv-expands-diversified-business-layout-and-embarks-on-globalization-journey/,https://factorytalk.vn/2023/05/06/bac-giang-trao-chung-nhan-dau-tu-cho-2-du-an-tong-von-132-trieu-usd/,,Operational
Solar,HARSOL136,Trina Solar Limited,China,Completed,Spain,Viana (Navarre),2018,2018,Solar,Manufacturing,86,0,0,0,,https://www.trinasolar.com/en-glb/resources/blog/fri-06292018-0944,https://www.trinasolar.com/eu-en/resources/newsroom/eu-trina-solar-completes-acquisition-spanish-solar-tracker-system-manufacturer,https://www.trinasolar.com/eu-en/resources/newsroom/eu-trina-solar-completes-acquisition-spanish-solar-tracker-system-manufacturer,https://www.yicaiglobal.com/news/chinas-eaglerise-to-invest-up-to-usd86-million-in-new-energy-equipment-plant-in-mexico,,https://www.trinasolar.com/en-glb/resources/blog/fri-06292018-0944,https://www.trinasolar.com/eu-en/resources/newsroom/eu-trina-solar-completes-acquisition-spanish-solar-tracker-system-manufacturer,[UNVERIFIED] https://www.trinasolar.com/eu-en/resources/newsroom/eu-trina-solar-completes-acquisition-spanish-solar-tracker-system-manufacturer,,Operational
Solar,HARSOL154,Eaglerise,China,Commenced,Mexico,Saltillo (Coahuila),2023,2026,Solar,Manufacturing,86,0,0,0,,https://www.eaglerise.com/,https://www.moomoo.com/news/post/61939171?level=1&data_ticket=1778170233675820,https://www.yicaiglobal.com/news/chinas-eaglerise-to-invest-up-to-usd86-million-in-new-energy-equipment-plant-in-mexico,https://www.yicaiglobal.com/news/chinas-eaglerise-to-invest-up-to-usd86-million-in-new-energy-equipment-plant-in-mexico,,https://www.yicaiglobal.com/news/chinas-eaglerise-to-invest-up-to-usd86-million-in-new-energy-equipment-plant-in-mexico,,https://www.yicaiglobal.com/news/chinas-eaglerise-to-invest-up-to-usd86-million-in-new-energy-equipment-plant-in-mexico,,Under construction
Solar,HARSOL100,NE Solar,China,Completed,Cambodia,Phnom Penh,2019,2020,Solar,Manufacturing,85,0,0,0,,http://www.nesolar.com.kh/,http://www.nesolar.com.kh/,http://www.nesolar.com.kh/,https://www.khmertimeskh.com/501115792/84-5-million-investment-project-approved-to-produce-solar-panels/,https://www.investkorea.org/gj-en/bbs/i-1416/detail.do?ntt_sn=51181,https://www.khmertimeskh.com/501115792/84-5-million-investment-project-approved-to-produce-solar-panels/,http://www.nesolar.com.kh/,https://www.solarpowerworldonline.com/2023/09/cambodias-ne-solar-to-open-a-2-gw-solar-panel-factory-in-phoenix/,,Operational
Solar,HARSOL58,Haitai Solar,China,Commenced,Indonesia,Batam (Riau Islands),2025,2026,Solar,Manufacturing,83,0,0,0,,https://www.haitai-solar.com/,https://mp.weixin.qq.com/s/Fq3-EhRSpTjkgXDM69r89g,https://mp.weixin.qq.com/s/Fq3-EhRSpTjkgXDM69r89g,https://mp.weixin.qq.com/s/DefeK9dvB2LhkUg8nP2-HA,,https://www.pv-tech.org/haitai-solar-terminates-10gw-topcon-cell-project-shifts-focus-to-3gw-indonesia-plant/,,https://www.pv-tech.org/haitai-solar-terminates-10gw-topcon-cell-project-shifts-focus-to-3gw-indonesia-plant/,,Under construction
Solar,FDI60748,Sanyo,Japan,Completed,United States,Salem (Oregon),2008,2009,Solar,Manufacturing,80,0,0,0,,https://www.pv-tech.org/new_sanyo_factory_breaks_ground_in_salem_oregon/,https://www.reliableplant.com/Read/21001/sanyo-opens-solar-silicon-ingot-wafer-plant-in-oregon,https://www.pv-tech.org/new_sanyo_factory_breaks_ground_in_salem_oregon/,https://www.pv-tech.org/new_sanyo_factory_breaks_ground_in_salem_oregon/,,https://www.pv-tech.org/new_sanyo_factory_breaks_ground_in_salem_oregon/,https://www.reliableplant.com/Read/21001/sanyo-opens-solar-silicon-ingot-wafer-plant-in-oregon,https://www.pv-tech.org/new_sanyo_factory_breaks_ground_in_salem_oregon/,,Operational
Solar,FDI50655,Aleo Solar,Germany,Completed,China,Gaomi (Shandong),2007,2008,Solar,Manufacturing,79.3,0,1,1,"Sunvim Group Co., Ltd. (山东晶联光电材料有限公司; Shandong, China)",https://www.pv-magazine.com/2012/09/24/china-aleo-terminates-avim-solar-module-production_10008586/,https://www.pv-magazine.com/2012/09/24/china-aleo-terminates-avim-solar-module-production_10008586/,https://www.pv-magazine.com/2012/09/24/china-aleo-terminates-avim-solar-module-production_10008586/,https://www.pv-magazine.com/2012/09/24/china-aleo-terminates-avim-solar-module-production_10008586/,https://www.pv-magazine.com/2012/09/24/china-aleo-terminates-avim-solar-module-production_10008586/,https://evertiq.com/design/25685,https://www.pv-magazine.com/2012/09/24/china-aleo-terminates-avim-solar-module-production_10008586/,https://www.pv-magazine.com/2012/09/24/china-aleo-terminates-avim-solar-module-production_10008586/,https://www.pv-magazine.com/2012/09/24/china-aleo-terminates-avim-solar-module-production_10008586/,Operational
Solar,FDI82816,Ferro,United States,Completed,Taiwan,Taipei,2010,2011,Solar,Research & Development,79.3,0,0,0,,https://www.pv-tech.org/ferro_opens_rd_laboratory_in_taiwan/,https://www.pv-tech.org/ferro_opens_rd_laboratory_in_taiwan/,https://www.pv-tech.org/ferro_opens_rd_laboratory_in_taiwan/,https://www.pv-tech.org/ferro_opens_rd_laboratory_in_taiwan/,,https://www.pv-tech.org/ferro_opens_rd_laboratory_in_taiwan/ (year only),https://www.pv-tech.org/ferro_opens_rd_laboratory_in_taiwan/ (year only),https://www.pv-tech.org/ferro_opens_rd_laboratory_in_taiwan/,,Operational
Solar,HARSOL40,First Applied Material,China,Completed,Vietnam,Vietnam (site TBD),2022,2025,Solar,Manufacturing,76,0,0,0,,https://www.firstpvm.com/en,https://file.finance.qq.com/finance/hs/pdf/2025/12/16/1224877657.PDF,https://file.finance.qq.com/finance/hs/pdf/2025/12/16/1224877657.PDF,https://file.finance.qq.com/finance/hs/pdf/2025/12/16/1224877657.PDF,,https://finance.eastmoney.com/a/202206142412285722.html,https://file.finance.qq.com/finance/hs/pdf/2025/12/16/1224877657.PDF,https://finance.eastmoney.com/a/202206142412285722.html,,Operational
Solar,HARSOL66,Hoymiles,China,Completed,Mexico,Monterrey (Nuevo León),2024,2024,Solar,Manufacturing,75,0,0,0,,https://www.hoymiles.com/,https://www.hoymiles.com/company-event-218.html,https://www.hoymiles.com/company-event-218.html,https://eepower.com/news/evergreen-solar-breaks-ground-on-everq-plant-in-germany/,https://eepower.com/news/evergreen-solar-breaks-ground-on-everq-plant-in-germany/,https://www.hoymiles.com/company-event-218.html,https://www.hoymiles.com/company-event-218.html,https://www.hoymiles.com/company-event-218.html,,Operational
Solar,FDI29621,Evergreen Solar,United States,Completed,Germany,Thalheim (Saxony-Anhalt),2005,2006,Solar,Manufacturing,75,0,1,1,Q-Cells AG (Germany) + Renewable Energy Corporation REC (Norway),https://eepower.com/news/evergreen-solar-breaks-ground-on-everq-plant-in-germany/,https://eepower.com/news/evergreen-solar-breaks-ground-on-everq-plant-in-germany/,https://eepower.com/news/evergreen-solar-breaks-ground-on-everq-plant-in-germany/,https://eepower.com/news/evergreen-solar-breaks-ground-on-everq-plant-in-germany/,https://eepower.com/news/evergreen-solar-breaks-ground-on-everq-plant-in-germany/,https://eepower.com/news/evergreen-solar-breaks-ground-on-everq-plant-in-germany/,https://eepower.com/news/evergreen-solar-breaks-ground-on-everq-plant-in-germany/,https://eepower.com/news/evergreen-solar-breaks-ground-on-everq-plant-in-germany/,https://eepower.com/news/evergreen-solar-breaks-ground-on-everq-plant-in-germany/,Ceased operations
Solar,FDI98439,EcoSolifer,Switzerland,Completed,Hungary,Csorna (Győr-Moson-Sopron),2011,2016,Solar,Manufacturing,71.83,0,0,0,,https://renewablesnow.com/news/swiss-ecosolifer-to-build-pv-modules-plant-in-hungary-137304/,https://www.pv-magazine.com/2018/08/21/hungary-ecosolifers-100-mw-hjt-cell-production-line-back-on-track/,https://bbj.hu/business/ecosolifer-building-huf-15-bln-solar-panel-plant_85294,https://bbj.hu/business/ecosolifer-building-huf-15-bln-solar-panel-plant_85294,,https://renewablesnow.com/news/swiss-ecosolifer-to-build-pv-modules-plant-in-hungary-137304/ (year only),https://www.pv-magazine.com/2018/08/21/hungary-ecosolifers-100-mw-hjt-cell-production-line-back-on-track/ (year only),https://renewablesnow.com/news/swiss-ecosolifer-to-build-pv-modules-plant-in-hungary-137304/,,Operational
Solar,HARSOL69,JA Solar,China,Completed,Malaysia,Bayan Lepas (Penang),2015,2015,Solar,Manufacturing,70,0,0,0,,https://www.prnewswire.com/news-releases/ja-solar-launches-400mw-solar-cell-manufacturing-facility-in-malaysia-300164807.html,https://www.prnewswire.com/news-releases/ja-solar-launches-400mw-solar-cell-manufacturing-facility-in-malaysia-300164807.html,https://www.prnewswire.com/news-releases/ja-solar-launches-400mw-solar-cell-manufacturing-facility-in-malaysia-300164807.html,https://www.pv-magazine.com/2015/10/21/ja-solar-completes-70m-malaysian-fab_100021631/,,https://www.pv-magazine.com/2015/10/21/ja-solar-completes-70m-malaysian-fab_100021631/ (year only),https://www.prnewswire.com/news-releases/ja-solar-launches-400mw-solar-cell-manufacturing-facility-in-malaysia-300164807.html (year only),https://www.prnewswire.com/news-releases/ja-solar-launches-400mw-solar-cell-manufacturing-facility-in-malaysia-300164807.html,,Operational
Solar,FDI232935,Seraphim Solar System,China,Operational,Vietnam,Vinh Phuc (Vĩnh Phúc),2020,2021,Solar,Manufacturing,66,0,0,0,,https://www.pv-magazine.com/2020/12/10/seraphim-announces-new-module-production-in-vietnam/,https://www.pv-magazine.com/2020/12/10/seraphim-announces-new-module-production-in-vietnam/,https://www.pv-tech.org/seraphim-to-construct-750mw-module-assembly-factory-in-vietnam/,https://www.greenbuildingafrica.co.za/seraphim-solar-bifacial-quality-rooted-in-state-of-the-art-factory/,,https://www.pv-magazine.com/2020/12/10/seraphim-announces-new-module-production-in-vietnam/,https://www.pv-magazine.com/2020/12/10/seraphim-announces-new-module-production-in-vietnam/,https://www.pv-tech.org/seraphim-to-construct-750mw-module-assembly-factory-in-vietnam/,,Operational
Solar,FDI243994,Seraphim Solar System,China,Completed,Cambodia,Cambodia (site TBD),2021,2021,Solar,Manufacturing,65,0,0,0,,"https://taiyangnews.info/business/solar-panel-production-in-cambodia#:~:text=SEG%20Solar%20Expands%20Cambodian%20Module,capacity%20has%20been%20deployed%20globally.",https://taiyangnews.info/business/solar-panel-production-in-cambodia,https://taiyangnews.info/business/solar-panel-production-in-cambodia,"https://taiyangnews.info/business/solar-panel-production-in-cambodia#:~:text=SEG%20Solar%20has%20expanded%20its%20solar%20module,headquartered%20solar%20module%20producer%20Seraphim%20Energy%20Group",,"https://taiyangnews.info/business/solar-panel-production-in-cambodia#:~:text=SEG%20Solar%20has%20expanded%20its%20solar%20module,headquartered%20solar%20module%20producer%20Seraphim%20Energy%20Group",https://taiyangnews.info/business/solar-panel-production-in-cambodia,https://taiyangnews.info/business/solar-panel-production-in-cambodia,,Operational
Solar,FDI250951,BYD,China,Completed,Brazil,Campinas (São Paulo),2022,2022,Solar,Manufacturing,64.4,1,0,0,,https://en.byd.com/news/byd-to-produce-22-2-efficient-n-type-topcon-solar-modules-in-brazil/,https://www.pv-magazine.com/2022/04/08/byd-increases-capacity-at-brazilian-pv-module-factory/,https://www.pv-magazine.com/2022/04/08/byd-increases-capacity-at-brazilian-pv-module-factory/,Investment value not publicly disclosed,https://www.marand.com.au/vestas-partners-with-local-manufacturing-service-provider-for-wind-turbine-assembly-facility-in-geelong/,https://www.pv-magazine.com/2022/04/08/byd-increases-capacity-at-brazilian-pv-module-factory/ (year only),https://en.byd.com/news/byd-to-produce-22-2-efficient-n-type-topcon-solar-modules-in-brazil/ (year only),https://www.pv-magazine.com/2022/04/08/byd-increases-capacity-at-brazilian-pv-module-factory/,,Operational
Solar,QC_US1,Qcells,South Korea,Completed,United States,Dalton / Cartersville,2019,2019,Solar,Manufacturing,63,0,0,0,,https://us.qcells.com/blog/qcells-investments-boost-georgias-clean-energy-economy/,https://us.qcells.com/blog/qcells-north-america-completes-dalton-factory-expansion/,https://us.qcells.com/blog/qcells-north-america-completes-dalton-factory-expansion/,https://www.energy.gov/edf/articles/lpo-announces-145-billion-loan-guarantee-qcells-finance-solar-manufacturing-facility,,https://www.hanwha.com/newsroom/news/press-releases/grand-opening-of-hanwha-q-cells-in-georgia-spotlights-western-hemispheres-largest-solar-panel-manufacturing-facility-responsible-for-650-jobs-and-a-daily-output-of-12000-solar-modules.do (09/20/2019),https://us.qcells.com/blog/qcells-north-america-completes-dalton-factory-expansion/ (10/18/2023),https://us.qcells.com/blog/qcells-investments-boost-georgias-clean-energy-economy/,,Operational
Solar,HARSOL7,Arctech,China,Completed,Saudi Arabia,Jeddah (Mecca),2024,2025,Solar,Manufacturing,60,0,0,0,,https://en.arctechsolar.com/,https://gulfnews.com/business/corporate-news/arctech-inaugurates-phase-ii-jeddah-factory-to-drive-localisation-and-solar-growth-across-the-gcc-1.500336417,https://gulfnews.com/business/corporate-news/arctech-inaugurates-phase-ii-jeddah-factory-to-drive-localisation-and-solar-growth-across-the-gcc-1.500336417,https://gulfnews.com/business/corporate-news/arctech-inaugurates-phase-ii-jeddah-factory-to-drive-localisation-and-solar-growth-across-the-gcc-1.500336417,,https://www.pv-magazine.com/2024/04/30/chinese-pv-industry-brief-arctech-to-build-3-gw-tracker-factory-in-saudi-arabia/,https://gulfnews.com/business/corporate-news/arctech-inaugurates-phase-ii-jeddah-factory-to-drive-localisation-and-solar-growth-across-the-gcc-1.500336417,https://gulfnews.com/business/corporate-news/arctech-inaugurates-phase-ii-jeddah-factory-to-drive-localisation-and-solar-growth-across-the-gcc-1.500336417,,Operational
Solar,CS_TH1,Canadian Solar,Canada,Completed,Thailand,Chonburi (Rojana Industrial Park (Si Racha / Sriracha)),2015,2017,Solar,Manufacturing,60,0,0,0,,https://investors.canadiansolar.com/news-releases/news-release-details/canadian-solar-announces-5-gw-solar-wafer-facility-thailand,https://www.pv-magazine.com/2017/01/16/canadian-solar-secures-us210-million-loan-for-thailand-facility/,https://www.pv-magazine.com/2017/01/16/canadian-solar-secures-us210-million-loan-for-thailand-facility/,Investment value not publicly disclosed,,https://www.pv-magazine.com/2017/01/16/canadian-solar-secures-us210-million-loan-for-thailand-facility/,https://eepower.com/news/siemens-expands-capacity-for-wind-turbines-in-denmark/ (year only),https://investors.canadiansolar.com/news-releases/news-release-details/canadian-solar-announces-5-gw-solar-wafer-facility-thailand,,Operational
Solar,New_ToyoSolar_ET1,Toyo Solar,Japan,Announced,Ethiopia,Hawassa,2025,N/A,Solar,Manufacturing,60,1,0,0,,https://www.pv-tech.org/toyo-solar-double-ethiopian-cell-capacity-4gw/,https://www.pv-tech.org/toyo-solar-double-ethiopian-cell-capacity-4gw/,https://www.pv-tech.org/toyo-solar-double-ethiopian-cell-capacity-4gw/,https://www.pv-tech.org/toyo-solar-double-ethiopian-cell-capacity-4gw/,https://www.pv-tech.org/toyo-solar-double-ethiopian-cell-capacity-4gw/,https://www.pv-tech.org/toyo-solar-double-ethiopian-cell-capacity-4gw/,https://www.pv-tech.org/toyo-solar-double-ethiopian-cell-capacity-4gw/,https://www.pv-tech.org/toyo-solar-double-ethiopian-cell-capacity-4gw/,,Announced only
Solar,HARSOL6,Arctech,China,Completed,Brazil,Camaçari (Bahia),2023,2024,Solar,Manufacturing,58.8,0,0,0,,https://en.arctechsolar.com/,https://taiyangnews.info/business/arctech-inaugurates-3-gw-solar-tracker-fab-in-brazil,https://taiyangnews.info/business/arctech-inaugurates-3-gw-solar-tracker-fab-in-brazil,https://www.yicaiglobal.com/news/chinas-arctech-to-invest-up-to-usd588-million-to-build-solar-tracker-factory-in-brazil,,https://www.yicaiglobal.com/news/chinas-arctech-to-invest-up-to-usd588-million-to-build-solar-tracker-factory-in-brazil,https://taiyangnews.info/business/arctech-inaugurates-3-gw-solar-tracker-fab-in-brazil,https://taiyangnews.info/business/arctech-inaugurates-3-gw-solar-tracker-fab-in-brazil,,Operational
Solar,HARSOL129,TCL Zhonghuan,China,Completed,Philippines,Laguna (Calabarzon),2025,2025,Solar,Manufacturing,58,0,0,0,,https://www.pvtime.org/tcl-zhonghuan-to-acquire-100-of-spml-for-us58-6-million/,https://www.pvtime.org/tcl-zhonghuan-to-acquire-100-of-spml-for-us58-6-million/,https://www.pvtime.org/tcl-zhonghuan-to-acquire-100-of-spml-for-us58-6-million/,https://www.pvtime.org/tcl-zhonghuan-to-acquire-100-of-spml-for-us58-6-million/,,https://www.pvtime.org/tcl-zhonghuan-to-acquire-100-of-spml-for-us58-6-million/,,https://www.pvtime.org/tcl-zhonghuan-to-acquire-100-of-spml-for-us58-6-million/,,Operational
Solar,Solar31.1,Upsolar,China,Completed,Singapore,Singapore,2014,2014,Solar,"Logistics, Distribution & Transportation",56,0,0,0,,https://www.businesswire.com/news/home/20140305006744/en/Upsolar-Expands-Presence-Turkey-Singapore,https://www.pv-tech.org/news/upsolar_opens_singapore_and_turkey_offices_to_tap_emerging_markets,https://www.businesswire.com/news/home/20140305006744/en/Upsolar-Expands-Presence-Turkey-Singapore,Investment value not publicly disclosed,https://www.solarpowerworldonline.com/2014/03/upsolar-expands-presence-turkey-singapore/,https://www.businesswire.com/news/home/20140305006744/en/Upsolar-Expands-Presence-Turkey-Singapore (year only),https://www.businesswire.com/news/home/20140305006744/en/Upsolar-Expands-Presence-Turkey-Singapore (year only),https://www.pv-tech.org/news/upsolar_opens_singapore_and_turkey_offices_to_tap_emerging_markets,,Operational
Solar,FDI234117,AE Solar,Germany,Completed,Turkey,Kayseri,2021,2021,Solar,Manufacturing,54.3,0,1,0,Energate Corp. (USA),https://www.pv-magazine.com/press-releases/ae-solar-the-dynamic-and-progressive-pv-module-manufacturer/,https://taiyangnews.info/business/ae-solar-building-1-gw-solar-module-fab-in-turkey/,https://taiyangnews.info/business/ae-solar-building-1-gw-solar-module-fab-in-turkey/,Investment value not publicly disclosed,,https://taiyangnews.info/business/ae-solar-building-1-gw-solar-module-fab-in-turkey/,https://taiyangnews.info/business/ae-solar-building-1-gw-solar-module-fab-in-turkey/,https://taiyangnews.info/business/ae-solar-building-1-gw-solar-module-fab-in-turkey/,https://www.pv-magazine.com/press-releases/ae-solar-the-dynamic-and-progressive-pv-module-manufacturer/,Operational
Solar,Solar81.1,Sharp,Japan,Completed,United States,Memphis (Tennessee),2003,2003,Solar,Manufacturing,54,0,0,0,,https://global.sharp/solar/en/history/2003_3.html,https://global.sharp/solar/en/history/2003_3.html,https://global.sharp/solar/en/history/2003_3.html,Investment value not publicly disclosed,https://w3.windfair.net/wind-energy/news/10345-brazil-joint-venture-between-lm-wind-power-and-eolice-boost-brazilian-wind-power-sector,https://eepower.com/news/sharp-solar-opens-first-us-manufacturing-facility/,https://global.sharp/solar/en/history/2003_3.html,https://global.sharp/solar/en/history/2003_3.html,,Operational
Solar,HARSOL96,Longi Green Energy Technology (Xi'an LONGI Silicon Materials),China,Commenced,Indonesia,Karawang (West Java),2025,N/A,Solar,Manufacturing,50,0,1,0,Pertamina NRE,https://www.longi.com/en/news/manufacturing-project-in-indonesia/,https://www.pv-magazine.com/2025/06/24/longi-pertamina-begin-work-on-1-4-gw-solar-cell-module-factory-in-indonesia/,https://www.longi.com/en/news/manufacturing-project-in-indonesia/,https://www.mississippifreepress.org/city-announces-new-solar-plant-to-open-in-jackson-near-fondren/,https://www.longi.com/en/news/manufacturing-project-in-indonesia/,https://www.longi.com/en/news/manufacturing-project-in-indonesia/,https://www.pv-magazine.com/2025/06/24/longi-pertamina-begin-work-on-1-4-gw-solar-cell-module-factory-in-indonesia/,https://www.longi.com/en/news/manufacturing-project-in-indonesia/,https://www.longi.com/en/news/manufacturing-project-in-indonesia/,Under construction
Solar,FDI90849,Evergreen Solar,United States,Completed,China,Wuhan (Hubei),2006,2009,Solar,Manufacturing,50,0,1,1,"Jiawei Solarchina Co., Ltd. (Wuhan; JV Local=1)",https://www.sec.gov/Archives/edgar/data/947397/000119312511061043/d10k.htm,https://www.sustainablebusiness.com/2009/08/evergreen-solar-finalizes-china-manufacturing-agreement-45381/,https://www.sustainablebusiness.com/2009/08/evergreen-solar-finalizes-china-manufacturing-agreement-45381/,https://www.sustainablebusiness.com/2009/08/evergreen-solar-finalizes-china-manufacturing-agreement-45381/,https://www.sustainablebusiness.com/2009/08/evergreen-solar-finalizes-china-manufacturing-agreement-45381/,https://www.nytimes.com/2011/01/15/business/energy-environment/15solar.html,https://www.sustainablebusiness.com/2009/08/evergreen-solar-finalizes-china-manufacturing-agreement-45381/,https://www.sustainablebusiness.com/2009/08/evergreen-solar-finalizes-china-manufacturing-agreement-45381/,https://www.sustainablebusiness.com/2009/08/evergreen-solar-finalizes-china-manufacturing-agreement-45381/,Ceased operations
Solar,FDI154162,Seraphim Solar System,China,Completed,United States,Jackson (Mississippi),2015,2017,Solar,Manufacturing,50,0,0,0,,https://www.washingtontimes.com/news/2015/jul/8/chinese-solar-firm-plans-250-worker-factory-in-jac/,"https://www.wkrn.com/news/closed-mississippi-solar-plant-sued-for-contract-defaults/#:~:text=today,of%20his%20remaining%20royal%20titles?",https://www.prnewswire.com/news-releases/seraphim-solar-to-open-300mw-usa-manufacturing-operation-300141522.html,https://apnews.com/general-news-9ce8c2b9eb9f4c0c8ec899ae57623bd8,,https://www.prnewswire.com/news-releases/seraphim-solar-to-open-300mw-usa-manufacturing-operation-300141522.html,https://www.wapt.com/article/closed-mississippi-solar-plant-sued-for-contract-defaults/28954216,https://www.prnewswire.com/news-releases/seraphim-solar-to-open-300mw-usa-manufacturing-operation-300141522.html,,Operational
Solar,FDI184372,Jinko Solar,China,Completed,United States,Jacksonville (Florida),2018,2019,Solar,Manufacturing,50,0,0,0,,https://ir.jinkosolar.com/news-releases/news-release-details/jinkosolar-holds-opening-ceremony-its-us-solar-panel,https://ir.jinkosolar.com/news-releases/news-release-details/jinkosolar-holds-opening-ceremony-its-us-solar-panel,https://ir.jinkosolar.com/news-releases/news-release-details/jinkosolar-holds-opening-ceremony-its-us-solar-panel,https://ir.jinkosolar.com/news-releases/news-release-details/jinkosolar-holds-opening-ceremony-its-us-solar-panel,,https://newsroom.nexteraenergy.com/2018-03-30-NextEra-Energy-and-JinkoSolar-announce-deal-for-millions-of-solar-panels-JinkoSolar-to-begin-manufacturing-solar-panels-in-Florida?l=12,https://ir.jinkosolar.com/news-releases/news-release-details/jinkosolar-holds-opening-ceremony-its-us-solar-panel,https://ir.jinkosolar.com/news-releases/news-release-details/jinkosolar-holds-opening-ceremony-its-us-solar-panel,,Operational
Solar,Solar89.4,China Sunergy,China,Completed,Turkey,Tuzla (Istanbul),2013,2013,Solar,Manufacturing,50,0,1,1,SEUL Energy Investment Corp (Turkey; JV Local=1),https://www.prnewswire.com/news-releases/china-sunergy-begins-manufacturing-in-turkey-184913301.html,https://www.pv-magazine.com/2013/05/23/china-sunergy-opens-pv-module-factory-in-turkey_100011462/,https://www.prnewswire.com/news-releases/china-sunergy-begins-manufacturing-in-turkey-184913301.html,https://www.pv-magazine.com/2013/05/23/china-sunergy-opens-pv-module-factory-in-turkey_100011462/,https://www.pv-tech.org/china_sunergy_establishes_production_facility_in_turkey/,https://www.pv-magazine.com/2013/05/23/china-sunergy-opens-pv-module-factory-in-turkey_100011462/ (year only),https://www.pv-magazine.com/2013/05/23/china-sunergy-opens-pv-module-factory-in-turkey_100011462/ (year only),https://www.prnewswire.com/news-releases/china-sunergy-begins-manufacturing-in-turkey-184913301.html,https://www.pv-tech.org/china_sunergy_establishes_production_facility_in_turkey/,Operational
Solar,FDI6756,Sharp,Japan,Completed,United Kingdom,Wrexham (Wales),2003,2005,Solar,Manufacturing,47.3,0,0,0,,https://global.sharp/solar/en/history/2007_5.html,https://www.pv-tech.org/capacity_concentration_sharps_uk_manufacturing_facility_will_produce_500mw_/,https://www.pv-tech.org/capacity_concentration_sharps_uk_manufacturing_facility_will_produce_500mw_/,https://wrexham.com/news/concerns-future-wrexham-sharp-factory-3742.html,,https://www.cio.com/article/264838/it-organization-sharp-to-double-u-k-solar-module-production.html,https://www.pv-tech.org/capacity_concentration_sharps_uk_manufacturing_facility_will_produce_500mw_/,https://www.pv-tech.org/capacity_concentration_sharps_uk_manufacturing_facility_will_produce_500mw_/,,Operational
Solar,HARSOL36,Elite Solar,China,Completed,Cambodia,Kandal,2022,2022,Solar,Manufacturing,47.2,0,0,0,,https://www.elite-solar.com/,https://snec-pv.com/article/elite-solar-opens-solar-cell-production-facility-in-indonesia,https://cdc.gov.kh/recent-news/cdc-investment-news16/,https://cdc.gov.kh/recent-news/cdc-investment-news16/,https://taiyangnews.info/markets/trina-solar-to-make-big-move-to-the-middle-east,https://cdc.gov.kh/recent-news/cdc-investment-news16/,https://snec-pv.com/article/elite-solar-opens-solar-cell-production-facility-in-indonesia,https://cdc.gov.kh/recent-news/cdc-investment-news16/,,Operational
Solar,HARSOL14,BYD,China,Completed,Brazil,Campinas (São Paulo),2014,2017,Solar,Manufacturing,47,0,0,0,,https://www.bydglobal.com/en/index.html,https://www.pv-tech.org/byd-officially-opens-200mw-module-assembly-plant-in-brazil/,https://www.pv-tech.org/byd-officially-opens-200mw-module-assembly-plant-in-brazil/,https://www.pv-tech.org/byd-officially-opens-200mw-module-assembly-plant-in-brazil/,,https://www.pv-tech.org/byd-officially-opens-200mw-module-assembly-plant-in-brazil/,https://www.pv-tech.org/byd-officially-opens-200mw-module-assembly-plant-in-brazil/,https://www.pv-tech.org/byd-officially-opens-200mw-module-assembly-plant-in-brazil/,,Operational
Solar,New_ToyoSolar_ET2,Toyo Solar,Japan,Completed,Ethiopia,Hawassa,2024,2025,Solar,Manufacturing,47,0,0,0,,https://www.pv-tech.org/toyo-solar-double-ethiopian-cell-capacity-4gw/,https://www.pv-tech.org/toyo-solar-double-ethiopian-cell-capacity-4gw/,https://www.pv-tech.org/toyo-solar-double-ethiopian-cell-capacity-4gw/,https://www.pv-tech.org/toyo-solar-double-ethiopian-cell-capacity-4gw/,https://www.pv-tech.org/toyo-solar-double-ethiopian-cell-capacity-4gw/,https://www.pv-tech.org/toyo-solar-double-ethiopian-cell-capacity-4gw/,https://www.pv-tech.org/toyo-solar-double-ethiopian-cell-capacity-4gw/,https://www.pv-tech.org/toyo-solar-double-ethiopian-cell-capacity-4gw/,,Operational
Solar,HARSOL112,Runergy,China,Completed,United States,Huntsville (Alabama),2024,2024,Solar,Manufacturing,45,0,0,0,,https://www.runergy.com/runergy-expands-global-presence-with-new-u-s-solar-module-manufacturing-facility-now-in-production/,https://www.runergy.com/runergy-expands-global-presence-with-new-u-s-solar-module-manufacturing-facility-now-in-production/,https://www.runergy.com/runergy-expands-global-presence-with-new-u-s-solar-module-manufacturing-facility-now-in-production/,Investment value not publicly disclosed,,https://www.solarpowerworldonline.com/2024/10/runergy-opens-solar-panel-assembly-factory-in-alabama/,https://www.runergy.com/runergy-expands-global-presence-with-new-u-s-solar-module-manufacturing-facility-now-in-production/,https://www.runergy.com/runergy-expands-global-presence-with-new-u-s-solar-module-manufacturing-facility-now-in-production/,,Operational
Solar,FDI151394,Gintech Energy Corporation,Taiwan,Completed,Thailand,Khlong Nueng (Pathum Thani),2015,2016,Solar,Manufacturing,45,0,0,0,,https://www.pv-tech.org/gintech_energy_plans_to_build_350mw_cell_capacity_in_thailand/,https://www.pv-tech.org/gintech_energy_plans_to_build_350mw_cell_capacity_in_thailand/,https://www.pv-tech.org/gintech_energy_plans_to_build_350mw_cell_capacity_in_thailand/,https://www.pv-tech.org/gintech_energy_plans_to_build_350mw_cell_capacity_in_thailand/,,https://www.pv-tech.org/gintech_energy_plans_to_build_350mw_cell_capacity_in_thailand/,https://www.pv-tech.org/gintech_energy_plans_to_build_350mw_cell_capacity_in_thailand/,https://www.pv-tech.org/gintech_energy_plans_to_build_350mw_cell_capacity_in_thailand/,,Operational
Solar,FDI153623,EcoSolifer,Switzerland,Cancelled,Brazil,Santa Catarina (site TBD),2015,N/A,Solar,Manufacturing,45,0,0,0,,https://renewablesnow.com/news/swiss-ecosolifer-to-build-80-mw-solar-panel-factory-in-brazil-486486/,https://renewablesnow.com/news/swiss-ecosolifer-to-build-80-mw-solar-panel-factory-in-brazil-486486/,https://www.pv-magazine.com/2015/11/30/ecosolifer-chooses-santa-catarina-for-its-brazilian-pv-module-factory_100022201/,https://renewablesnow.com/news/swiss-ecosolifer-to-build-80-mw-solar-panel-factory-in-brazil-486486/,,https://renewablesnow.com/news/swiss-ecosolifer-to-build-80-mw-solar-panel-factory-in-brazil-486486/ (year only),,https://renewablesnow.com/news/swiss-ecosolifer-to-build-80-mw-solar-panel-factory-in-brazil-486486/,,Ceased operations
Solar,Solar89.5,China Sunergy,China,Completed,South Korea,Incheon,2015,2015,Solar,Manufacturing,42.6,0,0,0,,https://www.prnewswire.com/news-releases/china-sunergy-opens-solar-cell-factory-in-incheon-korea-300160193.html,https://www.prnewswire.com/news-releases/china-sunergy-opens-solar-cell-factory-in-incheon-korea-300160193.html,https://www.prnewswire.com/news-releases/china-sunergy-opens-solar-cell-factory-in-incheon-korea-300160193.html,Investment value not publicly disclosed,https://www.energytrend.com/news/20151020-9573.html,https://www.pv-magazine.com/2015/10/15/csun-opens-pv-cell-factory-in-korea_100021564/ (year only),https://www.prnewswire.com/news-releases/china-sunergy-opens-solar-cell-factory-in-incheon-korea-300160193.html (year only),https://www.prnewswire.com/news-releases/china-sunergy-opens-solar-cell-factory-in-incheon-korea-300160193.html,,Operational
Solar,HARSOL133,TonyShare,China,Announced,Malaysia,Malaysia (undisclosed),2025,N/A,Solar,Manufacturing,42,0,0,0,,https://en.yonz.com/,https://vip.stock.finance.sina.com.cn/corp/view/vCB_AllBulletinDetail.php?stockid=603381&id=11062973,https://en.vietnamplus.vn/bac-giang-grants-licences-to-projects-worth-132-million-usd-post252521.vnp,https://en.vietnamplus.vn/bac-giang-grants-licences-to-projects-worth-132-million-usd-post252521.vnp,,http://www.yonz.com/news_details/3.html,http://investors.canadiansolar.com/news-releases/news-release-details/canadian-solar-opens-brazils-largest-capacity-solar-module (year only),https://mp.weixin.qq.com/s/nw3_GvVqoSie5k2tnCFBBA,,Announced only
Solar,HARSOL151,Yonz,China,Completed,Vietnam,Vietnam (undisclosed),2023,2024,Solar,Manufacturing,42,0,0,0,,https://en.yonz.com/,https://vip.stock.finance.sina.com.cn/corp/view/vCB_AllBulletinDetail.php?stockid=603381&id=11062973,https://en.vietnamplus.vn/bac-giang-grants-licences-to-projects-worth-132-million-usd-post252521.vnp,https://en.vietnamplus.vn/bac-giang-grants-licences-to-projects-worth-132-million-usd-post252521.vnp,,http://www.yonz.com/news_details/3.html,https://vip.stock.finance.sina.com.cn/corp/view/vCB_AllBulletinDetail.php?stockid=603381&id=11062973,https://mp.weixin.qq.com/s/nw3_GvVqoSie5k2tnCFBBA,,Operational
Solar,Solar89.6,China Sunergy,China,Completed,Vietnam,"Bac Giang Province (Dinh Tram Industrial Park, Viet Yen District)",2017,2017,Solar,Manufacturing,41.9,0,0,0,,https://8msolar.com/csun-solar-panels-review/,https://vir.com.vn/chinese-solar-manufacturers-in-vietnam-may-face-an-investigation-from-the-us-86748.html&link=autochanger,https://vir.com.vn/chinese-solar-manufacturers-in-vietnam-may-face-an-investigation-from-the-us-86748.html&link=autochanger,Investment value not publicly disclosed,,https://vir.com.vn/chinese-solar-manufacturers-in-vietnam-may-face-an-investigation-from-the-us-86748.html&link=autochanger,https://vir.com.vn/chinese-solar-manufacturers-in-vietnam-may-face-an-investigation-from-the-us-86748.html&link=autochanger,https://vir.com.vn/chinese-solar-manufacturers-in-vietnam-may-face-an-investigation-from-the-us-86748.html&link=autochanger,,Operational
Solar,Solar93.1,Worldwide Energy and Manufacturing,United States,Completed,Brazil,Confins (Belo Horizonte International Airport Free Trade Zone),2020,2021,Solar,Manufacturing,39.9,0,1,1,Nova Renováveis,https://www.pv-magazine.com/2020/04/27/amerisolar-plans-new-200-mw-solar-panel-factory-in-brazil/,https://canalsolar.com.br/en/multinational-will-open-solar-panel-factory-at-airport-in-Brazil/,https://canalsolar.com.br/en/multinational-will-open-solar-panel-factory-at-airport-in-Brazil/,Investment value not publicly disclosed,,https://www.pv-magazine.com/2020/04/27/amerisolar-plans-new-200-mw-solar-panel-factory-in-brazil/,https://canalsolar.com.br/en/multinational-will-open-solar-panel-factory-at-airport-in-Brazil/,https://www.pv-magazine.com/2020/04/27/amerisolar-plans-new-200-mw-solar-panel-factory-in-brazil/,https://www.pv-magazine.com/2020/04/27/amerisolar-plans-new-200-mw-solar-panel-factory-in-brazil/,Operational
Solar,FDI38452,Global Solar Energy,United States,Completed,Germany,Berlin-Adlershof (Adlershof Technology Park),2007,2008,Solar,Manufacturing,39,0,0,0,,https://optics.org/news/2/9/4,https://www.adlershof.de/en/news/operation-starts-at-new-solar-module-factory,https://www.adlershof.de/en/news/operation-starts-at-new-solar-module-factory,https://optics.org/news/2/9/4,,https://optics.org/news/2/9/4,https://www.adlershof.de/en/news/operation-starts-at-new-solar-module-factory,https://www.adlershof.de/en/news/operation-starts-at-new-solar-module-factory,,Operational
Solar,Solar94.1,AE Solar,Germany,Completed,China,Hongze (Jiangsu),2008,2009,Solar,Manufacturing,39,0,0,0,,https://ae-solar.en.made-in-china.com/,https://ae-solar.en.made-in-china.com/,https://ae-solar.en.made-in-china.com/,"https://www.eqmagpro.com/ae-solar-building-1-gw-solar-module-fab-in-turkey/#:~:text=A%20report%20by%20Vietnamese%20newspaper,Panel%20Fab%20Opens%20In%20Turkey).",https://www.renewable-energy-industry.com/countries/article-71-fuhrlander-plans-to-build-39-million-wind-turbine-plant-in-vietnam,https://www.pv-magazine.com/2019/04/12/ae-solar-to-open-500-mw-eurasian-module-factory-in-georgia/,https://ae-solar.en.made-in-china.com/,https://ae-solar.en.made-in-china.com/,,Operational
Solar,HARSOL120,SoleFiori,China,Announced,Saudi Arabia,TBD,2025,N/A,Solar,Manufacturing,37.5,0,0,0,,https://www.pv-magazine.com/2025/09/29/chinas-solefiori-to-build-6-gw-hjt-solar-module-factory-in-saudi-arabia/,https://www.pv-magazine.com/2025/09/29/chinas-solefiori-to-build-6-gw-hjt-solar-module-factory-in-saudi-arabia/,https://www.pv-magazine.com/2025/09/29/chinas-solefiori-to-build-6-gw-hjt-solar-module-factory-in-saudi-arabia/,https://dssa.co.id/en/press-release/akselerasi-target-100-gw-tmai-perkuat-kedaulatan-industri-surya-nasional-melalui-manufaktur-terintegrasi-1777862407038,,https://www.pv-magazine.com/2025/09/29/chinas-solefiori-to-build-6-gw-hjt-solar-module-factory-in-saudi-arabia/,https://dssa.co.id/en/press-release/tmai-inaugurates-indonesias-largest-integrated-solar-panel-factory-ready-to-boost-domestic-renewable-energy-production-1750318016204,https://www.pv-tech.org/chinas-solefiori-to-build-6gw-hjt-module-factory-in-saudi-arabia/,,Announced only
Solar,HARSOL67,HT-SAAE,China,Completed,Turkey,Istanbul,2016,2017,Solar,Manufacturing,35,0,0,0,,https://www.ht-saae.com/en/,https://www.eqmagpro.com/ht-saaes-new-pv-factory-in-turkey-offers-solar-modules-to-european-markets/,https://www.jcrer.com.tr/documents/Reports/jcrer_htsolar_summarypage_2025.pdf,https://www.jcrer.com.tr/documents/Reports/jcrer_htsolar_summarypage_2025.pdf,,https://www.jcrer.com.tr/documents/Reports/jcrer_htsolar_summarypage_2025.pdf,https://www.eqmagpro.com/ht-saaes-new-pv-factory-in-turkey-offers-solar-modules-to-european-markets/,https://www.jcrer.com.tr/documents/Reports/jcrer_htsolar_summarypage_2025.pdf,,Operational
Solar,HARSOL65,Hounen Solar,China,Completed,United States,Orangeburg,2023,2024,Solar,Manufacturing,33,0,0,0,,https://www.hounensolar.com/,https://www.powersystems.technology/hounen-solar-to-launch-second-u-s-panel-assembly-plant-in-south-carolina/,https://www.pv-magazine.com/2023/03/17/hounen-to-build-1-gw-solar-module-factory-in-us/,https://www.pv-magazine.com/2023/03/17/hounen-to-build-1-gw-solar-module-factory-in-us/,,https://www.pv-magazine.com/2023/03/17/hounen-to-build-1-gw-solar-module-factory-in-us/,https://www.powersystems.technology/hounen-solar-to-launch-second-u-s-panel-assembly-plant-in-south-carolina/,https://www.pv-magazine.com/2023/03/17/hounen-to-build-1-gw-solar-module-factory-in-us/,,Operational
Solar,Solar_CNE_OM1,Central New Energy,China,Announced,Oman,Oman (city/zone TBC; discussions in progress),2025,N/A,Solar,Manufacturing,33,0,1,0,EGN Limited,https://renewablesnow.com/news/chinas-central-new-energy-egn-agree-on-solar-partnership-in-oman-1280817/,https://renewablesnow.com/news/chinas-central-new-energy-egn-agree-on-solar-partnership-in-oman-1280817/,https://renewablesnow.com/news/chinas-central-new-energy-egn-agree-on-solar-partnership-in-oman-1280817/,Investment value not publicly disclosed,https://renewablesnow.com/news/chinas-central-new-energy-egn-agree-on-solar-partnership-in-oman-1280817/,https://renewablesnow.com/news/chinas-central-new-energy-egn-agree-on-solar-partnership-in-oman-1280817/,https://press.siemens.com/in/en/pressrelease/siemens-launches-new-wind-turbine-indian-market (year only),https://renewablesnow.com/news/chinas-central-new-energy-egn-agree-on-solar-partnership-in-oman-1280817/,https://renewablesnow.com/news/chinas-central-new-energy-egn-agree-on-solar-partnership-in-oman-1280817/,Announced only
Solar,HARSOL44,GCL,China,Completed,Vietnam,Vietnam (site TBD),2017,2017,Solar,Manufacturing,32,0,1,1,Vina Solar,https://en.gclsi.com/,https://www.pv-magazine.com/2017/07/28/gcl-si-launches-600-mw-perc-production-in-vietnam/,https://www.pv-magazine.com/2017/07/28/gcl-si-launches-600-mw-perc-production-in-vietnam/,https://www.energytrend.com/news/20170109-11344.html,,https://www.energytrend.com/news/20170109-11344.html,https://www.pv-magazine.com/2017/07/28/gcl-si-launches-600-mw-perc-production-in-vietnam/,https://www.pv-magazine.com/2017/07/28/gcl-si-launches-600-mw-perc-production-in-vietnam/,https://en.gclsi.com/,Operational
Solar,HARSOL124,Sunsync,China,Announced,Azerbaijan,Alat,2025,N/A,Solar,Manufacturing,31.4,0,0,0,,https://www.pv-magazine.com/2025/09/02/azerbaijan-chinese-pv-firm-plan-export-focused-solar-plant-in-free-zone/,https://afez.az/media/news/afez-sunsync,https://afez.az/media/news/afez-sunsync,Investment value not publicly disclosed,,https://www.pv-magazine.com/2025/09/02/azerbaijan-chinese-pv-firm-plan-export-focused-solar-plant-in-free-zone/,https://www.pv-magazine.com/2019/09/11/innolia-energy-to-invest-31m-in-solar-module-and-ev-product-manufacturing-in-hyderabad/,https://www.pv-magazine.com/2025/09/02/azerbaijan-chinese-pv-firm-plan-export-focused-solar-plant-in-free-zone/,,Announced only
Solar,FDI211353,Innolia Energy,United States,Completed,India,Hyderabad (Telangana),2019,2019,Solar,Manufacturing,31.4,0,0,0,,https://www.innoliaenergy.com/company/,https://www.pv-magazine.com/2019/09/11/innolia-energy-to-invest-31m-in-solar-module-and-ev-product-manufacturing-in-hyderabad/,https://www.pv-magazine.com/2019/09/11/innolia-energy-to-invest-31m-in-solar-module-and-ev-product-manufacturing-in-hyderabad/,https://www.pv-magazine.com/2019/09/11/innolia-energy-to-invest-31m-in-solar-module-and-ev-product-manufacturing-in-hyderabad/,,https://www.pv-magazine.com/2019/09/11/innolia-energy-to-invest-31m-in-solar-module-and-ev-product-manufacturing-in-hyderabad/,https://www.pv-magazine.com/2019/09/11/innolia-energy-to-invest-31m-in-solar-module-and-ev-product-manufacturing-in-hyderabad/,https://www.pv-magazine.com/2019/09/11/innolia-energy-to-invest-31m-in-solar-module-and-ev-product-manufacturing-in-hyderabad/,,Operational
Solar,Solar_FAM_TH1,First Applied Material,China,Completed,Thailand,Rayong,2018,2018,Solar,Manufacturing,31,0,0,0,,https://www.firstpvm.com/en/aboutUs?type=base,https://www.firstpvm.com/en/aboutUs?type=base,https://www.firstpvm.com/en/aboutUs?type=base,Investment value not publicly disclosed,https://www.compositesworld.com/articles/high-wind-in-china,https://www.windpowermonthly.com/article/956392/paving-growth-china (year only),https://www.compositesworld.com/articles/high-wind-in-china (year only),[UNVERIFIED] https://www.firstpvm.com/en/aboutUs?type=base,,Operational
Solar,HARSOL34,Eaglerise,China,Completed,United States,Fort Worth (Texas),2024,2025,Solar,Manufacturing,30.8,0,0,0,,https://www.eaglerise.com/,"https://www.eaglerise.com/company-news/eaglerises-u.s.-smart-transformer-manufacturing-plant-commences-operations,-a-key-milestone-in-its-quot;made-globally,-sold-globally-quot;-strategy..html","https://www.eaglerise.com/company-news/eaglerises-u.s.-smart-transformer-manufacturing-plant-commences-operations,-a-key-milestone-in-its-quot;made-globally,-sold-globally-quot;-strategy..html",https://www.einpresswire.com/article/862715431/eaglerise-renewable-energy-usa-inc-opens-smart-manufacturing-facility-in-fort-worth-texas,,https://money.finance.sina.com.cn/corp/view/vCB_AllBulletinDetail.php?id=10828230&stockid=002922,"https://www.eaglerise.com/company-news/eaglerises-u.s.-smart-transformer-manufacturing-plant-commences-operations,-a-key-milestone-in-its-quot;made-globally,-sold-globally-quot;-strategy..html","https://www.eaglerise.com/company-news/eaglerises-u.s.-smart-transformer-manufacturing-plant-commences-operations,-a-key-milestone-in-its-quot;made-globally,-sold-globally-quot;-strategy..html",,Operational
Solar,HARSOL11,Autowell,China,Completed,Malaysia,Selangor (site TBD),2024,2025,Solar,Manufacturing,30.3,0,1,1,TT VISION HOLDINGS BERHAD,https://www.wxautowell.com/,https://www.youtube.com/watch?v=koVNQkf1e_8,https://www.youtube.com/watch?v=koVNQkf1e_8,https://cj.sina.com.cn/articles/view/5835524730/15bd30a7a02001l1mi,https://cj.sina.com.cn/articles/view/5835524730/15bd30a7a02001l1mi,https://cj.sina.com.cn/articles/view/5835524730/15bd30a7a02001l1mi,https://www.youtube.com/watch?v=koVNQkf1e_8,https://cj.sina.com.cn/articles/view/5835524730/15bd30a7a02001l1mi,https://cj.sina.com.cn/articles/view/5835524730/15bd30a7a02001l1mi,Operational
Solar,HARSOL2,Almaden,China,Completed,UAE,Dubai,2014,2017,Solar,Manufacturing,30,0,0,0,,http://en.czamd.com/,https://mp.weixin.qq.com/s/i9MsrPvz1igLqkfVOVwx0w,https://www.bbkonline.com/chinese-almaden-to-build-usd29-94m-plant-in-dubai/,https://www.bbkonline.com/chinese-almaden-to-build-usd29-94m-plant-in-dubai/,,https://www.bbkonline.com/chinese-almaden-to-build-usd29-94m-plant-in-dubai/,https://mp.weixin.qq.com/s/i9MsrPvz1igLqkfVOVwx0w,https://www.bbkonline.com/chinese-almaden-to-build-usd29-94m-plant-in-dubai/,,Operational
Solar,CS_VN1,Canadian Solar,Canada,Completed,Vietnam,Hai Phong (Hải Phòng),2015,2016,Solar,Manufacturing,30,0,0,0,,https://investors.canadiansolar.com/news-releases/news-release-details/canadian-solar-secures-70-million-investment-and-financing,https://investors.canadiansolar.com/news-releases/news-release-details/canadian-solar-secures-70-million-investment-and-financing,https://investors.canadiansolar.com/news-releases/news-release-details/canadian-solar-secures-70-million-investment-and-financing,https://theinvestor.vn/solar-module-majors-bullish-on-vietnam-d417.html,,https://investors.canadiansolar.com/news-releases/news-release-details/canadian-solar-secures-70-million-investment-and-financing,https://investors.canadiansolar.com/news-releases/news-release-details/canadian-solar-secures-70-million-investment-and-financing,https://investors.canadiansolar.com/news-releases/news-release-details/canadian-solar-secures-70-million-investment-and-financing,,Operational
Solar,Solar_GST_ID1,Gstar,Singapore,Commenced,Indonesia,Cikarang (West Java),2024,N/A,Solar,Manufacturing,30,0,0,0,,https://www.pv-tech.org/gstar-to-build-3gw-silicon-wafer-plant-in-indonesia/,https://www.pv-tech.org/gstar-to-build-3gw-silicon-wafer-plant-in-indonesia/,https://www.pv-tech.org/gstar-to-build-3gw-silicon-wafer-plant-in-indonesia/,Investment value not publicly disclosed,,https://www.pv-tech.org/gstar-to-build-3gw-silicon-wafer-plant-in-indonesia/ (year only),https://www.windpowermonthly.com/article/1067949/siemens-increase-serbian-production-capacity (year only),https://www.pv-tech.org/gstar-to-build-3gw-silicon-wafer-plant-in-indonesia/,,Under construction
Solar,New_Huasun_IT1,Huasun,China,Under Construction,Italy,Emilia-Romagna (Budrio / San Lazzaro),2025,2026,Solar,Manufacturing,30,0,1,1,New Time,https://www.pv-magazine.com/2025/08/19/italy-backs-1-gw-tandem-solar-line-with-huasun-new-time-by-2026/,https://www.pv-magazine.com/2025/08/19/italy-backs-1-gw-tandem-solar-line-with-huasun-new-time-by-2026/,https://www.pv-magazine.com/2025/08/19/italy-backs-1-gw-tandem-solar-line-with-huasun-new-time-by-2026/,https://www.pv-magazine.com/2025/08/19/italy-backs-1-gw-tandem-solar-line-with-huasun-new-time-by-2026/,https://taiyangnews.info/markets/huasun-new-time-plan-1-gw-hjt-perovskite-factory-in-italy,https://www.pv-magazine.com/2025/08/19/italy-backs-1-gw-tandem-solar-line-with-huasun-new-time-by-2026/,https://www.pv-magazine.com/2025/08/19/italy-backs-1-gw-tandem-solar-line-with-huasun-new-time-by-2026/,https://www.pv-magazine.com/2025/08/19/italy-backs-1-gw-tandem-solar-line-with-huasun-new-time-by-2026/,https://taiyangnews.info/markets/huasun-new-time-plan-1-gw-hjt-perovskite-factory-in-italy,Under construction
Solar,Solar_GST_PH1,Gstar,Singapore,Completed,Philippines,Subic Bay Freeport Zone (Zambales),2025,2025,Solar,Manufacturing,28.7,0,0,0,,https://www.pv-magazine.com/2025/05/14/gstar-launches-solar-cell-module-production-in-the-philippines/,https://www.pv-magazine.com/2025/05/14/gstar-launches-solar-cell-module-production-in-the-philippines/,https://www.pv-magazine.com/2025/05/14/gstar-launches-solar-cell-module-production-in-the-philippines/,Investment value not publicly disclosed,,https://www.pv-magazine.com/2025/05/14/gstar-launches-solar-cell-module-production-in-the-philippines/,https://www.pv-magazine.com/2025/05/14/gstar-launches-solar-cell-module-production-in-the-philippines/,https://www.pv-tech.org/gstar-solar-begins-production-at-1-5-1gw-solar-cell-and-module-plant-in-the-philippines/,,Operational
Solar,Solar_GST_UAE1,Gstar,Singapore,Announced,UAE,Abu Dhabi,2024,N/A,Solar,Manufacturing,28,0,1,1,"Siraj Group, Galaxico, Stark Consulting",https://www.pv-tech.org/gstar-2gw-module-assembly-plant-uae/,https://www.pv-tech.org/gstar-2gw-module-assembly-plant-uae/,[UNVERIFIED] https://www.pv-tech.org/gstar-2gw-module-assembly-plant-uae/,Investment value not publicly disclosed,https://www.pv-tech.org/gstar-2gw-module-assembly-plant-uae/,https://www.pv-tech.org/gstar-2gw-module-assembly-plant-uae/ (year only),https://www.siemens.com/press/en/pr_cc/2007/09_sep/pg200709076_1463246.htm (year only),https://www.pv-tech.org/gstar-2gw-module-assembly-plant-uae/,https://www.pv-tech.org/gstar-2gw-module-assembly-plant-uae/,Announced only
Solar,FDI97273,Fronius,Austria,Completed,United States,"Portage, Porter County (Indiana)",2011,2012,Solar,Manufacturing,26.64,0,0,0,,https://www.areadevelopment.com/newsitems/6-24-2011/fronius-relocation-investment-portage-indiana-29292876.shtml,https://www.areadevelopment.com/newsitems/6-24-2011/fronius-relocation-investment-portage-indiana-29292876.shtml,https://www.areadevelopment.com/newsitems/6-24-2011/fronius-relocation-investment-portage-indiana-29292876.shtml,https://www.areadevelopment.com/newsitems/6-24-2011/fronius-relocation-investment-portage-indiana-29292876.shtml,,https://www.areadevelopment.com/newsitems/6-24-2011/fronius-relocation-investment-portage-indiana-29292876.shtml,https://www.areadevelopment.com/newsitems/6-24-2011/fronius-relocation-investment-portage-indiana-29292876.shtml,https://solarbuildermag.com/inverters/fronius-usa-plans-solar-inverter-manufacturing-at-indiana-hq/,,Operational
Solar,Solar_HJ_PK1,Hebei Juhang,China,Announced,Pakistan,Pakistan (city/province TBC; BOI offering 6 (000 acres of land)),2025,N/A,Solar,Manufacturing,26,0,0,0,,https://www.pv-magazine.com/2025/12/15/hebei-juhang-energy-technology-plans-solar-panel-factory-in-pakistan/,https://www.pv-magazine.com/2025/12/15/hebei-juhang-energy-technology-plans-solar-panel-factory-in-pakistan/,https://www.pv-magazine.com/2025/12/15/hebei-juhang-energy-technology-plans-solar-panel-factory-in-pakistan/,Investment value not publicly disclosed,,https://www.pv-magazine.com/2025/12/15/hebei-juhang-energy-technology-plans-solar-panel-factory-in-pakistan/,https://www.compositesworld.com/articles/high-wind-in-china (year only),https://www.pv-magazine.com/2025/12/15/hebei-juhang-energy-technology-plans-solar-panel-factory-in-pakistan/,,Announced only
Solar,FDI9723,Sanyo,Japan,Completed,Mexico,Monterrey (Nuevo León),2002,2003,Solar,Manufacturing,25,0,0,0,,https://theinvestor.vn/northern-vietnam-province-okays-2-tech-projects-worth-83-mln-from-china-d13009.html,https://holdings.panasonic/global/corporate/sustainability/pdf/csr2011_e.pdf,[UNVERIFIED] https://theinvestor.vn/northern-vietnam-province-okays-2-tech-projects-worth-83-mln-from-china-d13009.html,Investment value not publicly disclosed,,https://theinvestor.vn/northern-vietnam-province-okays-2-tech-projects-worth-83-mln-from-china-d13009.html (year only),https://theinvestor.vn/northern-vietnam-province-okays-2-tech-projects-worth-83-mln-from-china-d13009.html (year only),https://theinvestor.vn/northern-vietnam-province-okays-2-tech-projects-worth-83-mln-from-china-d13009.html,,Operational
Solar,Solar_CAM_VN1,Crown Advanced Material,China,Completed,Vietnam,"Van Trung Industrial Park, Viet Yen District (Bac Giang Province)",2024,2024,Solar,Manufacturing,25,0,0,0,,https://theinvestor.vn/northern-vietnam-province-okays-2-tech-projects-worth-83-mln-from-china-d13009.html,https://theinvestor.vn/northern-vietnam-province-okays-2-tech-projects-worth-83-mln-from-china-d13009.html,[UNVERIFIED] https://theinvestor.vn/northern-vietnam-province-okays-2-tech-projects-worth-83-mln-from-china-d13009.html,https://theinvestor.vn/northern-vietnam-province-okays-2-tech-projects-worth-83-mln-from-china-d13009.html,https://www.alstom.com/press-releases-news/2014/8/andrade-gutierrez-and-alstom-announce-a-joint-venture-for-wind-market-in-brazil,https://theinvestor.vn/northern-vietnam-province-okays-2-tech-projects-worth-83-mln-from-china-d13009.html (year only),https://theinvestor.vn/northern-vietnam-province-okays-2-tech-projects-worth-83-mln-from-china-d13009.html (year only),https://theinvestor.vn/northern-vietnam-province-okays-2-tech-projects-worth-83-mln-from-china-d13009.html,,Operational
Solar,HARSOL125,TBEA,China,Completed,India,Bengaluru (Karnataka),2019,2019,Solar,Manufacturing,24.3,0,0,0,,https://www.pv-magazine.com/2019/12/17/tbeas-new-2-gw-factory-in-india-to-produce-string-and-central-inverters/,https://www.pv-magazine.com/2019/12/17/tbeas-new-2-gw-factory-in-india-to-produce-string-and-central-inverters/,https://www.pv-magazine-india.com/2019/11/18/tbea-launching-gw-scale-pv-inverter-factory-in-bengaluru/,Investment value not publicly disclosed,https://www.pv-magazine.com/2020/04/27/amerisolar-plans-new-200-mw-solar-panel-factory-in-brazil/,https://www.pv-magazine-india.com/2019/11/18/tbea-launching-gw-scale-pv-inverter-factory-in-bengaluru/,https://www.pv-magazine.com/2019/12/17/tbeas-new-2-gw-factory-in-india-to-produce-string-and-central-inverters/,[UNVERIFIED] https://www.pv-magazine.com/2019/12/17/tbeas-new-2-gw-factory-in-india-to-produce-string-and-central-inverters/,,Operational
Solar,FDI41481,Sanyo,Japan,Completed,Hungary,Dorog (Komárom-Esztergom),2011,2011,Solar,Manufacturing,23,1,0,0,,https://www.pv-magazine.com/2011/03/11/sanyo-opens-hungarian-solar-module-facility_10002430/,https://www.pv-magazine.com/2011/03/11/sanyo-opens-hungarian-solar-module-facility_10002430/,https://www.pv-magazine.com/2011/03/11/sanyo-opens-hungarian-solar-module-facility_10002430/,https://renewablesnow.com/news/sanyo-launches-eur-165m-solar-module-line-in-hungary-17340/,https://www.pv-tech.org/gstar-2gw-module-assembly-plant-uae/,https://www.pv-magazine.com/2011/03/11/sanyo-opens-hungarian-solar-module-facility_10002430/ 03/11/2011,https://www.pv-magazine.com/2011/03/11/sanyo-opens-hungarian-solar-module-facility_10002430/ (year only),https://www.pv-magazine.com/2011/03/11/sanyo-opens-hungarian-solar-module-facility_10002430/,,Operational
Solar,CS_BR1,Canadian Solar,Canada,Completed,Brazil,Sorocaba (São Paulo State),2016,2016,Solar,Manufacturing,23,0,0,0,,http://investors.canadiansolar.com/news-releases/news-release-details/canadian-solar-opens-brazils-largest-capacity-solar-module,http://investors.canadiansolar.com/news-releases/news-release-details/canadian-solar-opens-brazils-largest-capacity-solar-module,http://investors.canadiansolar.com/news-releases/news-release-details/canadian-solar-opens-brazils-largest-capacity-solar-module,https://www.pv-magazine.com/2016/06/17/canadian-solar-to-invest-23m-in-350-mw-brazil-module-fab_100025057/,,https://www.pv-magazine.com/2016/06/17/canadian-solar-to-invest-23m-in-350-mw-brazil-module-fab_100025057/ (year only),http://investors.canadiansolar.com/news-releases/news-release-details/canadian-solar-opens-brazils-largest-capacity-solar-module (year only),http://investors.canadiansolar.com/news-releases/news-release-details/canadian-solar-opens-brazils-largest-capacity-solar-module,,Operational
Solar,New_SunPower_MY1,SunPower,United States,Operational,Malaysia,Melaka (Malacca),2007,2008,Solar,Manufacturing,23,0,0,0,,https://www.nst.com.my/business/corporate/2024/08/1087995/updated-sunpower-malaysia-manufacturing-not-affected-nasdaq,https://www.nst.com.my/business/corporate/2024/08/1087995/updated-sunpower-malaysia-manufacturing-not-affected-nasdaq,https://www.nst.com.my/business/corporate/2024/08/1087995/updated-sunpower-malaysia-manufacturing-not-affected-nasdaq,Investment value not publicly disclosed,https://www.nst.com.my/business/corporate/2024/08/1087995/updated-sunpower-malaysia-manufacturing-not-affected-nasdaq,https://nawindpower.com/acciona-completes-iowa-wind-turbine-manufacturing-facility (year only),https://nawindpower.com/acciona-completes-iowa-wind-turbine-manufacturing-facility (year only),https://www.nst.com.my/business/corporate/2024/08/1087995/updated-sunpower-malaysia-manufacturing-not-affected-nasdaq,,Operational
Solar,HARSOL85,Kstar,China,Completed,Vietnam,Haiphong (Hải Phòng),2022,2023,Solar,Manufacturing,22,0,0,0,,https://www.prnewswire.com/news-releases/kstar-building-first-vietnam-plant-in-overseas-expansion-301543209.html,https://www.saurenergy.com/solar-energy-news/chinese-ups-and-inverter-major-kstar-opens-vietnam-plant,https://www.pv-tech.org/kstar-to-complete-new-inverter-manufacturing-facility-in-vietnam/,https://www.prnewswire.com/news-releases/kstar-building-first-vietnam-plant-in-overseas-expansion-301543209.html,,https://www.prnewswire.com/news-releases/kstar-building-first-vietnam-plant-in-overseas-expansion-301543209.html (year only),https://www.thefreelibrary.com/Kaneka+and+Belgium's+imec+Develop+Next-Generation+Heterojunction+Solar...-a0294284173,https://www.pv-tech.org/kstar-to-complete-new-inverter-manufacturing-facility-in-vietnam/,,Operational
Solar,FDI70870,Trina Solar Limited,China,Completed,United States,Oakland (California),2008,2009,Solar,"Logistics, Distribution & Transportation",22,0,0,0,,https://insideclimatenews.org/news/10062009/chinas-trina-solar-bets-americas-thriving-photovoltaics-market/,https://insideclimatenews.org/news/10062009/chinas-trina-solar-bets-americas-thriving-photovoltaics-market/,https://insideclimatenews.org/news/10062009/chinas-trina-solar-bets-americas-thriving-photovoltaics-market/,Investment value not publicly disclosed,,https://insideclimatenews.org/news/10062009/chinas-trina-solar-bets-americas-thriving-photovoltaics-market/,https://insideclimatenews.org/news/10062009/chinas-trina-solar-bets-americas-thriving-photovoltaics-market/,[UNVERIFIED] https://insideclimatenews.org/news/10062009/chinas-trina-solar-bets-americas-thriving-photovoltaics-market/,,Operational
Solar,HARSOL98,Lushan,China,Announced,Malaysia,Malaysia (site TBD),2023,N/A,Solar,Manufacturing,21,0,0,0,,https://www.yicaiglobal.com/news/chinas-lushan-new-materials-to-invest-usd21-million-to-set-up-pv-unit-in-malaysia,https://www.yicaiglobal.com/news/chinas-lushan-new-materials-to-invest-usd21-million-to-set-up-pv-unit-in-malaysia,[UNVERIFIED] https://www.yicaiglobal.com/news/chinas-lushan-new-materials-to-invest-usd21-million-to-set-up-pv-unit-in-malaysia,https://www.yicaiglobal.com/news/chinas-lushan-new-materials-to-invest-usd21-million-to-set-up-pv-unit-in-malaysia,https://www.pv-tech.org/isc-konstanz-to-spearhead-new-pv-research-centre-in-chile/,https://www.yicaiglobal.com/news/chinas-lushan-new-materials-to-invest-usd21-million-to-set-up-pv-unit-in-malaysia 10/13/2023,,https://www.yicaiglobal.com/news/chinas-lushan-new-materials-to-invest-usd21-million-to-set-up-pv-unit-in-malaysia,,Announced only
Solar,FDI62257,Sharp,Japan,Completed,United States,Memphis (Tennessee),2008,2008,Solar,Manufacturing,20,1,0,0,,https://global.sharp/solar/en/history/2003_3.html,https://www.businesswire.com/news/home/20081013006151/en/Sharp-Introduce-2nd-Generation-Thin-Film-Solar,https://global.sharp/solar/en/history/2003_3.html,Investment value not publicly disclosed,,https://www.businesswire.com/news/home/20081013006151/en/Sharp-Introduce-2nd-Generation-Thin-Film-Solar,https://www.businesswire.com/news/home/20081013006151/en/Sharp-Introduce-2nd-Generation-Thin-Film-Solar,https://www.businesswire.com/news/home/20081013006151/en/Sharp-Introduce-2nd-Generation-Thin-Film-Solar,,Operational
Solar,FDI126477,International Solar Energy Research Center,Germany,Completed,Chile,Atacama (site TBD),2017,2025,Solar,Research & Development,17,0,1,1,"Enel, Colbún, Mondragón and Cintac, CORFO",https://www.pv-tech.org/isc-konstanz-to-spearhead-new-pv-research-centre-in-chile/,[UNVERIFIED] https://www.pv-tech.org/isc-konstanz-to-spearhead-new-pv-research-centre-in-chile/,https://www.pv-tech.org/isc-konstanz-to-spearhead-new-pv-research-centre-in-chile/,https://www.pv-tech.org/isc-konstanz-to-spearhead-new-pv-research-centre-in-chile/,https://www.pv-tech.org/isc-konstanz-to-spearhead-new-pv-research-centre-in-chile/,https://www.pv-tech.org/isc-konstanz-to-spearhead-new-pv-research-centre-in-chile/ 08/18/2017,https://renewablesnow.com/news/nordex-starts-production-at-tower-factory-in-brazils-piaui-608081/ (year only),https://www.pv-tech.org/isc-konstanz-to-spearhead-new-pv-research-centre-in-chile/,https://www.pv-tech.org/isc-konstanz-to-spearhead-new-pv-research-centre-in-chile/,Operational
Solar,Solar86.1,Jabil Circuit,United States,Completed,Poland,Kwidzyn (Pomerania),2011,2011,Solar,Manufacturing,17,0,1,0,BP Solar,https://www.pv-magazine.com/2012/03/23/jabil-plans-layoffs-at-polish-pv-module-plants_10006212/,https://www.pv-magazine.com/2012/03/23/jabil-plans-layoffs-at-polish-pv-module-plants_10006212/,https://www.pv-magazine.com/2012/03/23/jabil-plans-layoffs-at-polish-pv-module-plants_10006212/,https://evertiq.com/news/14232,https://www.pv-magazine.com/2012/03/23/jabil-plans-layoffs-at-polish-pv-module-plants_10006212/,https://www.pv-magazine.com/2012/03/23/jabil-plans-layoffs-at-polish-pv-module-plants_10006212/ (year only),https://www.solardaily.com/reports/JA_Solar_Announces_Strategic_Partnership_With_Jabil_999.html,https://www.pv-magazine.com/2012/03/23/jabil-plans-layoffs-at-polish-pv-module-plants_10006212/,https://www.pv-magazine.com/2012/03/23/jabil-plans-layoffs-at-polish-pv-module-plants_10006212/,Ceased operations
Solar,FDI73355,Kaneka,Japan,Completed,Belgium,Leuven (Flemish Brabant),2009,2009,Solar,Research & Development,16.5,0,1,1,IMEC,https://www.kaneka.be/about-kaneka/kaneka-begium/glance,https://www.thefreelibrary.com/Kaneka+and+Belgium's+imec+Develop+Next-Generation+Heterojunction+Solar...-a0294284173,https://www.kaneka.be/about-kaneka/kaneka-begium/glance,https://www.renewableenergyworld.com/solar/imec-kaneka-eye-20/,,https://www.thefreelibrary.com/Kaneka+and+Belgium's+imec+Develop+Next-Generation+Heterojunction+Solar...-a0294284173,https://www.thefreelibrary.com/Kaneka+and+Belgium's+imec+Develop+Next-Generation+Heterojunction+Solar...-a0294284173,[UNVERIFIED] https://www.thefreelibrary.com/Kaneka+and+Belgium's+imec+Develop+Next-Generation+Heterojunction+Solar...-a0294284173,https://www.kaneka.be/about-kaneka/kaneka-begium/glance,Operational
Solar,FDI133824,JA Solar,China,Completed,South Africa,Port Elizabeth (Eastern Cape),2014,2014,Solar,Manufacturing,16.1,0,1,1,Powerway PV SA Pty.,https://www.pv-tech.org/ja_solar_and_powerway_to_open_150mw_pv_module_assembly_plant_in_south_afric/,https://www.pv-tech.org/ja_solar_and_powerway_to_open_150mw_pv_module_assembly_plant_in_south_afric/,https://www.pv-tech.org/ja_solar_and_powerway_to_open_150mw_pv_module_assembly_plant_in_south_afric/,https://www.pv-tech.org/ja_solar_and_powerway_to_open_150mw_pv_module_assembly_plant_in_south_afric/,https://www.pv-tech.org/ja_solar_and_powerway_to_open_150mw_pv_module_assembly_plant_in_south_afric/,https://www.pv-magazine.com/2014/01/22/ja-solar-powerway-establish-module-fab-in-south-africa_100014003/ 01/22/2014,https://moguldom.com/48374/africas-solar-panel-manufacturing-creating-jobs/,https://www.pv-tech.org/ja_solar_and_powerway_to_open_150mw_pv_module_assembly_plant_in_south_afric/,https://www.pv-tech.org/ja_solar_and_powerway_to_open_150mw_pv_module_assembly_plant_in_south_afric/,Operational
Solar,FDI15856,Sanyo,Japan,Completed,Hungary,Dorog (Komárom-Esztergom),2004,2005,Solar,Manufacturing,16,0,0,0,,https://apps.eurofound.europa.eu/restructuring-events/detail/61955,https://modbs.co.uk/news/archivestory.php/aid/9059/Sanyo_doubles_solar_PV_capacity_in_Hungary_.html,https://apps.eurofound.europa.eu/restructuring-events/detail/61955,https://renewablesnow.com/news/sanyo-launches-eur-16-5m-solar-module-line-in-hungary-17340,,https://apps.eurofound.europa.eu/restructuring-events/detail/61955,https://modbs.co.uk/news/archivestory.php/aid/9059/Sanyo_doubles_solar_PV_capacity_in_Hungary_.html,https://modbs.co.uk/news/archivestory.php/aid/9059/Sanyo_doubles_solar_PV_capacity_in_Hungary_.html,,Operational
Solar,HARSOLnew4,Hounen Solar,China,Announced,United States,Summerville,2025,N/A,Solar,Manufacturing,15,0,0,0,,https://www.hounensolar.com/,https://www.powersystems.technology/hounen-solar-to-launch-second-u-s-panel-assembly-plant-in-south-carolina/,https://www.powersystems.technology/hounen-solar-to-launch-second-u-s-panel-assembly-plant-in-south-carolina/,https://mp.weixin.qq.com/s/bNZScx_MV2Xzbgr_uNCgOQ,,https://www.powersystems.technology/hounen-solar-to-launch-second-u-s-panel-assembly-plant-in-south-carolina/,https://www.pv-magazine.com/2024/11/18/thornova-solar-starts-solar-module-production-in-indonesia/,https://www.powersystems.technology/hounen-solar-to-launch-second-u-s-panel-assembly-plant-in-south-carolina/,,Announced only
Solar,HARSOL95,Longi Green Energy Technology (Xi'an LONGI Silicon Materials),China,Announced,Algeria,Algeria (undisclosed),2025,N/A,Solar,Manufacturing,15,0,0,0,,https://www.pv-magazine.com/2025/04/28/longi-expresses-interest-in-solar-manufacturing-in-algeria/,https://www.pv-magazine.com/2025/04/28/longi-expresses-interest-in-solar-manufacturing-in-algeria/,https://www.pv-magazine.com/2025/04/28/longi-expresses-interest-in-solar-manufacturing-in-algeria/,https://mp.weixin.qq.com/s/bNZScx_MV2Xzbgr_uNCgOQ,,https://www.pv-magazine.com/2025/04/28/longi-expresses-interest-in-solar-manufacturing-in-algeria/,https://www.areadevelopment.com/newsitems/6-24-2011/fronius-relocation-investment-portage-indiana-29292876.shtml,https://www.pv-magazine.com/2025/04/28/longi-expresses-interest-in-solar-manufacturing-in-algeria/,,Announced only
Solar,HARSOL113,Sandaoke,China,Completed,Laos,Vientiane,2023,2024,Solar,Manufacturing,15,0,0,0,,https://www.thornova-solar.com/,https://www.pv-magazine.com/2024/11/18/thornova-solar-starts-solar-module-production-in-indonesia/,https://www.pv-magazine.com/2024/11/18/thornova-solar-starts-solar-module-production-in-indonesia/,https://mp.weixin.qq.com/s/bNZScx_MV2Xzbgr_uNCgOQ,https://renewablesnow.com/news/essel-ja-solar-pick-site-for-500-mw-module-factory-in-india-488483/,https://www.renewableenergyworld.com/solar/amid-shifting-u-s-regulations-a-california-solar-company-is-making-modules-on-an-indonesian-island/,https://www.pv-magazine.com/2024/11/18/thornova-solar-starts-solar-module-production-in-indonesia/,https://www.pv-magazine.com/2024/11/18/thornova-solar-starts-solar-module-production-in-indonesia/,,Operational
Solar,HARSOL48,GoodArk,China,Completed,Malaysia,Kulim (Kedah),2023,2024,Solar,Manufacturing,14.5,0,0,0,,https://en.goodark.com/,https://pdf.dfcfw.com/pdf/H2_AN202602061819799970_1.pdf,https://exportgenius.in/company/isilver-material-malaysia/43eb73a5b09708a73632d101266be72e,https://vip.stock.finance.sina.com.cn/corp/view/vCB_AllBulletinDetail.php?stockid=002079&id=8963632,,https://vip.stock.finance.sina.com.cn/corp/view/vCB_AllBulletinDetail.php?stockid=002079&id=8963632,https://pdf.dfcfw.com/pdf/H2_AN202602061819799970_1.pdf,https://vip.stock.finance.sina.com.cn/corp/view/vCB_AllBulletinDetail.php?stockid=002079&id=8963632,,Operational
Solar,HARSOL5,Arctech,China,Completed,India,Mundra (Gujarat),2022,2022,Solar,Manufacturing,14,0,1,1,Adani Infra,https://en.arctechsolar.com/,https://agrigateglobal.com/press-release/arctech-inaugurates-the-first-manufacturing-base-dedicated-to-solar-tracker-in-india/,https://agrigateglobal.com/press-release/arctech-inaugurates-the-first-manufacturing-base-dedicated-to-solar-tracker-in-india/,https://www.prnewswire.com/news-releases/seraphim-opens-300-mw-module-plant-in-south-africa-300695847.html,https://www.careratings.com/upload/CompanyFiles/PR/202412141213_Jash_Energy_Private_Limited.pdf,https://agrigateglobal.com/press-release/arctech-inaugurates-the-first-manufacturing-base-dedicated-to-solar-tracker-in-india/,https://agrigateglobal.com/press-release/arctech-inaugurates-the-first-manufacturing-base-dedicated-to-solar-tracker-in-india/,https://agrigateglobal.com/press-release/arctech-inaugurates-the-first-manufacturing-base-dedicated-to-solar-tracker-in-india/,https://www.careratings.com/upload/CompanyFiles/PR/202412141213_Jash_Energy_Private_Limited.pdf,Operational
Solar,HARSOL115,Seraphim,China,Completed,South Africa,East London (Eastern Cape),2018,2018,Solar,Manufacturing,14,0,1,1,"ILB Helios Southern Africa, Industrial Development Corporation of South Africa",https://www.seraphim-energy.com/news/n-02,https://www.prnewswire.com/news-releases/seraphim-opens-300-mw-module-plant-in-south-africa-300695847.html,https://www.prnewswire.com/news-releases/seraphim-opens-300-mw-module-plant-in-south-africa-300695847.html,https://www.prnewswire.com/news-releases/seraphim-opens-300-mw-module-plant-in-south-africa-300695847.html,https://www.prnewswire.com/news-releases/seraphim-opens-300-mw-module-plant-in-south-africa-300695847.html,https://www.prnewswire.com/news-releases/seraphim-opens-300-mw-module-plant-in-south-africa-300695847.html (year only),https://www.prnewswire.com/news-releases/seraphim-opens-300-mw-module-plant-in-south-africa-300695847.html (year only),https://www.prnewswire.com/news-releases/seraphim-opens-300-mw-module-plant-in-south-africa-300695847.html,https://www.prnewswire.com/news-releases/seraphim-opens-300-mw-module-plant-in-south-africa-300695847.html,Operational
Solar,HARSOL26,Cybrid,China,Completed,Vietnam,Bac Ninh (Bắc Ninh),2023,2024,Solar,Manufacturing,13,0,0,0,,https://en.cybrid.com.cn/,https://money.finance.sina.com.cn/corp/view/vCB_AllBulletinDetail.php?id=10459909&stockid=603212,https://mp.weixin.qq.com/s/w7xTR1eF_taCvayogNHWrA,https://www.pvtime.org/tcl-zhonghuan-to-acquire-100-of-spml-for-us58-6-million/,,https://mp.weixin.qq.com/s/w7xTR1eF_taCvayogNHWrA,https://money.finance.sina.com.cn/corp/view/vCB_AllBulletinDetail.php?id=10459909&stockid=603212,https://money.finance.sina.com.cn/corp/view/vCB_AllBulletinDetail.php?id=10459909&stockid=603212,,Operational
Solar,HARSOL88,Livoltek,China,Completed,Brazil,Manaus (Amazonas),2023,2024,Solar,Manufacturing,12,0,0,0,,https://www.pv-magazine.com/2023/09/07/livoltek-to-build-1-8-gw-inverter-factory-in-brazil/,https://www.pv-magazine.com/2024/07/26/livoltek-commissions-inverter-factory-in-brazil/,https://www.pv-magazine.com/2024/07/26/livoltek-commissions-inverter-factory-in-brazil/,https://www.pv-magazine.com/2024/07/26/livoltek-commissions-inverter-factory-in-brazil/,https://www.sec.gov/Archives/edgar/data/57083/000119312517215553/d300460d20f.htm,https://www.pv-magazine.com/2023/09/07/livoltek-to-build-1-8-gw-inverter-factory-in-brazil/ 09/07/2023,https://www.pv-magazine.com/2024/07/26/livoltek-commissions-inverter-factory-in-brazil/ 07/26/2024,https://www.pv-magazine.com/2024/07/26/livoltek-commissions-inverter-factory-in-brazil/,,Operational
Solar,HARSOL27,Dahai Solar,China,Announced,Romania,Călărași,2024,N/A,Solar,Manufacturing,10.7,0,0,0,,https://www.dahaisolar.com/,https://taiyangnews.info/markets/chinese-company-announces-solar-module-fab-in-europe,https://taiyangnews.info/markets/chinese-company-announces-solar-module-fab-in-europe,https://taiyangnews.info/markets/chinese-company-announces-solar-module-fab-in-europe,,https://taiyangnews.info/markets/chinese-company-announces-solar-module-fab-in-europe,https://taiyangnews.info/markets/chinese-company-announces-solar-module-fab-in-europe,https://taiyangnews.info/markets/chinese-company-announces-solar-module-fab-in-europe,,Announced only
Solar,HARSOL145,Xiuqiang,China,Announced,Thailand,Thailand (undisclosed),2024,N/A,Solar,Manufacturing,10.4,0,0,0,,https://vip.stock.finance.sina.com.cn/corp/view/vCB_AllBulletinDetail.php?stockid=300160&id=10591047,https://vip.stock.finance.sina.com.cn/corp/view/vCB_AllBulletinDetail.php?stockid=300160&id=10591047,[UNVERIFIED] https://vip.stock.finance.sina.com.cn/corp/view/vCB_AllBulletinDetail.php?stockid=300160&id=10700070,https://vip.stock.finance.sina.com.cn/corp/view/vCB_AllBulletinDetail.php?stockid=300160&id=10591047,https://www.pv-tech.org/founder-group-gcl-sign-a-us220-million-mou/,https://vip.stock.finance.sina.com.cn/corp/view/vCB_AllBulletinDetail.php?stockid=300160&id=10591047,,[UNVERIFIED] https://vip.stock.finance.sina.com.cn/corp/view/vCB_AllBulletinDetail.php?stockid=300160&id=10591047,,Announced only
Solar,HARSOL63,Hiuv,China,Completed,United States,Ohio (site TBD),2024,2025,Solar,Manufacturing,10,0,1,1,H.B. Fuller,http://www.hiuv.net/en/,https://mp.weixin.qq.com/s/rn8w1gswIyKOuuNosdAkwA,https://taiyangnews.info/business/hiuv-us-solar-manufacturing-plans,https://taiyangnews.info/business/hiuv-us-solar-manufacturing-plans,,https://taiyangnews.info/business/hiuv-us-solar-manufacturing-plans,https://mp.weixin.qq.com/s/rn8w1gswIyKOuuNosdAkwA,https://taiyangnews.info/business/hiuv-us-solar-manufacturing-plans,http://www.hiuv.net/en/,Operational
Solar,HARSOL146,Yihua,China,Completed,Thailand,Thailand (undisclosed),2019,2019,Solar,Manufacturing,10,0,0,0,,https://en.czt-energy.com/,https://mp.weixin.qq.com/s/HDOGYhMuU2HYoFx2V5rnRA,[UNVERIFIED] https://en.czt-energy.com/,Investment value not publicly disclosed,https://www.prweb.com/releases/china_sunergy_csun_signs_lease_agreement_for_building_new_solar_panel_factory_with_seul_holding/prweb14083026.htm,https://mp.weixin.qq.com/s/HDOGYhMuU2HYoFx2V5rnRA,https://mp.weixin.qq.com/s/HDOGYhMuU2HYoFx2V5rnRA,[UNVERIFIED] https://en.czt-energy.com/,,Operational
Solar,FDI85795,Worldwide Energy and Manufacturing,United States,Completed,China,Nantong (Jiangsu),2008,2010,Solar,Manufacturing,10,0,1,1,"Rugao Brother Solar Energy and Technology, Ltd",https://www.globenewswire.com/news-release/2010/08/09/427180/198796/en/Worldwide-Energy-and-Manufacturing-USA-Announces-Opening-of-PV-Module-Factory-in-Nantong.html,https://www.globenewswire.com/news-release/2010/08/09/427180/198796/en/Worldwide-Energy-and-Manufacturing-USA-Announces-Opening-of-PV-Module-Factory-in-Nantong.html,https://www.globenewswire.com/news-release/2010/08/09/427180/198796/en/Worldwide-Energy-and-Manufacturing-USA-Announces-Opening-of-PV-Module-Factory-in-Nantong.html,https://contracts.justia.com/companies/worldwide-energy-manufacturing-usa-inc-35513/contract/630029/,,https://www.globenewswire.com/news-release/2010/08/09/427180/198796/en/Worldwide-Energy-and-Manufacturing-USA-Announces-Opening-of-PV-Module-Factory-in-Nantong.html,https://www.globenewswire.com/news-release/2010/08/09/427180/198796/en/Worldwide-Energy-and-Manufacturing-USA-Announces-Opening-of-PV-Module-Factory-in-Nantong.html,https://www.industryweek.com/the-economy/environment/article/21937120/worldwide-energy-and-manufacturing-announces-opening-of-pv-module-factory-in-nantong,https://www.globenewswire.com/news-release/2010/08/09/427180/198796/en/Worldwide-Energy-and-Manufacturing-USA-Announces-Opening-of-PV-Module-Factory-in-Nantong.html,Operational
Solar,Solar89.1,China Sunergy,China,Completed,United States,Sacramento (California),2017,2017,Solar,Manufacturing,10,0,1,0,"Seul Energy Manufacturing Pte, Ltd. (Singapore; JV Local=0)",https://business.ca.gov/chinese-solar-company-selects-mcclellan-park-in-sacramento-for-first-u-s-facility/,https://www.pv-tech.org/china-sunergy-to-begin-solar-module-production-in-sacramento-california/,https://business.ca.gov/chinese-solar-company-selects-mcclellan-park-in-sacramento-for-first-u-s-facility/,https://www.sacbee.com/news/business/article131716219.html,https://www.prweb.com/releases/china_sunergy_csun_signs_lease_agreement_for_building_new_solar_panel_factory_with_seul_holding/prweb14083026.htm,https://www.prweb.com/releases/china_sunergy_csun_signs_lease_agreement_for_building_new_solar_panel_factory_with_seul_holding/prweb14083026.htm 02/20/2017,https://www.pv-tech.org/china-sunergy-to-begin-solar-module-production-in-sacramento-california/ (year only),https://www.pv-tech.org/china-sunergy-to-begin-solar-module-production-in-sacramento-california/,https://www.prweb.com/releases/china_sunergy_csun_signs_lease_agreement_for_building_new_solar_panel_factory_with_seul_holding/prweb14083026.htm,Operational
Solar,FDI43846,Hanwha Solutions,South Korea,Completed,Switzerland,Yverdon-les-Bains (Vaud),2006,2007,Solar,Manufacturing,9,0,0,0,,[UNVERIFIED] https://sciencebusiness.net/news/73476/Swiss-start-up-VHF-solves-Q-Cells%E2%80%99-silicon-shortage-problem,https://sciencebusiness.net/news/73476/Swiss-start-up-VHF-solves-Q-Cells%E2%80%99-silicon-shortage-problem,https://sciencebusiness.net/news/73476/Swiss-start-up-VHF-solves-Q-Cells%E2%80%99-silicon-shortage-problem,https://sciencebusiness.net/news/73476/Swiss-start-up-VHF-solves-Q-Cells%E2%80%99-silicon-shortage-problem,,https://sciencebusiness.net/news/73476/Swiss-start-up-VHF-solves-Q-Cells%E2%80%99-silicon-shortage-problem,https://www.startupticker.ch/en/news/august-2011/the-dramatic-story-of-flexcell,[UNVERIFIED] https://sciencebusiness.net/news/73476/Swiss-start-up-VHF-solves-Q-Cells%E2%80%99-silicon-shortage-problem,,Operational
Solar,FDI63785,Worldwide Energy and Manufacturing,United States,Completed,China,Ningbo (Zhejiang),2008,2008,Solar,Manufacturing,9,0,0,0,,http://www.weamerisolar.com/,https://redchipblog.wordpress.com/category/worldwide-energy-and-manufacturing/,http://www.weamerisolar.com/,https://investorshub.advfn.com/Worldwide-Energy-and-Manufacturing-fka-WEMU-10629,,https://redchipblog.wordpress.com/category/worldwide-energy-and-manufacturing/,https://redchipblog.wordpress.com/category/worldwide-energy-and-manufacturing/,http://www.weamerisolar.com/,,Operational
Solar,HARSOL4,Antaisolar,China,Announced,Saudi Arabia,Jeddah (Mecca),2024,N/A,Solar,Manufacturing,8.9,0,1,1,Bahra Electric,https://www.antaisolar.com/,https://www.prnewswire.com/news-releases/antaisolar-announces-establishing-joint-venture-and-factory-in-saudi-arabia-with-bahra-electric-302284379.html,https://www.prnewswire.com/news-releases/antaisolar-announces-establishing-joint-venture-and-factory-in-saudi-arabia-with-bahra-electric-302284379.html,https://www.cs.com.cn/ssgs/gsxw/202304/t20230418_6338179.html,,https://www.prnewswire.com/news-releases/antaisolar-announces-establishing-joint-venture-and-factory-in-saudi-arabia-with-bahra-electric-302284379.html,https://www.pv-tech.org/seraphim-solar-usa-ramps-module-capacity-and-gains-vendor-approval-from-res/,https://www.prnewswire.com/news-releases/antaisolar-announces-establishing-joint-venture-and-factory-in-saudi-arabia-with-bahra-electric-302284379.html,https://www.antaisolar.com/,Announced only
Solar,HARSOL132,Tonglin,China,Completed,Vietnam,Vietnam (undisclosed),2023,2025,Solar,Manufacturing,8.9,0,0,0,,https://www.easyup.com.cn/en/,https://mp.weixin.qq.com/s/QDaFpxf7G_iwj4EhMRiapA,https://mp.weixin.qq.com/s/QDaFpxf7G_iwj4EhMRiapA,https://www.cs.com.cn/ssgs/gsxw/202304/t20230418_6338179.html,,https://mp.weixin.qq.com/s/QDaFpxf7G_iwj4EhMRiapA,https://mp.weixin.qq.com/s/QDaFpxf7G_iwj4EhMRiapA,https://mp.weixin.qq.com/s/QDaFpxf7G_iwj4EhMRiapA,,Operational
Solar,FDI181618,AE Solar,Germany,Completed,Georgia,Kutaisi (Imereti),2017,2019,Solar,Manufacturing,8,0,0,0,,https://www.pv-magazine.com/2019/05/21/ae-solar-inaugurates-500-mw-module-factory-in-georgia/,https://www.pv-magazine.com/2019/05/21/ae-solar-inaugurates-500-mw-module-factory-in-georgia/,https://www.pv-magazine.com/2019/05/21/ae-solar-inaugurates-500-mw-module-factory-in-georgia/,Investment value not publicly disclosed,,https://www.pv-magazine.com/2019/04/12/ae-solar-to-open-500-mw-european-module-factory-in-georgia/ (year only),https://www.pv-magazine.com/2019/05/21/ae-solar-inaugurates-500-mw-module-factory-in-georgia/ 05/21/2019,https://www.pv-magazine.com/2019/05/21/ae-solar-inaugurates-500-mw-module-factory-in-georgia/,,Operational
Solar,HARSOL106,QC Solar Corp,China,Completed,United States,Atlanta (Georgia),2024,2024,Solar,Manufacturing,7.5,0,0,0,,https://www.sunsyncgroup.com/en/,https://caspianpost.com/azerbaijan/azerbaijan-strengthens-renewable-energy-ties-with-china-through-investment-deal,https://caspianpost.com/azerbaijan/azerbaijan-strengthens-renewable-energy-ties-with-china-through-investment-deal,Investment value not publicly disclosed,https://finance.sina.com.cn/roll/2026-02-27/doc-inhphcxk0714711.shtml,https://caspianpost.com/azerbaijan/azerbaijan-strengthens-renewable-energy-ties-with-china-through-investment-deal,https://finance.sina.com.cn/roll/2026-02-27/doc-inhphcxk0714711.shtml,https://caspianpost.com/azerbaijan/azerbaijan-strengthens-renewable-energy-ties-with-china-through-investment-deal,,Operational
Solar,FDI75952,Sanyo,Japan,Completed,Mexico,Monterrey (Nuevo León),2008,2009,Solar,Manufacturing,7.5,1,0,0,,https://www.renewableenergyworld.com/energy-storage/sanyo-starts-module-manufacturing-in-mexico/,https://www.renewableenergyworld.com/energy-storage/sanyo-starts-module-manufacturing-in-mexico/,https://www.renewableenergyworld.com/energy-storage/sanyo-starts-module-manufacturing-in-mexico/,https://www.reliableplant.com/Read/13911/sanyo-to-more-than-double-module-production-capacity-,,https://www.industryweek.com/the-economy/environment/article/21942545/sanyo-to-double-production-capacity-of-solar-modules,https://www.industryweek.com/the-economy/environment/article/21942545/sanyo-to-double-production-capacity-of-solar-modules,https://www.renewableenergyworld.com/energy-storage/sanyo-starts-module-manufacturing-in-mexico/,,Operational
Solar,FDI141924,Jinko Solar,China,Completed,South Africa,Cape Town (Western Cape),2012,2013,Solar,Manufacturing,7.5,0,0,0,,https://ir.jinkosolar.com/news-releases/news-release-details/jinkosolar-opens-solar-module-factory-cape-town-south-africa,https://ir.jinkosolar.com/news-releases/news-release-details/jinkosolar-opens-solar-module-factory-cape-town-south-africa,https://ir.jinkosolar.com/news-releases/news-release-details/jinkosolar-opens-solar-module-factory-cape-town-south-africa,https://www.prnewswire.com/news-releases/jinkosolar-opens-solar-module-factory-in-cape-town-south-africa-270732061.html,https://www.sec.gov/Archives/edgar/data/1481513/000114420417017271/v461594_ex8-1.htm,https://ir.jinkosolar.com/news-releases/news-release-details/jinkosolar-opens-solar-module-factory-cape-town-south-africa (year only),https://www.prnewswire.com/news-releases/jinkosolar-opens-solar-module-factory-in-cape-town-south-africa-270732061.html (year only),https://ir.jinkosolar.com/news-releases/news-release-details/jinkosolar-opens-solar-module-factory-cape-town-south-africa,,Operational
Solar,HARSOLnew2,KT Solar,China,Completed,Cambodia,Kandal,2022,2023,Solar,Manufacturing,7,0,1,0,"Eiki Shoji Co., Xiamen Junmao",https://www.kt-solar.com/,https://www.importinfo.com/kitatsu-solar-cambodia-co-ltd,https://phnompenhpost.com/business/cdc-greenlights-17-projects-worth-over-140m-aug-investments-diversify/,https://phnompenhpost.com/business/cdc-greenlights-17-projects-worth-over-140m-aug-investments-diversify/,https://mp.weixin.qq.com/s/nvS8r55kSTzfaVfacGS--Q,https://phnompenhpost.com/business/cdc-greenlights-17-projects-worth-over-140m-aug-investments-diversify/,https://www.importinfo.com/kitatsu-solar-cambodia-co-ltd,https://www.kt-solar.com/,https://mp.weixin.qq.com/s/nvS8r55kSTzfaVfacGS--Q,Operational
Solar,HARSOL97,Longi Green Energy Technology (Xi'an LONGI Silicon Materials),China,Announced,Nigeria,Nigeria (undisclosed),2025,N/A,Solar,Manufacturing,7,0,0,0,,https://www.pv-magazine.com/2025/10/27/nigeria-longi-sign-deal-for-solar-panel-factory/,https://energy.gov.ng/news-detail.php?slug=nigeria-finalises-partnership-with-the-world-s-largest-solar-panel-production-company-longi-at-its-headquarters-in-china,https://www.pv-magazine.com/2025/10/27/nigeria-longi-sign-deal-for-solar-panel-factory/,https://www.seraphim-energy.com/,https://americas.kyocera.com/press-releases/press-releases_201503242831.htm,https://www.pv-magazine.com/2025/10/27/nigeria-longi-sign-deal-for-solar-panel-factory/,https://americas.kyocera.com/press-releases/press-releases_201503242831.htm (year only),https://www.pv-magazine.com/2025/10/27/nigeria-longi-sign-deal-for-solar-panel-factory/,,Announced only
Solar,HARSOL126,TBEA,China,Announced,Azerbaijan,Baku,2024,N/A,Solar,Manufacturing,7,0,0,0,,http://www.xinbosolar.com/index.php?lang=en,https://stock.stockstar.com/RB2026052500013306.shtml,https://www.stcn.com/article/detail/844451.html?u_atoken=07b9306cb741c2c7acbcd7890d362c90&u_asig=ffbfd,https://www.stcn.com/article/detail/844451.html?u_atoken=07b9306cb741c2c7acbcd7890d362c90&u_asig=ffbfd,,https://www.stcn.com/article/detail/844451.html?u_atoken=07b9306cb741c2c7acbcd7890d362c90&u_asig=ffbfd,https://www.pv-magazine-india.com/2018/02/06/longi-doubles-indian-solar-manufacturing-plans-to-2-gw/,https://www.stcn.com/article/detail/844451.html?u_atoken=07b9306cb741c2c7acbcd7890d362c90&u_asig=ffbfd,,Announced only
Solar,HARSOL143,Xinbo,China,Announced,Malaysia,Malaysia (undisclosed),2023,N/A,Solar,Manufacturing,7,0,0,0,,http://www.xinbosolar.com/index.php?lang=en,https://stock.stockstar.com/RB2026052500013306.shtml,https://www.stcn.com/article/detail/844451.html?u_atoken=07b9306cb741c2c7acbcd7890d362c90&u_asig=ffbfd,https://www.stcn.com/article/detail/844451.html?u_atoken=07b9306cb741c2c7acbcd7890d362c90&u_asig=ffbfd,,https://www.stcn.com/article/detail/844451.html?u_atoken=07b9306cb741c2c7acbcd7890d362c90&u_asig=ffbfd,https://stock.stockstar.com/RB2026052500013306.shtml,https://www.stcn.com/article/detail/844451.html?u_atoken=07b9306cb741c2c7acbcd7890d362c90&u_asig=ffbfd,,Announced only
Solar,Solar96_1,EXE Solar,Italy,Completed,Bulgaria,Yambol,2022,2024,Solar,Manufacturing,6.8,0,0,0,,https://balkangreenenergynews.com/italian-consortium-to-build-first-solar-panel-factory-in-bulgaria/,[UNVERIFIED] https://balkangreenenergynews.com/italian-consortium-to-build-first-solar-panel-factory-in-bulgaria/,https://balkangreenenergynews.com/italian-consortium-to-build-first-solar-panel-factory-in-bulgaria/,https://balkangreenenergynews.com/italian-consortium-to-build-first-solar-panel-factory-in-bulgaria/,,https://balkangreenenergynews.com/italian-consortium-to-build-first-solar-panel-factory-in-bulgaria/ (year only),[UNVERIFIED] fDi Markets (FT),https://balkangreenenergynews.com/italian-consortium-to-build-first-solar-panel-factory-in-bulgaria/,,Operational
Solar,HARSOL62,Hiuv,China,Announced,Australia,Australia (site TBD),2024,N/A,Solar,Research & Development,6.5,0,0,0,,http://www.hiuv.net/en/,https://t.10jqka.com.cn/pid_374407675.shtml,https://t.10jqka.com.cn/pid_374407675.shtml,https://t.10jqka.com.cn/pid_374407675.shtml,,https://t.10jqka.com.cn/pid_374407675.shtml,,https://t.10jqka.com.cn/pid_374407675.shtml,,Announced only
Solar,HARSOL73,Jinchen,China,Announced,Malaysia,Kulim (Kedah),2025,N/A,Solar,Manufacturing,6.5,0,0,0,,https://www.pv-magazine.com/2025/06/06/chinese-pv-industry-brief-jinchen-sets-up-malaysian-unit/,https://www.pv-magazine.com/2025/06/06/chinese-pv-industry-brief-jinchen-sets-up-malaysian-unit/,[UNVERIFIED] https://www.pv-magazine.com/2025/06/06/chinese-pv-industry-brief-jinchen-sets-up-malaysian-unit/,https://www.energytrend.com/news/20250605-49705.html,,https://www.pv-magazine.com/2025/06/06/chinese-pv-industry-brief-jinchen-sets-up-malaysian-unit/,,[UNVERIFIED] https://www.pv-magazine.com/2025/06/06/chinese-pv-industry-brief-jinchen-sets-up-malaysian-unit/,,Announced only
Solar,FDI89697,Eurener Energia Solar,Spain,Completed,Portugal,Torres Vedras (Lisbon),2010,2010,Solar,Manufacturing,5.99,0,0,0,,https://www.pv-tech.org/pufin_and_eurener_make_100_european_solar_module_play/,https://www.pv-tech.org/pufin_and_eurener_make_100_european_solar_module_play/,https://www.pv-tech.org/pufin_and_eurener_make_100_european_solar_module_play/,https://renewablesnow.com/news/eurener-opens-first-pv-plant-in-portugal-today-report-121711/,,https://www.pv-tech.org/pufin_and_eurener_make_100_european_solar_module_play/ (year only),https://www.pv-tech.org/pufin_and_eurener_make_100_european_solar_module_play/ (year only),https://www.pv-tech.org/pufin_and_eurener_make_100_european_solar_module_play/,,Operational
Solar,FDI39276,Aleo Solar,Germany,Completed,Spain,Santa Maria de Palautordera (Catalonia),2007,2007,Solar,Manufacturing,5.8,0,0,0,,https://www.eetimes.com/aleo-switches-on-spanish-solar-module-factory/,https://www.eetimes.com/aleo-switches-on-spanish-solar-module-factory/,https://www.eetimes.com/aleo-switches-on-spanish-solar-module-factory/,https://www.renewableenergyworld.com/solar/la-fotovotaica-take-off-for-spains-solar-pv-market-51485/,,https://www.eetimes.com/aleo-switches-on-spanish-solar-module-factory/ (year only),https://www.eetimes.com/aleo-switches-on-spanish-solar-module-factory/ (year only),https://www.eetimes.com/aleo-switches-on-spanish-solar-module-factory/,,Operational
Solar,HARSOL121,Sungrow,China,Completed,India,Bengaluru (Karnataka),2018,2018,Solar,Manufacturing,5.5,0,0,0,,https://www.pv-magazine.com/2018/07/27/sungrow-opens-5-5-million-3-gw-pv-inverter-factory-in-india/,https://www.pv-magazine.com/2018/07/27/sungrow-opens-5-5-million-3-gw-pv-inverter-factory-in-india/,https://www.pv-magazine.com/2018/07/27/sungrow-opens-5-5-million-3-gw-pv-inverter-factory-in-india/,https://www.pv-magazine.com/2018/07/27/sungrow-opens-5-5-million-3-gw-pv-inverter-factory-in-india/,,https://www.pv-magazine.com/2018/07/27/sungrow-opens-5-5-million-3-gw-pv-inverter-factory-in-india/ 07/27/2018,https://www.pv-magazine.com/2018/07/27/sungrow-opens-5-5-million-3-gw-pv-inverter-factory-in-india/ (year only),https://www.pv-magazine.com/2018/07/27/sungrow-opens-5-5-million-3-gw-pv-inverter-factory-in-india/,,Operational
Solar,HARSOL117,SJEF Solar,China,Announced,Mexico,Huejotzingo (Puebla),2024,N/A,Solar,Manufacturing,4.7,0,0,0,,https://www.pv-magazine-mexico.com/2024/11/21/anuncian-en-huejotzingo-puebla-la-construccion-de-una-fabrica-de-celdas-solares/,https://www.pv-magazine-mexico.com/2024/11/21/anuncian-en-huejotzingo-puebla-la-construccion-de-una-fabrica-de-celdas-solares/,https://www.pv-magazine-mexico.com/2024/11/21/anuncian-en-huejotzingo-puebla-la-construccion-de-una-fabrica-de-celdas-solares/,https://www.pv-magazine-mexico.com/2024/11/21/anuncian-en-huejotzingo-puebla-la-construccion-de-una-fabrica-de-celdas-solares/,,https://www.energytrend.com/news/20241031-48711.html,https://www.pv-magazine-mexico.com/2024/11/21/anuncian-en-huejotzingo-puebla-la-construccion-de-una-fabrica-de-celdas-solares/,https://www.pv-magazine-mexico.com/2024/11/21/anuncian-en-huejotzingo-puebla-la-construccion-de-una-fabrica-de-celdas-solares/,,Announced only
Solar,FDI166329,Swelect Energy Systems,India,Announced,United States,Halifax (North Carolina),2016,N/A,Solar,Manufacturing,4.7,0,0,0,,https://www.commerce.nc.gov/node/2372,[UNVERIFIED] https://www.commerce.nc.gov/node/2372,https://www.commerce.nc.gov/node/2372,https://www.commerce.nc.gov/node/2372,,https://www.commerce.nc.gov/node/2372 (year only),[UNVERIFIED] fDi Markets (FT),https://www.commerce.nc.gov/node/2372,,Announced only
Solar,HARSOL47,Ginlong,China,Completed,Vietnam,Bac Giang (Bắc Giang),2023,2024,Solar,Manufacturing,4,0,0,0,,https://www.ginlong.com/,https://www.nbd.com.cn/articles/2024-06-18/3431803.html,https://vietnamconstruction.vn/vi/ban-quan-ly-cac-kcn-bac-giang-da-cap-giay-chung-nhan-dang-ky-dau-tu-cho-du-an-nha-may-ginlong-viet-nam/,https://vietnamconstruction.vn/vi/ban-quan-ly-cac-kcn-bac-giang-da-cap-giay-chung-nhan-dang-ky-dau-tu-cho-du-an-nha-may-ginlong-viet-nam/,,https://vietnamconstruction.vn/vi/ban-quan-ly-cac-kcn-bac-giang-da-cap-giay-chung-nhan-dang-ky-dau-tu-cho-du-an-nha-may-ginlong-viet-nam/,https://www.nbd.com.cn/articles/2024-06-18/3431803.html,https://vietnamconstruction.vn/vi/ban-quan-ly-cac-kcn-bac-giang-da-cap-giay-chung-nhan-dang-ky-dau-tu-cho-du-an-nha-may-ginlong-viet-nam/,,Operational
Solar,FDI40578,Nanosolar,United States,Completed,Germany,Luckenwalde (Brandenburg),2007,2009,Solar,Manufacturing,3,0,0,0,,https://guntherportfolio.com/2007/12/in-search-of-nanosolar-gmbh/,https://www.greentechmedia.com/articles/read/nanosolar-boosts-cells-efficiency-starts-mass-production,https://guntherportfolio.com/2007/12/in-search-of-nanosolar-gmbh/,http://www.nanosolar.com/contact/worldwide-locations/index.html,,https://guntherportfolio.com/2007/12/in-search-of-nanosolar-gmbh/,https://www.greentechmedia.com/articles/read/nanosolar-boosts-cells-efficiency-starts-mass-production,https://www.greentechmedia.com/articles/read/nanosolar-boosts-cells-efficiency-starts-mass-production,,Ceased operations
Solar,FDI47289,Solar PST,Spain,Completed,Portugal,Povoa de Varzim (Porto),2007,2007,Solar,Manufacturing,2.8,0,0,0,,https://www.energias-renovables.com/termosolar/solar-pstenergie-inauguran-en-portugal-la-mayor,https://www.energias-renovables.com/termosolar/solar-pstenergie-inauguran-en-portugal-la-mayor,https://www.energias-renovables.com/termosolar/solar-pstenergie-inauguran-en-portugal-la-mayor,"https://codigocero.com/A-empresa-corunesa-Solar-PST-conta#:~:text=A%20empresa%20coru%C3%B1esa%20Solar%20PST%20conta%20cunha,nova%20f%C3%A1brica%20en%20Povoa%20de%20Varzim%20(Portugal)",,https://www.energias-renovables.com/termosolar/solar-pstenergie-inauguran-en-portugal-la-mayor (year only),https://www.energias-renovables.com/termosolar/solar-pstenergie-inauguran-en-portugal-la-mayor (year only),https://www.energias-renovables.com/termosolar/solar-pstenergie-inauguran-en-portugal-la-mayor,,Operational
Solar,FDI14236,Kyocera,Japan,Completed,Czech Republic,Kadan (Ústí nad Labem),2004,2005,Solar,Manufacturing,1.8,0,0,0,,https://europe.kyocera.com/index/news/previous_news/news_archive_detail.L3NvbGFyX2VsZWN0cmljX3N5c3RlbXMvbmV3cy8yMDA1L2t5b2NlcmFfc29sYXJfcHJvZHVjdGlvbg~~.html,https://europe.kyocera.com/index/news/previous_news/news_archive_detail.L3NvbGFyX2VsZWN0cmljX3N5c3RlbXMvbmV3cy8yMDA1L2t5b2NlcmFfc29sYXJfcHJvZHVjdGlvbg~~.html,https://europe.kyocera.com/index/news/previous_news/news_archive_detail.L3NvbGFyX2VsZWN0cmljX3N5c3RlbXMvbmV3cy8yMDA1L2t5b2NlcmFfc29sYXJfcHJvZHVjdGlvbg~~.html,https://www.altenergymag.com/news/2004/09/27/kyocera-establishes-global-infrastructure-to-double-production-capacity-for-solar-electric-modules/2847/,https://www.pv-magazine.com/2025/06/09/drinda-schmid-pekintas-to-build-5-gw-solar-cell-plant-in-turkey/,https://europe.kyocera.com/index/news/previous_news/news_archive_detail.L3NvbGFyX2VsZWN0cmljX3N5c3RlbXMvbmV3cy8yMDA1L2t5b2NlcmFfc29sYXJfcHJvZHVjdGlvbg~~.html,https://europe.kyocera.com/index/news/previous_news/news_archive_detail.L3NvbGFyX2VsZWN0cmljX3N5c3RlbXMvbmV3cy8yMDA1L2t5b2NlcmFfc29sYXJfcHJvZHVjdGlvbg~~.html,https://europe.kyocera.com/index/news/previous_news/news_archive_detail.L3NvbGFyX2VsZWN0cmljX3N5c3RlbXMvbmV3cy8yMDA1L2t5b2NlcmFfc29sYXJfcHJvZHVjdGlvbg~~.html,,Operational
Solar,HARSOL1,Aiko Solar,China,Announced,Pakistan,Punjab (site TBD),2024,N/A,Solar,Manufacturing,,0,0,0,,https://aikosolar.com/en/,https://profit.pakistantoday.com.pk/2024/08/11/chinese-company-to-establish-solar-panel-manufacturing-plant-in-punjab/,https://profit.pakistantoday.com.pk/2024/08/11/chinese-company-to-establish-solar-panel-manufacturing-plant-in-punjab/,Investment value not publicly disclosed,https://www.angop.ao/en/noticias/economia/sonangol-assina-memorando-para-projecto-de-energia-fotovoltaica/,https://profit.pakistantoday.com.pk/2024/08/11/chinese-company-to-establish-solar-panel-manufacturing-plant-in-punjab/,,https://profit.pakistantoday.com.pk/2024/08/11/chinese-company-to-establish-solar-panel-manufacturing-plant-in-punjab/,,Announced only
Solar,HARSOLnew1,Boviet Solar,China,Completed,Vietnam,Bac Giang (Bắc Giang),2013,2013,Solar,Manufacturing,,0,0,0,,https://bovietsolar.com/,https://mp.weixin.qq.com/s/8rYuZZKES00jbaKu78BXuA,https://mp.weixin.qq.com/s/8rYuZZKES00jbaKu78BXuA,Investment value not publicly disclosed,https://www.pv-tech.org/china-round-up-gcl-tech-environmental-accreditation-redsolar-cmec-gl-nigerian-australian-projects/,https://mp.weixin.qq.com/s/8rYuZZKES00jbaKu78BXuA,https://mp.weixin.qq.com/s/8rYuZZKES00jbaKu78BXuA,https://mp.weixin.qq.com/s/8rYuZZKES00jbaKu78BXuA,,Operational
Solar,HARSOL22,CETC,China,Completed,India,Sri City (Andhra Pradesh),2018,2019,Solar,Manufacturing,,0,0,0,,https://www.cetcredsolar.com/index.htm,https://www.cetcredsolar.com/about-cetc.htm,https://www.pv-magazine.com/2018/03/16/india-ground-breaks-on-200-mw-pv-cell-manufacturing-facility-in-andhra-pradesh/,https://www.pv-magazine.com/2018/03/16/india-ground-breaks-on-200-mw-pv-cell-manufacturing-facility-in-andhra-pradesh/,,https://www.pv-tech.org/chinese-firm-plans-200mw-solar-cell-manufacturing-facility-in-andhra-prades,https://www.cetcredsolar.com/about-cetc.htm,https://www.pv-magazine.com/2018/03/16/india-ground-breaks-on-200-mw-pv-cell-manufacturing-facility-in-andhra-pradesh/,,Operational
Solar,HARSOL38,Elite Solar,China,Completed,Indonesia,Batam (Riau Islands),2024,2024,Solar,Manufacturing,,0,0,0,,https://www.elite-solar.com/,https://www.pv-magazine.com/2024/12/10/elite-solar-opens-solar-cell-production-facility-in-indonesia/,https://exportgenius.in/company/pt-elite-solar/4c598593867f0862489248be8c4a26a0,Investment value not publicly disclosed,,https://www.pv-magazine.com/2024/12/10/elite-solar-opens-solar-cell-production-facility-in-indonesia/,https://www.pv-magazine.com/2024/12/10/elite-solar-opens-solar-cell-production-facility-in-indonesia/,https://www.pv-magazine.com/2024/12/10/elite-solar-opens-solar-cell-production-facility-in-indonesia/,,Operational
Solar,HARSOL39,First Applied Material,China,Completed,Thailand,Chonburi,2016,2025,Solar,Manufacturing,,0,0,0,,https://www.firstpvm.com/en,"https://mp.weixin.qq.com/s/4dgnIfpgefL4ewCDuPi6gA, https://mp.weixin.qq.com/s/yFZ-fMHB1zwgXmZA-ePkTA",https://mp.weixin.qq.com/s/0cetHHXQ4xArqQcE--WcjA,"https://www.yicaiglobal.com/news/first-applied-to-invest-usd270-million-to-hike-pv-film-packaging-capacity-in-china-thailand-vietnam, https://www.pvtime.org/300-million-yuan-first-applied-material-shifts-investment-from-guangdong-film-factory-to-thailand/",,https://mp.weixin.qq.com/s/4dgnIfpgefL4ewCDuPi6gA,"https://mp.weixin.qq.com/s/4dgnIfpgefL4ewCDuPi6gA, https://mp.weixin.qq.com/s/yFZ-fMHB1zwgXmZA-ePkTA",https://mp.weixin.qq.com/s/4dgnIfpgefL4ewCDuPi6gA,,Operational
Solar,HARSOL45,GCL,China,Announced,Indonesia,Bintan Special Economic Zone (Riau Islands),2024,N/A,Solar,Manufacturing,,0,1,1,Mubadala Investment Co.,https://en.gclsi.com/,https://en.gclsi.com/,https://en.gclsi.com/,https://mp.weixin.qq.com/s/PY9dQe7mtS_4JZdIFiW4UA,,https://www.pv-magazine.com/2024/06/04/gcl-tech-mubadala-to-open-polysilicon-factory-in-uae/,https://www.petromindo.com/news/article/yingfa-ruineng-technology-expands-solar-cell-production-capacity-in-indonesia,https://www.yicaiglobal.com/news/chinas-gcl-considers-building-its-first-overseas-granular-silicon-project-in-uae,https://en.gclsi.com/,Announced only
Solar,HARSOL46,GCL,China,Announced,Egypt,Ain Sokhna (Suez),2026,N/A,Solar,Manufacturing,,0,1,0,Kemet,https://en.gclsi.com/,https://www.pv-tech.org/gcl-to-build-5gw-solar-cell-module-manufacturing-facility-in-egypt/,https://www.pv-tech.org/gcl-to-build-5gw-solar-cell-module-manufacturing-facility-in-egypt/,Investment value not publicly disclosed,,https://www.pv-tech.org/gcl-to-build-5gw-solar-cell-module-manufacturing-facility-in-egypt/,https://mp.weixin.qq.com/s/95VPYWvMsdW1eexS3yIgJA,https://www.pv-tech.org/gcl-to-build-5gw-solar-cell-module-manufacturing-facility-in-egypt/,https://en.gclsi.com/,Announced only
Solar,HARSOL49,GoodWe,China,Completed,Vietnam,Hai Phong (Hải Phòng),2024,2024,Solar,Manufacturing,,0,0,0,,https://en.goodwe.com/,https://en.goodwe.com/goodwe-officially-announces-inauguration-of-first-overseas-manufacturing-base-a-globalization-milestone,https://en.goodwe.com/goodwe-officially-announces-inauguration-of-first-overseas-manufacturing-base-a-globalization-milestone,Investment value not publicly disclosed,https://www.pv-tech.org/gamechange-solar-jznee-3gw-tracker-manufacturing-plant-saudi-arabia/,https://en.goodwe.com/goodwe-officially-announces-inauguration-of-first-overseas-manufacturing-base-a-globalization-milestone,https://en.goodwe.com/goodwe-officially-announces-inauguration-of-first-overseas-manufacturing-base-a-globalization-milestone,https://en.goodwe.com/goodwe-officially-announces-inauguration-of-first-overseas-manufacturing-base-a-globalization-milestone,,Operational
Solar,HARSOL57,Haitai Solar,China,Completed,Vietnam,Hai Phong (Hải Phòng),2016,2016,Solar,Manufacturing,,0,0,0,,https://www.haitai-solar.com/,https://www.htsolar.co.jp/about/,https://exportgenius.in/company/hangtai-hai-phong/9573ead4bd1296aab2d33a34c24ddac4,Investment value not publicly disclosed,https://www.znshinesolar.com/ZNSHINE-SOLAR-and-SOLARWORLD-India-Have-Reached-an-Agreement-to-Jointly-Setup-a-Photovoltaic-Module-Production-Line-in-India-id43212986.html,https://mp.weixin.qq.com/s/uf8mYzvJ_UQ6jGlUKQpS7w,https://www.htsolar.co.jp/about/,https://mp.weixin.qq.com/s/uf8mYzvJ_UQ6jGlUKQpS7w,,Operational
Solar,HARSOL87,Lihui Solar,China,Completed,Turkey,Turkey (site TBD),2023,2023,Solar,Manufacturing,,0,0,0,,https://www.qc-solar.com/,https://finance.sina.com.cn/roll/2026-02-27/doc-inhphcxk0714711.shtml,https://www.qc-solar.com/contact-us/,Investment value not publicly disclosed,https://www.ots.at/presseaussendung/OTS_20100120_OTS0009/solland-solar-und-ats-bauen-prototypen-produktionsanlage-fuer-photovoltaische-module-mit-sunwebr-back-contact-solarzellen,https://finance.sina.com.cn/roll/2026-02-27/doc-inhphcxk0714711.shtml,https://finance.sina.com.cn/roll/2026-02-27/doc-inhphcxk0714711.shtml,https://finance.sina.com.cn/roll/2026-02-27/doc-inhphcxk0714711.shtml,,Operational
Solar,HARSOL101,NE Solar,China,Completed,Indonesia,Cikarang (West Java),2022,2023,Solar,Manufacturing,,0,0,0,,https://pv-magazine-usa.com/press-releases/ne-solar-expands-to-indonesia/,http://www.nesolar.com.kh/?content%2F176=,[UNVERIFIED] https://pv-magazine-usa.com/press-releases/ne-solar-expands-to-indonesia/,Investment value not publicly disclosed,,http://www.nesolar.com.kh/?content%2F176=,https://www.groupgshk.com/cigs-pv-maker-gs-hong-kong-solar-opens-40mw-manufacturing-plant-2013/ (year only),https://pv-magazine-usa.com/press-releases/ne-solar-expands-to-indonesia/,,Operational
Solar,HARSOL102,NE Solar,China,Completed,United States,Phoenix (Arizona),2023,2024,Solar,Manufacturing,,0,0,0,,https://www.solarpowerworldonline.com/2023/09/cambodias-ne-solar-to-open-a-2-gw-solar-panel-factory-in-phoenix/,https://pv-magazine-usa.com/press-releases/ne-solar-achieves-bnef-tier-1-ranking-strengthening-u-s-solar-manufacturing-with-new-phoenix-facility/,https://www.solarpowerworldonline.com/2023/09/cambodias-ne-solar-to-open-a-2-gw-solar-panel-factory-in-phoenix/,Investment value not publicly disclosed,,https://www.solarpowerworldonline.com/2023/09/cambodias-ne-solar-to-open-a-2-gw-solar-panel-factory-in-phoenix/ (year only),https://pv-magazine-usa.com/press-releases/ne-solar-achieves-bnef-tier-1-ranking-strengthening-u-s-solar-manufacturing-with-new-phoenix-facility/ (year only),https://www.solarpowerworldonline.com/2023/09/cambodias-ne-solar-to-open-a-2-gw-solar-panel-factory-in-phoenix/,,Operational
Solar,HARSOL107,Qinghai Lihao Clean Energy,China,Announced,Angola,Luanda,2024,N/A,Solar,Manufacturing,,0,1,1,Sonangol,https://www.pv-tech.org/lihao-clean-energy-plans-to-build-a-polysilicon-plant-in-angola/,https://www.angop.ao/en/noticias/economia/sonangol-assina-memorando-para-projecto-de-energia-fotovoltaica/,https://www.angop.ao/en/noticias/economia/sonangol-assina-memorando-para-projecto-de-energia-fotovoltaica/,Investment value not publicly disclosed,https://www.angop.ao/en/noticias/economia/sonangol-assina-memorando-para-projecto-de-energia-fotovoltaica/,https://www.pv-tech.org/lihao-clean-energy-plans-to-build-a-polysilicon-plant-in-angola/,https://www.pv-tech.org/trina_opens_warehouse_in_south_africa/ (year only),https://www.pv-tech.org/lihao-clean-energy-plans-to-build-a-polysilicon-plant-in-angola/,https://www.angop.ao/en/noticias/economia/sonangol-assina-memorando-para-projecto-de-energia-fotovoltaica/,Announced only
Solar,HARSOL108,RedSolar,China,Announced,Nigeria,Kano,2025,N/A,Solar,Manufacturing,,0,1,0,IRS Group,https://www.pv-tech.org/china-round-up-gcl-tech-environmental-accreditation-redsolar-cmec-gl-nigerian-australian-projects/,https://www.pv-tech.org/china-round-up-gcl-tech-environmental-accreditation-redsolar-cmec-gl-nigerian-australian-projects/,https://taiyangnews.info/markets/hunan-red-sun-600-mw-solar-module-factory-nigeria,Investment value not publicly disclosed,https://www.pv-tech.org/china-round-up-gcl-tech-environmental-accreditation-redsolar-cmec-gl-nigerian-australian-projects/,https://www.pv-tech.org/china-round-up-gcl-tech-environmental-accreditation-redsolar-cmec-gl-nigerian-australian-projects/,https://www.energytrend.com/news/20150112-8067.html (year only),https://taiyangnews.info/markets/hunan-red-sun-600-mw-solar-module-factory-nigeria,https://www.pv-tech.org/china-round-up-gcl-tech-environmental-accreditation-redsolar-cmec-gl-nigerian-australian-projects/,Announced only
Solar,HARSOL130,Thornova Solar,United States,Completed,Vietnam,Bac Ninh (Bắc Ninh),2022,2023,Solar,Manufacturing,,0,0,0,,https://www.prnewswire.com/news-releases/thornova-solar-ramps-module-manufacturing-in-vietnam-301884696.html,https://www.prnewswire.com/news-releases/thornova-solar-ramps-module-manufacturing-in-vietnam-301884696.html,https://theinvestor.vn/us-firm-begins-solar-module-production-in-northern-vietnam-d5955.html,https://mp.weixin.qq.com/s/PY9dQe7mtS_4JZdIFiW4UA,,https://mp.weixin.qq.com/s/6j1IdUnNLwpspOY3ruXfAA,https://www.prnewswire.com/news-releases/thornova-solar-ramps-module-manufacturing-in-vietnam-301884696.html (year only),https://www.prnewswire.com/news-releases/thornova-solar-ramps-module-manufacturing-in-vietnam-301884696.html,,Operational
Solar,HARSOL131,Thornova Solar,China,Completed,Indonesia,Batam (Riau Islands),2024,2024,Solar,Manufacturing,,0,0,0,,[UNVERIFIED] https://www.pv-magazine.com/2024/11/18/thornova-solar-starts-solar-module-production-in-indonesia/,https://www.pv-magazine.com/2024/11/18/thornova-solar-starts-solar-module-production-in-indonesia/,https://www.pv-magazine.com/2024/11/18/thornova-solar-starts-solar-module-production-in-indonesia/,Investment value not publicly disclosed,,https://www.pv-magazine.com/2024/11/18/thornova-solar-starts-solar-module-production-in-indonesia/,https://www.pv-magazine.com/2024/11/18/thornova-solar-starts-solar-module-production-in-indonesia/,https://www.pv-tech.org/thornova-solar-begins-solar-module-production-in-indonesia/,,Operational
Solar,HARSOL140,Trina Solar Limited,China,Completed,Saudi Arabia,Jeddah (Mecca),2025,2025,Solar,Manufacturing,,0,0,0,,https://www.trinasolar.com/en-glb/content/matrinatracker-open-manufacturing-plant-saudi-arabia-further-advancing-its-localization,https://www.trinasolar.com/en-glb/content/matrinatracker-open-manufacturing-plant-saudi-arabia-further-advancing-its-localization,https://www.trinasolar.com/en-glb/content/matrinatracker-open-manufacturing-plant-saudi-arabia-further-advancing-its-localization,Investment value not publicly disclosed,https://www.solarpowerworldonline.com/2014/03/upsolar-expands-presence-turkey-singapore/,https://www.pv-magazine.com/2025/02/19/trinatracker-establishes-3-gw-factory-in-saudi-arabia/,https://www.trinasolar.com/en-glb/content/matrinatracker-open-manufacturing-plant-saudi-arabia-further-advancing-its-localization,https://www.trinasolar.com/en-glb/content/matrinatracker-open-manufacturing-plant-saudi-arabia-further-advancing-its-localization,,Operational
Solar,HARSOL141,Trina Solar Limited,China,Completed,Brazil,Salvador (Bahia),2023,2023,Solar,Manufacturing,,0,0,0,,https://www.prnewswire.com/news-releases/trinatracker-expands-internationally-with-new-plant-in-brazil-301915494.html,https://www.prnewswire.com/news-releases/trinatracker-expands-internationally-with-new-plant-in-brazil-301915494.html,https://www.prnewswire.com/news-releases/trinatracker-expands-internationally-with-new-plant-in-brazil-301915494.html,Investment value not publicly disclosed,,https://www.prnewswire.com/news-releases/trinatracker-expands-internationally-with-new-plant-in-brazil-301915494.html,https://www.prnewswire.com/news-releases/trinatracker-expands-internationally-with-new-plant-in-brazil-301915494.html,https://www.prnewswire.com/news-releases/trinatracker-expands-internationally-with-new-plant-in-brazil-301915494.html,,Operational
Solar,HARSOL148,Yingfa Ruineng,China,Announced,Indonesia,Bintan Special Economic Zone (Riau Islands),2024,N/A,Solar,Manufacturing,,0,0,0,,https://www.petromindo.com/news/article/yingfa-ruineng-technology-expands-solar-cell-production-capacity-in-indonesia,https://www.petromindo.com/news/article/yingfa-ruineng-technology-expands-solar-cell-production-capacity-in-indonesia,https://www.petromindo.com/news/article/yingfa-ruineng-technology-expands-solar-cell-production-capacity-in-indonesia,https://mp.weixin.qq.com/s/PY9dQe7mtS_4JZdIFiW4UA,https://www.pv-tech.org/china_sunergy_establishes_production_facility_in_turkey/,https://www.petromindo.com/news/article/yingfa-ruineng-technology-expands-solar-cell-production-capacity-in-indonesia,https://www.petromindo.com/news/article/yingfa-ruineng-technology-expands-solar-cell-production-capacity-in-indonesia,https://www.petromindo.com/news/article/yingfa-ruineng-technology-expands-solar-cell-production-capacity-in-indonesia,,Announced only
Solar,HARSOL149,Yisheng,China,Completed,Vietnam,Vietnam (undisclosed),2023,2024,Solar,Manufacturing,,0,0,0,,https://www.easyup.com.cn/en/,https://mp.weixin.qq.com/s/95VPYWvMsdW1eexS3yIgJA,https://panjiva.com/Yisheng-New-Material-Co-Ltd-Vietnam/196742703,Investment value not publicly disclosed,https://www.energytrend.com/news/20151020-9573.html,https://mp.weixin.qq.com/s/IStPA0AYeKkxoGT3jOlCCA,https://mp.weixin.qq.com/s/95VPYWvMsdW1eexS3yIgJA,https://mp.weixin.qq.com/s/95VPYWvMsdW1eexS3yIgJA,,Operational
Solar,HARSOL150,Yisheng,China,Announced,Indonesia,Batam (Riau Islands),2024,N/A,Solar,Manufacturing,,0,0,0,,https://www.easyup.com.cn/en/,https://companieshouse.id/yisheng-photovoltaic-new-materials,https://companieshouse.id/yisheng-photovoltaic-new-materials,Investment value not publicly disclosed,,https://www.easyup.com.cn/en/,https://www.easyup.com.cn/en/,[UNVERIFIED] https://www.easyup.com.cn/en/,,Announced only
Solar,HARSOL152,Zhenjiang New Energy Equipment,China,Completed,Saudi Arabia,Dammam (Eastern Province),2024,2024,Solar,Manufacturing,,0,1,1,GameChange Solar,https://www.pv-tech.org/gamechange-solar-jznee-3gw-tracker-manufacturing-plant-saudi-arabia/,https://www.pv-tech.org/gamechange-solar-jznee-3gw-tracker-manufacturing-plant-saudi-arabia/,https://www.pv-tech.org/gamechange-solar-jznee-3gw-tracker-manufacturing-plant-saudi-arabia/,Investment value not publicly disclosed,https://www.pv-tech.org/gamechange-solar-jznee-3gw-tracker-manufacturing-plant-saudi-arabia/,https://www.pv-magazine.com/2024/04/24/gamechange-solar-jznee-to-build-3-gw-tracker-factory-in-saudi-arabia/,https://www.pv-tech.org/gamechange-solar-jznee-3gw-tracker-manufacturing-plant-saudi-arabia/,[UNVERIFIED] https://www.pv-tech.org/gamechange-solar-jznee-3gw-tracker-manufacturing-plant-saudi-arabia/,https://www.pv-tech.org/gamechange-solar-jznee-3gw-tracker-manufacturing-plant-saudi-arabia/,Operational
Solar,HARSOL153,ZNShine Solar,China,Completed,India,Noida (Uttar Pradesh),2024,2025,Solar,Manufacturing,,0,1,0,Solarworld,https://www.znshinesolar.com/ZNSHINE-SOLAR-and-SOLARWORLD-India-Have-Reached-an-Agreement-to-Jointly-Setup-a-Photovoltaic-Module-Production-Line-in-India-id43212986.html,https://www.znshinesolar.com/ZNSHINE-SOLAR-and-SOLARWORLD-India-Have-Reached-an-Agreement-to-Jointly-Setup-a-Photovoltaic-Module-Production-Line-in-India-id43212986.html,https://www.znshinesolar.com/ZNSHINE-SOLAR-and-SOLARWORLD-India-Have-Reached-an-Agreement-to-Jointly-Setup-a-Photovoltaic-Module-Production-Line-in-India-id43212986.html,Investment value not publicly disclosed,https://www.znshinesolar.com/ZNSHINE-SOLAR-and-SOLARWORLD-India-Have-Reached-an-Agreement-to-Jointly-Setup-a-Photovoltaic-Module-Production-Line-in-India-id43212986.html,https://taiyangnews.info/business/chinese-pv-manufacturer-announces-indian-joint-venture,https://www.znshinesolar.com/ZNSHINE-SOLAR-and-SOLARWORLD-India-Have-Reached-an-Agreement-to-Jointly-Setup-a-Photovoltaic-Module-Production-Line-in-India-id43212986.html,https://www.znshinesolar.com/ZNSHINE-SOLAR-and-SOLARWORLD-India-Have-Reached-an-Agreement-to-Jointly-Setup-a-Photovoltaic-Module-Production-Line-in-India-id43212986.html,https://www.znshinesolar.com/ZNSHINE-SOLAR-and-SOLARWORLD-India-Have-Reached-an-Agreement-to-Jointly-Setup-a-Photovoltaic-Module-Production-Line-in-India-id43212986.html,Operational
Solar,FDI63721,Trina Solar Limited,China,Completed,Netherlands,Heerlen (Limburg),2016,2016,Solar,Manufacturing,,0,0,0,,https://www.trinasolar.com/us/news/trina-solar-acquires-solar-cell-factory-netherlands,https://www.trinasolar.com/us/news/trina-solar-acquires-solar-cell-factory-netherlands,https://www.trinasolar.com/us/news/trina-solar-acquires-solar-cell-factory-netherlands,Investment value not publicly disclosed,https://www.trinasolar.com/us/news/trina-solar-acquires-solar-cell-factory-netherlands,https://www.pv-magazine.com/2016/02/23/trina-solar-acquires-200-mw-dutch-solar-cell-factory-from-solland-solar_100023334/ (year only),https://www.trinasolar.com/us/news/trina-solar-acquires-solar-cell-factory-netherlands (year only),https://www.trinasolar.com/us/news/trina-solar-acquires-solar-cell-factory-netherlands,,Operational
Solar,FDI73167,Ferro,United States,Completed,China,Suzhou (Jiangsu),2007,2008,Solar,Manufacturing,,0,0,0,,https://www.prnewswire.com/news-releases/global-and-china-solar-cell-conductive-paste-industry-report-2011-133793773.html,https://www.prnewswire.com/news-releases/global-and-china-solar-cell-conductive-paste-industry-report-2011-133793773.html,https://www.prnewswire.com/news-releases/global-and-china-solar-cell-conductive-paste-industry-report-2011-133793773.html,Investment value not publicly disclosed,,https://www.prnewswire.com/news-releases/global-and-china-solar-cell-conductive-paste-industry-report-2011-133793773.html,https://www.prnewswire.com/news-releases/global-and-china-solar-cell-conductive-paste-industry-report-2011-133793773.html,[UNVERIFIED] https://www.prnewswire.com/news-releases/global-and-china-solar-cell-conductive-paste-industry-report-2011-133793773.html,,Operational
Solar,FDI78089,Solland Solar Energy,Netherlands,Completed,Austria,Leoben (Styria),2010,2010,Solar,Manufacturing,,0,1,1,AT&S,https://www.ots.at/presseaussendung/OTS_20100120_OTS0009/solland-solar-und-ats-bauen-prototypen-produktionsanlage-fuer-photovoltaische-module-mit-sunwebr-back-contact-solarzellen,https://www.ots.at/presseaussendung/OTS_20100120_OTS0009/solland-solar-und-ats-bauen-prototypen-produktionsanlage-fuer-photovoltaische-module-mit-sunwebr-back-contact-solarzellen,https://www.ots.at/presseaussendung/OTS_20100120_OTS0009/solland-solar-und-ats-bauen-prototypen-produktionsanlage-fuer-photovoltaische-module-mit-sunwebr-back-contact-solarzellen,Investment value not publicly disclosed,https://www.ots.at/presseaussendung/OTS_20100120_OTS0009/solland-solar-und-ats-bauen-prototypen-produktionsanlage-fuer-photovoltaische-module-mit-sunwebr-back-contact-solarzellen,https://solarindustrymag.com/solland-solar-ats-to-build-sunweb-back-contact-cells (year only),https://solarindustrymag.com/solland-solar-ats-to-build-sunweb-back-contact-cells (year only),https://www.ots.at/presseaussendung/OTS_20100120_OTS0009/solland-solar-und-ats-bauen-prototypen-produktionsanlage-fuer-photovoltaische-module-mit-sunwebr-back-contact-solarzellen,https://www.ots.at/presseaussendung/OTS_20100120_OTS0009/solland-solar-und-ats-bauen-prototypen-produktionsanlage-fuer-photovoltaische-module-mit-sunwebr-back-contact-solarzellen,Ceased operations
Solar,FDI78787,Kyocera,Japan,Completed,United States,San Diego (California),2010,2010,Solar,Manufacturing,,0,0,0,,https://americas.kyocera.com/press-releases/press-releases_201503232444.htm,https://americas.kyocera.com/press-releases/press-releases_201503232489.htm,https://americas.kyocera.com/press-releases/press-releases_201503232489.htm,Investment value not publicly disclosed,https://www.sec.gov/Archives/edgar/data/57083/000119312517215553/d300460d20f.htm,https://americas.kyocera.com/press-releases/press-releases_201503232444.htm (year only),https://americas.kyocera.com/press-releases/press-releases_201503232489.htm (year only),https://americas.kyocera.com/press-releases/press-releases_201503232489.htm,,Operational
Solar,FDI82818,Ferro,United States,Completed,Singapore,Singapore,2010,2010,Solar,Research & Development,,0,0,0,,https://www.crainscleveland.com/article/20100609/FREE/100609824/ferro-corp-investing-in-photovoltaic-technology-operations-in-asia,https://www.prnewswire.com/news-releases/ferro-expands-photovoltaic-technology-center-capability-in-asia-95964579.html,https://www.prnewswire.com/news-releases/ferro-expands-photovoltaic-technology-center-capability-in-asia-95964579.html,Investment value not publicly disclosed,,https://www.prnewswire.com/news-releases/ferro-expands-photovoltaic-technology-center-capability-in-asia-95964579.html,https://www.prnewswire.com/news-releases/ferro-expands-photovoltaic-technology-center-capability-in-asia-95964579.html,https://www.prnewswire.com/news-releases/ferro-expands-photovoltaic-technology-center-capability-in-asia-95964579.html,,Operational
Solar,New_SolargeBV_NG1,Solarge BV,Netherlands,Announced,Nigeria,Nigeria (site TBD),2025,N/A,Solar,Manufacturing,,0,1,0,"REA, Infra Corp",https://www.pv-magazine.com/2025/09/19/nigeria-to-establish-1-gw-solar-panel-factory/,https://www.pv-magazine.com/2025/09/19/nigeria-to-establish-1-gw-solar-panel-factory/,https://www.pv-magazine.com/2025/09/19/nigeria-to-establish-1-gw-solar-panel-factory/,https://www.pv-magazine.com/2025/09/19/nigeria-to-establish-1-gw-solar-panel-factory/,https://www.pv-magazine.com/2025/09/19/nigeria-to-establish-1-gw-solar-panel-factory/,https://www.pv-magazine.com/2025/09/19/nigeria-to-establish-1-gw-solar-panel-factory/,https://www.pv-magazine.com/2025/09/19/nigeria-to-establish-1-gw-solar-panel-factory/,https://www.pv-magazine.com/2025/09/19/nigeria-to-establish-1-gw-solar-panel-factory/,https://www.pv-magazine.com/2025/09/19/nigeria-to-establish-1-gw-solar-panel-factory/,Announced only
Wind,New_EN_BR1,Enercon,Germany,Completed,Brazil,Fortaleza (Ceará),2013,2014,Wind,Manufacturing,6500,0,0,0,,https://www.bnamericas.com/en/news/Wobben_Windpower_to_Open_Ceara_Factory,https://www.bnamericas.com/en/news/Wobben_Windpower_to_Open_Ceara_Factory,https://www.bnamericas.com/en/news/Wobben_Windpower_to_Open_Ceara_Factory,Investment value not publicly disclosed,https://en.hespress.com/111534-morocco-to-host-africas-first-gigafactory-in-6-5bl-deal-with-chis-gotion.html,https://www.bnamericas.com/en/news/Wobben_Windpower_to_Open_Ceara_Factory (year only),https://www.bnamericas.com/en/news/Wobben_Windpower_to_Open_Ceara_Factory (year only),https://www.bnamericas.com/en/news/Wobben_Windpower_to_Open_Ceara_Factory,,Operational
Wind,New_CSWind_MY1,CS Wind Corporation (Choong San Corporation),South Korea,Completed,Malaysia,Kuantan (Pahang),2017,2017,Wind,Manufacturing,6000,0,0,0,,https://www.cswind.com/eng_m/?page=company%7Clocation%7Ccswind_my,https://www.cswind.com/eng_m/?page=company%7Clocation%7Ccswind_my,https://www.cswind.com/eng_m/?page=company%7Clocation%7Ccswind_my,Investment value not publicly disclosed,https://www.catl.com/en/news/6481.html,https://www.cswind.com/eng_m/?page=company%7Clocation%7Ccswind_my (year only),https://www.cswind.com/eng_m/?page=company%7Clocation%7Ccswind_my (year only),https://www.cswind.com/eng_m/?page=company%7Clocation%7Ccswind_my,,Operational
Wind,FDI52892,Alstom,France,Completed,Spain,Barcelona (Catalonia),2009,2009,Wind,Research & Development,5200,0,0,0,,https://technology4life.wordpress.com/2009/04/01/alstom-moves-wind-energy-hq-to-barcelona-and-mulls-growth-in-the-us-and-asia/,https://technology4life.wordpress.com/2009/04/01/alstom-moves-wind-energy-hq-to-barcelona-and-mulls-growth-in-the-us-and-asia/,https://technology4life.wordpress.com/2009/04/01/alstom-moves-wind-energy-hq-to-barcelona-and-mulls-growth-in-the-us-and-asia/,Investment value not publicly disclosed,https://www.automotivelogistics.media/battery-supply-chain/tatas-agratas-confirms-location-of-uk-gigafactory-for-anchor-client-jlr/45302.article,https://technology4life.wordpress.com/2009/04/01/alstom-moves-wind-energy-hq-to-barcelona-and-mulls-growth-in-the-us-and-asia/ (year only),https://technology4life.wordpress.com/2009/04/01/alstom-moves-wind-energy-hq-to-barcelona-and-mulls-growth-in-the-us-and-asia/ (year only),https://technology4life.wordpress.com/2009/04/01/alstom-moves-wind-energy-hq-to-barcelona-and-mulls-growth-in-the-us-and-asia/,,Operational
Wind,FDI19973,LM Wind Power (LM Glasfiber),Denmark,Completed,Canada,Gaspesie (Quebec),2003,2004,Wind,Manufacturing,4000,0,0,0,,https://www.magazinemci.com/articles/fabrication-deoliennes-plus-de-50-m-dinvestissement-en-gaspesie,https://www.magazinemci.com/articles/fabrication-deoliennes-plus-de-50-m-dinvestissement-en-gaspesie,https://www.magazinemci.com/articles/fabrication-deoliennes-plus-de-50-m-dinvestissement-en-gaspesie,Investment value not publicly disclosed,https://www.madeinalabama.com/2026/03/mercedes-to-invest-4-billion-in-alabama-plant/,[UNVERIFIED] fDi Markets (FT),[UNVERIFIED] fDi Markets (FT),https://www.magazinemci.com/articles/fabrication-deoliennes-plus-de-50-m-dinvestissement-en-gaspesie,,Operational
Wind,New_CSWind_VN1,CS Wind Corporation (Choong San Corporation),South Korea,Completed,Vietnam,Ba Ria-Vung Tau,2003,2003,Wind,Manufacturing,3200,0,0,0,,http://www.cswind.com/eng_m/?page=company%7Clocation%7Ccswind_vietnam,http://www.cswind.com/eng_m/?page=company%7Clocation%7Ccswind_vietnam,http://www.cswind.com/eng_m/?page=company%7Clocation%7Ccswind_vietnam,Investment value not publicly disclosed,https://www.stellantis.com/en/news/press-releases/2023/october/stellantis-samsung-sdi-announce-kokomo-indiana-as-site-for-second-us-starplus-energy-gigafactory,http://www.cswind.com/eng_m/?page=company%7Clocation%7Ccswind_vietnam (year only),http://www.cswind.com/eng_m/?page=company%7Clocation%7Ccswind_vietnam (year only),http://www.cswind.com/eng_m/?page=company%7Clocation%7Ccswind_vietnam,,Operational
Wind,FDI62477,Vestas Wind Systems,Denmark,Completed,Spain,Olvega (Soria),2008,2008,Wind,Manufacturing,2800,0,0,0,,https://w3.windfair.net/wind-energy/news/1634-vestas-establishes-nacelle-assembly-factory-in-spain,https://w3.windfair.net/wind-energy/news/1634-vestas-establishes-nacelle-assembly-factory-in-spain,https://w3.windfair.net/wind-energy/news/1634-vestas-establishes-nacelle-assembly-factory-in-spain,Investment value not publicly disclosed,https://www.business-standard.com/companies/news/jsw-green-mobility-gets-636-acre-land-for-maharashtra-manufacturing-plant-124101001239_1.html,https://w3.windfair.net/wind-energy/news/1634-vestas-establishes-nacelle-assembly-factory-in-spain (year only),[UNVERIFIED] fDi Markets (FT),[UNVERIFIED] https://w3.windfair.net/wind-energy/news/1634-vestas-establishes-nacelle-assembly-factory-in-spain,,Operational
Wind,FDI19580,ABB (Asea Brown Boveri),Switzerland,Completed,Estonia,Juri (Harju),2005,2005,Wind,Manufacturing,2500,0,0,0,,https://investinestonia.com/abb-estonia-makes-record-investment-in-local-production-facilities/,[UNVERIFIED] https://investinestonia.com/abb-estonia-makes-record-investment-in-local-production-facilities/,https://investinestonia.com/abb-estonia-makes-record-investment-in-local-production-facilities/,Investment value not publicly disclosed,https://www.detroitnews.com/story/business/autos/chrysler/2023/10/11/stellantis-samsung-sdi-second-kokomo-indiana-battery-plant/71139735007/,https://investinestonia.com/abb-estonia-makes-record-investment-in-local-production-facilities/ (year only),https://investinestonia.com/abb-estonia-makes-record-investment-in-local-production-facilities/ (year only),[UNVERIFIED] https://investinestonia.com/abb-estonia-makes-record-investment-in-local-production-facilities/,,Operational
Wind,New_MY_UK1,Mingyang,China,Announced,United Kingdom,Ardersier (Highland),2025,N/A,Wind,Manufacturing,2000,0,0,0,,https://en.myse.com.cn/news/info.aspx?itemid=2529,https://www.offshorewind.biz/2025/10/13/mingyang-plans-to-build-britains-first-fully-integrated-offshore-wind-manufacturing-facility/,https://www.offshorewind.biz/2025/10/13/mingyang-plans-to-build-britains-first-fully-integrated-offshore-wind-manufacturing-facility/,https://www.offshorewind.biz/2025/10/13/mingyang-plans-to-build-britains-first-fully-integrated-offshore-wind-manufacturing-facility/,,https://www.offshorewind.biz/2025/10/13/mingyang-plans-to-build-britains-first-fully-integrated-offshore-wind-manufacturing-facility/ (10/13/2025),https://www.siemensgamesa.com/global/en/home/press-releases/180517-pr-sgre-new-technology-centre-madrid.html,https://www.offshorewind.biz/2025/10/13/mingyang-plans-to-build-britains-first-fully-integrated-offshore-wind-manufacturing-facility/,,Announced only
Wind,New_SWEPG_OM1,Shanghai Electric Wind Power Group (SWEPG),China,Announced,Oman,Duqm (Al Wusta),2025,N/A,Wind,Manufacturing,2000,0,1,1,Mawarid Energy LLC (Oman),https://www.prnewswire.com/news-releases/shanghai-electric-forms-major-partnerships-with-masdar-and-mawarid-for-renewable-energy-projects-302434338.html,https://www.prnewswire.com/news-releases/shanghai-electric-forms-major-partnerships-with-masdar-and-mawarid-for-renewable-energy-projects-302434338.html,https://www.omanobserver.om/article/1176882/business/economy/design-firm-named-for-omans-first-wind-turbine-plant,Investment value not publicly disclosed,https://www.prnewswire.com/news-releases/shanghai-electric-forms-major-partnerships-with-masdar-and-mawarid-for-renewable-energy-projects-302434338.html,https://www.prnewswire.com/news-releases/shanghai-electric-forms-major-partnerships-with-masdar-and-mawarid-for-renewable-energy-projects-302434338.html (year only),https://media.ford.com/content/fordmedia/feu/en/news/2024/06/04/mass-production-of-new-all-electric-explorer-starts-at-fords-ev-.html,https://www.omanobserver.om/article/1176882/business/economy/design-firm-named-for-omans-first-wind-turbine-plant,https://www.prnewswire.com/news-releases/shanghai-electric-forms-major-partnerships-with-masdar-and-mawarid-for-renewable-energy-projects-302434338.html,Announced only
Wind,FDI97866,Siemens,Germany,Completed,Denmark,Aalborg (North Jutland),2011,2013,Wind,"Design, Development & Testing",1700,1,0,0,,https://eepower.com/news/siemens-expands-capacity-for-wind-turbines-in-denmark/,https://eepower.com/news/siemens-expands-capacity-for-wind-turbines-in-denmark/,https://eepower.com/news/siemens-expands-capacity-for-wind-turbines-in-denmark/,Investment value not publicly disclosed,https://www.paih.gov.pl/en/news/20211011-the_opening_ceremony_of_the_sk_hi_tech_battery_materials_factory/,[UNVERIFIED] fDi Markets (FT),[UNVERIFIED] fDi Markets (FT),[UNVERIFIED] https://eepower.com/news/siemens-expands-capacity-for-wind-turbines-in-denmark/,,Operational
Wind,FDI69651,Siemens,Germany,Completed,China,Lingang (Shanghai),2009,2010,Wind,Manufacturing,1700,0,0,0,,https://www.power-eng.com/2009/05/22/siemens-to-produce-wind-turbines-in-china/,https://www.windpowermonthly.com/article/1044458/siemens-opens-first-blade-manufacturing-plant-china,https://www.power-eng.com/2009/05/22/siemens-to-produce-wind-turbines-in-china/,https://www.power-eng.com/2009/05/22/siemens-to-produce-wind-turbines-in-china/,https://www.solarpowerworldonline.com/2026/05/aesc-sells-tennessee-lithium-battery-cell-manufacturing-plant-to-fixx-energy/,https://www.power-eng.com/2009/05/22/siemens-to-produce-wind-turbines-in-china/ (year only),https://www.windpowermonthly.com/article/1044458/siemens-opens-first-blade-manufacturing-plant-china (year only),https://www.power-eng.com/2009/05/22/siemens-to-produce-wind-turbines-in-china/,,Operational
Wind,New_SWEPG_KR1,Shanghai Electric Wind Power Group (SWEPG),China,Announced,South Korea,Changwon (South Gyeongsang),2025,N/A,Wind,Manufacturing,,0,1,1,Hyosung Heavy Industries (51%) / Shanghai Electric (49%),https://www.asiae.co.kr/en/article/2025042423162802025,https://www.asiae.co.kr/en/article/2025042423162802025,https://www.asiae.co.kr/en/article/2025042423162802025,Investment value not publicly disclosed,https://www.asiae.co.kr/en/article/2025042423162802025,https://www.asiae.co.kr/en/article/2025042423162802025 (year only),,https://www.asiae.co.kr/en/article/2025042423162802025,https://www.asiae.co.kr/en/article/2025042423162802025,Announced only
Wind,New_WD_UK1,Windey,China,Completed,United Kingdom,Bristol,2024,2024,Wind,Research & Development,1600,0,0,0,,https://www.bristolandbath.co.uk/case-studies/clean-tech-energy-study-windey/,https://www.bristolandbath.co.uk/case-studies/clean-tech-energy-study-windey/,https://www.bristolandbath.co.uk/case-studies/clean-tech-energy-study-windey/,Investment value not publicly disclosed,https://www.q-cells.co.uk/private-customers/about-us/locations-milestones,https://www.bristolandbath.co.uk/case-studies/clean-tech-energy-study-windey/ (year only),https://www.bristolandbath.co.uk/case-studies/clean-tech-energy-study-windey/ (year only),https://www.bristolandbath.co.uk/case-studies/clean-tech-energy-study-windey/,,Operational
Wind,FDI190287,Sany,China,Completed,Spain,Pamplona (Navarre),2019,2020,Wind,Research & Development,1600,0,0,0,,fDi Markets (FT),"https://www.sanyglobal.com/press_releases/634/#:~:text=A%20specialized%20test%20centre%20for,adaptation%20to%20the%20market%20changes.",fDi Markets (FT),Investment value not publicly disclosed,https://www.stellantis.com/en,fDi Markets (FT),"https://www.sanyglobal.com/press_releases/634/#:~:text=A%20specialized%20test%20centre%20for,adaptation%20to%20the%20market%20changes.","https://www.sanyglobal.com/press_releases/634/#:~:text=A%20specialized%20test%20centre%20for,adaptation%20to%20the%20market%20changes.",,Operational
Wind,FDI195241,Siemens,Germany,Completed,Russia,St Petersburg (Saint Petersburg),2018,2019,Wind,Manufacturing,1500,0,0,0,,https://www.windpowermonthly.com/article/1491971/sgre-build-turbines-russia,https://www.windpowermonthly.com/article/1491971/sgre-build-turbines-russia,https://www.windpowermonthly.com/article/1491971/sgre-build-turbines-russia,Investment value not publicly disclosed,https://www.windpowermonthly.com/article/1491971/sgre-build-turbines-russia,https://www.windpowermonthly.com/article/1491971/sgre-build-turbines-russia (year only),https://renewablemarketwatch.com/blog/siemens-gamesa-renewable-energy-sgre-to-assemble-wind-turbines-nacelles-in-russia/ (year only),https://www.windpowermonthly.com/article/1491971/sgre-build-turbines-russia,,Operational
Wind,FDI63754,Vestas Wind Systems,Denmark,Completed,Spain,Viveiro (Galicia),2008,2009,Wind,Manufacturing,1500,0,0,0,,https://www.renewable-energy-industry.com/news/world/article-456,https://www.renewable-energy-industry.com/news/world/article-456,https://www.renewable-energy-industry.com/news/world/article-456,https://www.europarl.europa.eu/doceo/document/E-9-2021-004373_EN.html,https://www.deccanchronicle.com/business/autos/skoda-volkswagen-to-invest-rs-15000-cr-in-chakan-factory-1822070,https://www.renewable-energy-industry.com/news/world/article-456 (year only),https://www.elespanol.com/invertia/empresas/energia/20240325/renace-fabrica-vestas-viveiro-lugo-producir-generadores-crear-hub-tecnologico-parques-eolicos/841916272_0.html (year only),https://www.renewable-energy-industry.com/news/world/article-456,,Operational
Wind,New_GW_SA1,Goldwind,China,Announced,Saudi Arabia,Yanbu Industrial City (Medina),2025,N/A,Wind,Manufacturing,1300,0,0,0,,https://www.saudigulfprojects.com/2025/11/chinas-goldwind-awarded-3gw-wind-turbine-supply-contract-in-saudi-arabia/,https://www.saudigulfprojects.com/2025/11/chinas-goldwind-awarded-3gw-wind-turbine-supply-contract-in-saudi-arabia/,https://www.saudigulfprojects.com/2025/11/chinas-goldwind-awarded-3gw-wind-turbine-supply-contract-in-saudi-arabia/,Investment value not publicly disclosed,https://www.volvocars.com/intl/media/press-releases/ED74D24FBD001BA9/,https://www.saudigulfprojects.com/2025/11/chinas-goldwind-awarded-3gw-wind-turbine-supply-contract-in-saudi-arabia/ (year only),https://www.the-big-green-machine.com/siteid/69,https://www.saudigulfprojects.com/2025/11/chinas-goldwind-awarded-3gw-wind-turbine-supply-contract-in-saudi-arabia/,,Announced only
Wind,FDI84790,Vestas Wind Systems,Denmark,Completed,United States,Louisville (Colorado),2010,2010,Wind,"Design, Development & Testing",1000,0,0,0,,https://www.areadevelopment.com/newsitems/7-8-2010/vestas-wind-turbine-louisville-colorado0708.shtml,https://www.areadevelopment.com/newsitems/7-8-2010/vestas-wind-turbine-louisville-colorado0708.shtml,https://www.areadevelopment.com/newsitems/7-8-2010/vestas-wind-turbine-louisville-colorado0708.shtml,https://www.areadevelopment.com/newsitems/7-8-2010/vestas-wind-turbine-louisville-colorado0708.shtml,,https://www.areadevelopment.com/newsitems/7-8-2010/vestas-wind-turbine-louisville-colorado0708.shtml (year only),https://www.areadevelopment.com/newsitems/7-8-2010/vestas-wind-turbine-louisville-colorado0708.shtml (year only),https://www.areadevelopment.com/newsitems/7-8-2010/vestas-wind-turbine-louisville-colorado0708.shtml,,Operational
Wind,New_POWERCH_VN1,PowerChina (Power Construction Corporation of China),China,Announced,Vietnam,Cà Ná (Ninh Thuận),2025,N/A,Wind,Manufacturing,1000,0,1,1,Trung Nam Group (Tập đoàn Trung Nam),https://www.vietnam.vn/en/tap-doan-trung-nam-hop-tac-cung-power-china-san-xuat-tru-canh-dien-gio-tai-ninh-thuan,https://www.vietnam.vn/en/tap-doan-trung-nam-hop-tac-cung-power-china-san-xuat-tru-canh-dien-gio-tai-ninh-thuan,https://www.vietnam.vn/en/tap-doan-trung-nam-hop-tac-cung-power-china-san-xuat-tru-canh-dien-gio-tai-ninh-thuan,Investment value not publicly disclosed,https://www.vietnam.vn/en/tap-doan-trung-nam-hop-tac-cung-power-china-san-xuat-tru-canh-dien-gio-tai-ninh-thuan,https://www.vietnam.vn/en/tap-doan-trung-nam-hop-tac-cung-power-china-san-xuat-tru-canh-dien-gio-tai-ninh-thuan (year only),https://vinfastauto.us/investor-relations/news/vinfast-officially-inaugurates-electric-vehicle-plant-in-subang-indonesia,https://www.vietnam.vn/en/tap-doan-trung-nam-hop-tac-cung-power-china-san-xuat-tru-canh-dien-gio-tai-ninh-thuan,https://www.vietnam.vn/en/tap-doan-trung-nam-hop-tac-cung-power-china-san-xuat-tru-canh-dien-gio-tai-ninh-thuan,Announced only
Wind,FDI89192,Suzlon Energy,India,Completed,United States,Elgin (Illinois),2010,2010,Wind,"Logistics, Distribution & Transportation",1000,0,1,1,Affinity Wind,https://www.sustainablebusiness.com/2011/10/suzlon-opens-state-of-the-art-wind-training-center-49757/,https://www.sustainablebusiness.com/2011/10/suzlon-opens-state-of-the-art-wind-training-center-49757/,https://www.sustainablebusiness.com/2011/10/suzlon-opens-state-of-the-art-wind-training-center-49757/,Investment value not publicly disclosed,[UNVERIFIED] fDi Markets (FT),https://www.sustainablebusiness.com/2011/10/suzlon-opens-state-of-the-art-wind-training-center-49757/ (year only),https://www.sustainablebusiness.com/2011/10/suzlon-opens-state-of-the-art-wind-training-center-49757/ (year only),https://www.sustainablebusiness.com/2011/10/suzlon-opens-state-of-the-art-wind-training-center-49757/,[UNVERIFIED] fDi Markets (FT),Operational
Wind,FDI56882,Siemens,Germany,Completed,United States,Boulder (Colorado),2008,2008,Wind,Research & Development,1000,0,0,0,,https://www.sustainablebusiness.com/2008/06/siemens-to-build-wind-research-center-in-boulder-co-42906/,https://www.sustainablebusiness.com/2008/06/siemens-to-build-wind-research-center-in-boulder-co-42906/,https://www.sustainablebusiness.com/2008/06/siemens-to-build-wind-research-center-in-boulder-co-42906/,Investment value not publicly disclosed,https://www.siemens.com/press/en/pressrelease/2008/renewable_energy/ere200806042.htm,https://www.sustainablebusiness.com/2008/06/siemens-to-build-wind-research-center-in-boulder-co-42906/ (year only),https://www.sustainablebusiness.com/2008/06/siemens-to-build-wind-research-center-in-boulder-co-42906/ (year only),https://www.sustainablebusiness.com/2008/06/siemens-to-build-wind-research-center-in-boulder-co-42906/,,Operational
Wind,FDI95074,LM Wind Power (LM Glasfiber),Denmark,Completed,United States,Grand Forks (North Dakota),1997,1998,Wind,Research & Development,1000,0,0,0,,https://www.grandforksherald.com/business/general-electric-to-buy-lm-wind-power,https://www.grandforksherald.com/business/general-electric-to-buy-lm-wind-power,https://www.grandforksherald.com/business/general-electric-to-buy-lm-wind-power,Investment value not publicly disclosed,https://www.sccommerce.com/news/bmw-investing-17-billion-expand-sc-manufacturing-capacity-and-footprint,https://www.grandforksherald.com/business/general-electric-to-buy-lm-wind-power (year only),https://www.grandforksherald.com/business/general-electric-to-buy-lm-wind-power (year only),[UNVERIFIED] https://www.grandforksherald.com/business/general-electric-to-buy-lm-wind-power,,Operational
Wind,FDI86233,Gamesa,Spain,Completed,Brazil,Camacari (Bahia),2011,2011,Wind,Manufacturing,770,0,0,0,,https://www.offshorewind.biz/2011/07/08/gamesa-opens-first-manufacturing-base-in-brazil/,https://www.offshorewind.biz/2011/07/08/gamesa-opens-first-manufacturing-base-in-brazil/,https://www.offshorewind.biz/2011/07/08/gamesa-opens-first-manufacturing-base-in-brazil/,Investment value not publicly disclosed,https://www.umicore.com/en/media/newsroom/umicore-outlines-its-european-production-roadmap-for-cathode-materials,https://www.offshorewind.biz/2011/07/08/gamesa-opens-first-manufacturing-base-in-brazil/ (year only),https://www.offshorewind.biz/2011/07/08/gamesa-opens-first-manufacturing-base-in-brazil/ (year only),https://www.offshorewind.biz/2011/07/08/gamesa-opens-first-manufacturing-base-in-brazil/,,Operational
Wind,FDI177607,Envision Energy,China,Completed,India,Pune (Maharashtra),2019,2019,Wind,Manufacturing,763.5,0,0,0,,https://www.envision-energy.in/about-us,https://www.envision-energy.in/about-us,https://www.envision-energy.in/about-us,https://energydigital.com/renewable-energy/envision-energy-wins-2000mw-india-wind-turbine-order,https://www.vw.com.mx,https://www.envision-energy.in/about-us (year only),https://www.envision-energy.in/about-us (year only),https://www.envision-energy.in/about-us,,Operational
Wind,FDI32982,Suzlon Energy,India,Completed,Denmark,Aarhus (Central Jutland),2006,2006,Wind,"Design, Development & Testing",700,0,0,0,,https://www.suzlon.com/in-en/suzlon-worldwide/europe,https://www.suzlon.com/in-en/suzlon-worldwide/europe,https://www.suzlon.com/in-en/suzlon-worldwide/europe,Investment value not publicly disclosed,https://www.manufacturingdive.com/news/bmw-breaks-ground-700m-battery-assembly-plant-woodruff-south-carolina/654156/,https://www.suzlon.com/in-en/suzlon-worldwide/europe (year only),https://www.suzlon.com/in-en/suzlon-worldwide/europe (year only),https://www.suzlon.com/in-en/suzlon-worldwide/europe,,Operational
Wind,FDI148696,Acciona,Spain,Completed,Mexico,Escobedo (Nuevo León),2015,2015,Wind,Manufacturing,650,0,0,0,,https://www.acciona-energia.com/updates/news/acciona-windpower-inaugurates-first-concrete-tower-production-plant-mexico,https://www.acciona-energia.com/updates/news/acciona-windpower-inaugurates-first-concrete-tower-production-plant-mexico,https://www.acciona-energia.com/updates/news/acciona-windpower-inaugurates-first-concrete-tower-production-plant-mexico,https://www.power-eng.com/renewables/wind-energy/acciona-windpower-opens-wind-tower-production-facility-in-mexico/,https://www.alstom.com/press-releases-news/2015/4/alstom-invests-13-million-in-its-facilities-in-north-west,https://www.windpowerengineering.com/acciona-windpower-inaugurates-first-concrete-tower-production-plant-in-mexico/ (year only),https://www.acciona-energia.com/updates/news/acciona-windpower-inaugurates-first-concrete-tower-production-plant-mexico (year only),https://www.acciona-energia.com/updates/news/acciona-windpower-inaugurates-first-concrete-tower-production-plant-mexico,,Operational
Wind,FDI79888,LM Wind Power (LM Glasfiber),Denmark,Completed,China,Jiangyin (Jiangsu),2008,2009,Wind,Manufacturing,650,0,0,0,,https://evwind.aeeolica.org/2010/03/04/lm-glasfiber-establishes-fourth-blade-manufacturing-facility-in-china/4464,https://evwind.aeeolica.org/2010/03/04/lm-glasfiber-establishes-fourth-blade-manufacturing-facility-in-china/4464,https://evwind.aeeolica.org/2010/03/04/lm-glasfiber-establishes-fourth-blade-manufacturing-facility-in-china/4464,Investment value not publicly disclosed,https://www.businesswire.com/news/home/20231026819379/en/Epsilon-Advanced-Materials-EAM-Announces-Investment-of-$650M-Manufacturing-Facility-in-North-Carolina-to-Strengthen-EV-Battery-Industry-in-the-United-States,https://evwind.aeeolica.org/2010/03/04/lm-glasfiber-establishes-fourth-blade-manufacturing-facility-in-china/4464 (year only),https://evwind.aeeolica.org/2010/03/04/lm-glasfiber-establishes-fourth-blade-manufacturing-facility-in-china/4464 (year only),https://evwind.aeeolica.org/2010/03/04/lm-glasfiber-establishes-fourth-blade-manufacturing-facility-in-china/4464,,Operational
Wind,FDI206985,CS Wind Corporation (Choong San Corporation),South Korea,Completed,Taiwan,Taichung,2018,2019,Wind,Manufacturing,600,0,1,1,"Chin Fong Machine Industrial Co., Ltd. (Taiwan)",https://www.offshorewind.biz/2019/06/12/cs-wind-orders-tower-production-lines-for-taiwan-facility/,https://www.offshorewind.biz/2019/06/12/cs-wind-orders-tower-production-lines-for-taiwan-facility/,https://www.cswind.com/eng_m/?page=company%7Clocation%7Ccswind_tw,Investment value not publicly disclosed,https://www.offshorewind.biz/2019/06/12/cs-wind-orders-tower-production-lines-for-taiwan-facility/,https://www.offshorewind.biz/2019/06/12/cs-wind-orders-tower-production-lines-for-taiwan-facility/ (year only),https://www.offshorewind.biz/2019/06/12/cs-wind-orders-tower-production-lines-for-taiwan-facility/ (year only),https://www.offshorewind.biz/2019/06/12/cs-wind-orders-tower-production-lines-for-taiwan-facility/,https://www.offshorewind.biz/2019/06/12/cs-wind-orders-tower-production-lines-for-taiwan-facility/,Operational
Wind,New_GW_VN1,Goldwind,China,Commenced,Vietnam,Bình Dương,2024,N/A,Wind,Manufacturing,564,0,0,0,,https://vietnamenergy.vn/goldwind-vietnam-solution-factory-is-officially-put-into-operation-29479.html,https://vietnamenergy.vn/goldwind-vietnam-solution-factory-is-officially-put-into-operation-29479.html,https://vietnamenergy.vn/goldwind-vietnam-solution-factory-is-officially-put-into-operation-29479.html,Investment value not publicly disclosed,https://news.panasonic.com/global/topics/2011/7775.html,https://vietnamenergy.vn/goldwind-vietnam-solution-factory-is-officially-put-into-operation-29479.html (year only),https://www.panasonic.com/my/corporate/news/articles/panasonic-reaches-full-scale-production-of-hit-1-solar-modules-in-malaysia.html (year only),https://vietnamenergy.vn/goldwind-vietnam-solution-factory-is-officially-put-into-operation-29479.html,,Under construction
Wind,FDI86877,Suzlon Energy,India,Completed,Germany,Rostock (Mecklenburg-Vorpommern),2010,2010,Wind,"Design, Development & Testing",523,0,0,0,,https://www.suzlon.com/press-release-detail/226/suzlon-inaugurates-new-technology-center-in-rostock-germany,https://www.suzlon.com/press-release-detail/226/suzlon-inaugurates-new-technology-center-in-rostock-germany,https://www.suzlon.com/press-release-detail/226/suzlon-inaugurates-new-technology-center-in-rostock-germany,Investment value not publicly disclosed,https://www.kedglobal.com/automobiles/newsView/ked202403190008,https://www.moneylife.in/article/suzlon-inaugurates-new-technology-centre-in-germany/8762.html (year only),https://www.suzlon.com/press-release-detail/226/suzlon-inaugurates-new-technology-center-in-rostock-germany (year only),https://www.suzlon.com/press-release-detail/226/suzlon-inaugurates-new-technology-center-in-rostock-germany,,Operational
Wind,FDI51638,Vestas Wind Systems,Denmark,Completed,United States,Houston (Texas),2008,2010,Wind,Research & Development,500,0,0,0,,https://w3.windfair.net/wind-energy/news/4708-vestas-establishes-research-centre-in-houston-texas,https://w3.windfair.net/wind-energy/news/4708-vestas-establishes-research-centre-in-houston-texas,https://w3.windfair.net/wind-energy/news/4708-vestas-establishes-research-centre-in-houston-texas,Investment value not publicly disclosed,https://apnews.com/article/india-vinfast-ev-auto-vietnam-be8f2fd5a2adf1b502089de4652585e5,https://w3.windfair.net/wind-energy/news/4708-vestas-establishes-research-centre-in-houston-texas (year only),https://w3.windfair.net/wind-energy/news/4708-vestas-establishes-research-centre-in-houston-texas (year only),https://w3.windfair.net/wind-energy/news/4708-vestas-establishes-research-centre-in-houston-texas,,Operational
Wind,FDI123036,Marmen,Canada,Completed,United States,Brandon (South Dakota),2013,2013,Wind,Manufacturing,450,0,0,0,,https://www.industryweek.com/expansion-management/article/21960366/canadian-wind-tower-manufacturer-launches-first-us-plant,https://www.industryweek.com/expansion-management/article/21960366/canadian-wind-tower-manufacturer-launches-first-us-plant,https://www.industryweek.com/expansion-management/article/21960366/canadian-wind-tower-manufacturer-launches-first-us-plant,https://www.industryweek.com/expansion-management/article/21960366/canadian-wind-tower-manufacturer-launches-first-us-plant,https://northafricapost.com/77322-chis-hailiang-shinzoom-to-join-moroccos-ev-battery-ecosystem.html,https://www.industryweek.com/expansion-management/article/21960366/canadian-wind-tower-manufacturer-launches-first-us-plant (year only),https://www.industryweek.com/expansion-management/article/21960366/canadian-wind-tower-manufacturer-launches-first-us-plant (year only),https://www.industryweek.com/expansion-management/article/21960366/canadian-wind-tower-manufacturer-launches-first-us-plant,,Operational
Wind,FDI188773,Nordex,Germany,Completed,Brazil,Lagoa do Barro do Piauí (Piauí),2017,2018,Wind,Manufacturing,416,0,0,0,,https://www.nordex-online.com/en/brazil/,https://renewablesnow.com/news/nordex-starts-production-at-tower-factory-in-brazils-piaui-608081/,https://renewablesnow.com/news/nordex-starts-production-at-tower-factory-in-brazils-piaui-608081/,https://www.power-technology.com/projects/lagoa-barro-wind-complex-piaui/,,fDi Markets (FT),https://renewablesnow.com/news/nordex-starts-production-at-tower-factory-in-brazils-piaui-608081/ (year only),https://renewablesnow.com/news/nordex-starts-production-at-tower-factory-in-brazils-piaui-608081/,,Operational
Wind,New_WD_BR1,Windey,China,Announced,Brazil,Rio Grande do Norte (state),2025,N/A,Wind,Manufacturing,400,0,0,0,,https://www.windpowermonthly.com/article/1917958/chinese-wind-turbine-giant-windey-plans-brazilian-factories,https://www.windpowermonthly.com/article/1917958/chinese-wind-turbine-giant-windey-plans-brazilian-factories,[UNVERIFIED] https://www.windpowermonthly.com/article/1917958/chinese-wind-turbine-giant-windey-plans-brazilian-factories,Investment value not publicly disclosed,https://cardinalnews.org/2024/07/11/volvo-awarded-208-million-to-upgrade-facilities-including-in-dublin/,https://www.windpowermonthly.com/article/1917958/chinese-wind-turbine-giant-windey-plans-brazilian-factories (year only),https://www.the-big-green-machine.com/siteid/616,https://www.windpowermonthly.com/article/1917958/chinese-wind-turbine-giant-windey-plans-brazilian-factories,,Announced only
Wind,FDI51637,Vestas Wind Systems,Denmark,Completed,Singapore,Singapore,2008,2008,Wind,Research & Development,390,0,0,0,,"https://news.cision.com/vestas-wind-systems-a-s/r/vestas-celebrates-opening-of-asia-r-d-centre-in-singapore-with-key-research-partnerships-underway,c2964729","https://news.cision.com/vestas-wind-systems-a-s/r/vestas-celebrates-opening-of-asia-r-d-centre-in-singapore-with-key-research-partnerships-underway,c2964729","https://news.cision.com/vestas-wind-systems-a-s/r/vestas-celebrates-opening-of-asia-r-d-centre-in-singapore-with-key-research-partnerships-underway,c2964729",https://www.windpowerengineering.com/sad-sign-of-the-times-vestas-closing-rd-facilities/,,"https://news.cision.com/vestas-wind-systems-a-s/r/vestas-celebrates-opening-of-asia-r-d-centre-in-singapore-with-key-research-partnerships-underway,c2964729 (year only)","https://news.cision.com/vestas-wind-systems-a-s/r/vestas-celebrates-opening-of-asia-r-d-centre-in-singapore-with-key-research-partnerships-underway,c2964729 (year only)","https://news.cision.com/vestas-wind-systems-a-s/r/vestas-celebrates-opening-of-asia-r-d-centre-in-singapore-with-key-research-partnerships-underway,c2964729",,Operational
Wind,New_CSWind_PT1,CS Wind Corporation (Choong San Corporation),South Korea,Completed,Portugal,Port of Aveiro (Aveiro),2023,2024,Wind,Manufacturing,315,0,0,0,,https://www.cswind.com/en/media_room/news/?v=1456&board=common&category=news,https://www.clbrief.com/south-koreas-cs-wind-to-build-new-eur-300-million-factory-in-portugal/,https://www.clbrief.com/south-koreas-cs-wind-to-build-new-eur-300-million-factory-in-portugal/,https://www.clbrief.com/south-koreas-cs-wind-to-build-new-eur-300-million-factory-in-portugal/,,https://www.clbrief.com/south-koreas-cs-wind-to-build-new-eur-300-million-factory-in-portugal/ (year only),https://www.cswind.com/en/media_room/news/?v=1456&board=common&category=news (year only),https://www.clbrief.com/south-koreas-cs-wind-to-build-new-eur-300-million-factory-in-portugal/,,Operational
Wind,New_SWEPG_DK1,Shanghai Electric Wind Power Group (SWEPG),China,Completed,Denmark,Copenhagen (Capital Region),2016,2017,Wind,Research & Development,300,0,0,0,,[UNVERIFIED] fDi Markets (FT),[UNVERIFIED] fDi Markets (FT),[UNVERIFIED] fDi Markets (FT),Investment value not publicly disclosed,https://secoautomotive.com/eng/,[UNVERIFIED] fDi Markets (FT),[UNVERIFIED] fDi Markets (FT),[UNVERIFIED] fDi Markets (FT),,Operational
Wind,New_GEV_DE1,GE Vernova (formerly GE Renewable Energy / GE Wind),United States,Completed,Germany,Salzbergen (Lower Saxony),2002,2002,Wind,Manufacturing,300,0,0,0,,https://www.ge.com/news/press-releases/ge-completes-enron-wind-acquisition-launches-ge-wind-energy,https://www.ge.com/news/press-releases/ge-completes-enron-wind-acquisition-launches-ge-wind-energy,https://www.ge.com/news/press-releases/ge-completes-enron-wind-acquisition-launches-ge-wind-energy,Investment value not publicly disclosed,https://governor.alabama.gov/newsroom/2022/10/governor-ivey-announces-hyundai-mobis-plans-ev-battery-module-plant-in-montgomery-creating-400-jobs/,https://www.ge.com/news/press-releases/ge-completes-enron-wind-acquisition-launches-ge-wind-energy (year only),https://www.ge.com/news/press-releases/ge-completes-enron-wind-acquisition-launches-ge-wind-energy (year only),https://www.ge.com/news/press-releases/ge-completes-enron-wind-acquisition-launches-ge-wind-energy,,Operational
Wind,FDI59502,Vestas Wind Systems,Denmark,Completed,United States,Brighton (Colorado),2008,2011,Wind,Manufacturing,290,0,0,0,,https://us.vestas.com/en-us/manufacturing,https://www.tradeandindustrydev.com/industry/manufacturing/vestas-wind-systems-windsor-brighton-pueblo-2363,https://www.tradeandindustrydev.com/industry/manufacturing/vestas-wind-systems-windsor-brighton-pueblo-2363,https://www.tradeandindustrydev.com/industry/manufacturing/vestas-wind-systems-windsor-brighton-pueblo-2363,,https://www.sustainablebusiness.com/2008/08/vestas-to-build-two-more-factories-in-colorado-43346/ (year only),https://www.tradeandindustrydev.com/industry/manufacturing/vestas-wind-systems-windsor-brighton-pueblo-2363 (year only),https://www.tradeandindustrydev.com/industry/manufacturing/vestas-wind-systems-windsor-brighton-pueblo-2363,,Operational
Wind,New_CSSCH_DK1,CSSC Haizhuang,China,Completed,Denmark,Copenhagen (Capital Region),2018,2019,Wind,Research & Development,,0,0,0,,https://www.corporate.energy/developers/CSSC_HAIZHUANG_WINDPOWER_CO_LTD,[UNVERIFIED] https://www.corporate.energy/developers/CSSC_HAIZHUANG_WINDPOWER_CO_LTD,[UNVERIFIED] https://www.corporate.energy/developers/CSSC_HAIZHUANG_WINDPOWER_CO_LTD,Investment value not publicly disclosed,https://www.corporate.energy/developers/CSSC_HAIZHUANG_WINDPOWER_CO_LTD,[UNVERIFIED] fDi Markets (FT),[UNVERIFIED] fDi Markets (FT),https://www.corporate.energy/developers/CSSC_HAIZHUANG_WINDPOWER_CO_LTD,,Operational
Wind,FDI86232,Gamesa,Spain,Completed,China,Tianjin,2010,2011,Wind,Manufacturing,273,1,0,0,,https://www.infolink-group.com/energy-article/Tianjin-becomes-major-wind-turbine-manufacturing-base-of-Siemens-Gamesa,https://www.infolink-group.com/energy-article/Tianjin-becomes-major-wind-turbine-manufacturing-base-of-Siemens-Gamesa,https://www.infolink-group.com/energy-article/Tianjin-becomes-major-wind-turbine-manufacturing-base-of-Siemens-Gamesa,Investment value not publicly disclosed,https://www.prnewswire.com/news-releases/ronbay-announces-its-global-development-strategy-to-implement-a-project-of-40-000-ton-per-annum-high-nickel-ternary-cathode-and-20-000-ton-per-annum-lithium-ferromanganese-phosphate-in-korea-301905033.html,https://www.infolink-group.com/energy-article/Tianjin-becomes-major-wind-turbine-manufacturing-base-of-Siemens-Gamesa (year only),https://www.infolink-group.com/energy-article/Tianjin-becomes-major-wind-turbine-manufacturing-base-of-Siemens-Gamesa (year only),https://www.infolink-group.com/energy-article/Tianjin-becomes-major-wind-turbine-manufacturing-base-of-Siemens-Gamesa,,Operational
Wind,FDI136709,Siemens,Germany,Completed,United Kingdom,Hull (East Riding of Yorkshire),2014,2016,Wind,Manufacturing,264,0,0,0,,https://www.gov.uk/government/news/siemens-to-build-major-offshore-wind-manufacturing-site-in-the-uk,https://humberfreeport.org/case-studies/case-study-siemens-gamesa/,https://humberfreeport.org/case-studies/case-study-siemens-gamesa/,[UNVERIFIED] https://humberfreeport.org/case-studies/case-study-siemens-gamesa/,https://www.prnewswire.com/news-releases/shanghai-electric-forms-major-partnerships-with-masdar-and-mawarid-for-renewable-energy-projects-302434338.html,https://www.gov.uk/government/news/siemens-to-build-major-offshore-wind-manufacturing-site-in-the-uk (year only),https://humberfreeport.org/case-studies/case-study-siemens-gamesa/ (year only),https://humberfreeport.org/case-studies/case-study-siemens-gamesa/,,Operational
Wind,FDI234893,Siemens Energy,Germany,Completed,United Kingdom,Hull (East Riding of Yorkshire),2021,2023,Wind,Manufacturing,257.69,1,0,0,,https://www.siemensgamesa.com/global/en/home/press-releases/210809-siemens-gamesa-double-blade-facility-offshore-hull-uk.html,https://www.siemensgamesa.com/global/en/home/press-releases/210809-siemens-gamesa-double-blade-facility-offshore-hull-uk.html,https://www.siemensgamesa.com/global/en/home/press-releases/210809-siemens-gamesa-double-blade-facility-offshore-hull-uk.html,https://www.siemensgamesa.com/global/en/home/press-releases/210809-siemens-gamesa-double-blade-facility-offshore-hull-uk.html,https://www.windpowermonthly.com/article/1491971/sgre-build-turbines-russia,https://www.siemensgamesa.com/global/en/home/press-releases/210809-siemens-gamesa-double-blade-facility-offshore-hull-uk.html (08/09/2021),https://www.siemensgamesa.com/global/en/home/press-releases/210809-siemens-gamesa-double-blade-facility-offshore-hull-uk.html (year only),https://www.siemensgamesa.com/global/en/home/press-releases/210809-siemens-gamesa-double-blade-facility-offshore-hull-uk.html,,Operational
Wind,HARW014,Dongfang Electric,China,Announced,Turkey,Turkey (site TBD),2025,N/A,Wind,Manufacturing,250,0,0,0,,https://www.dongfang.com.cn/,https://www.reuters.com/business/energy/turkey-mulls-250-mln-plan-by-chinas-dongfang-build-2gw-wind-turbine-facility-2025-09-30/,https://www.reuters.com/business/energy/turkey-mulls-250-mln-plan-by-chinas-dongfang-build-2gw-wind-turbine-facility-2025-09-30/,https://www.reuters.com/business/energy/turkey-mulls-250-mln-plan-by-chinas-dongfang-build-2gw-wind-turbine-facility-2025-09-30/,,https://www.reuters.com/business/energy/turkey-mulls-250-mln-plan-by-chinas-dongfang-build-2gw-wind-turbine-facility-2025-09-30/,,https://www.reuters.com/business/energy/turkey-mulls-250-mln-plan-by-chinas-dongfang-build-2gw-wind-turbine-facility-2025-09-30/,,Announced only
Wind,New_DE_TR1,Dongfang Electric Corporation,China,Announced,Turkey,Not yet confirmed (discussions in Ankara),2025,N/A,Wind,Manufacturing,250,0,0,0,,https://www.agbi.com/manufacturing/2025/10/chinas-dongfang-to-build-wind-turbine-factory-in-turkey/,https://www.agbi.com/manufacturing/2025/10/chinas-dongfang-to-build-wind-turbine-factory-in-turkey/,[UNVERIFIED] https://www.aa.com.tr/en/energy/finance/chinas-dongfang-plans-250m-wind-turbine-plant-in-turkiye/52002,https://www.aa.com.tr/en/energy/finance/chinas-dongfang-plans-250m-wind-turbine-plant-in-turkiye/52002,,https://www.aa.com.tr/en/energy/finance/chinas-dongfang-plans-250m-wind-turbine-plant-in-turkiye/52002 (year only),https://www.rechargenews.com/wind/gamesa-opens-wind-blade-plant-in-andhra-pradesh-india/1-1-1212673,https://www.agbi.com/manufacturing/2025/10/chinas-dongfang-to-build-wind-turbine-factory-in-turkey/,,Announced only
Wind,FDI115115,Harbin Electric,China,Completed,Turkey,Cerkezkoy (Tekirdağ),2012,2014,Wind,Manufacturing,250,0,1,1,Hattat Holding,https://www.invest.gov.tr/en/news/news-from-turkey/pages/270912-harbin-electric-investing-in-turkey.aspx,[UNVERIFIED] https://www.invest.gov.tr/en/news/news-from-turkey/pages/270912-harbin-electric-investing-in-turkey.aspx,https://www.invest.gov.tr/en/news/news-from-turkey/pages/270912-harbin-electric-investing-in-turkey.aspx,https://www.invest.gov.tr/en/news/news-from-turkey/pages/270912-harbin-electric-investing-in-turkey.aspx,https://www.invest.gov.tr/en/news/news-from-turkey/pages/270912-harbin-electric-investing-in-turkey.aspx,https://www.invest.gov.tr/en/news/news-from-turkey/pages/270912-harbin-electric-investing-in-turkey.aspx (09/27/2012),https://www.invest.gov.tr/en/news/news-from-turkey/pages/270912-harbin-electric-investing-in-turkey.aspx,https://www.invest.gov.tr/en/news/news-from-turkey/pages/270912-harbin-electric-investing-in-turkey.aspx,https://www.invest.gov.tr/en/news/news-from-turkey/pages/270912-harbin-electric-investing-in-turkey.aspx,Operational
Wind,HARW003,Aeolon,China,Completed,Morocco,Nador (Oriental),2023,2025,Wind,Manufacturing,240,0,0,0,,https://aeolon.com.cn/en/,https://mp.weixin.qq.com/s/IrG4_nIxJLr1WZ8WlkVVcQ,https://aeolon.com.cn/en/article-36635-111250.html,https://aeolon.com.cn/en/article-36635-111250.html,,https://aeolon.com.cn/en/article-36635-111250.html,https://mp.weixin.qq.com/s/IrG4_nIxJLr1WZ8WlkVVcQ,https://aeolon.com.cn/en/article-36635-111250.html,,Operational
Wind,FDI55412,Vestas Wind Systems,Denmark,Completed,United States,Pueblo (Colorado),2008,2010,Wind,Manufacturing,240,0,0,0,,https://us.vestas.com/en-us/manufacturing,https://www.sustainablebusiness.com/2010/10/vestas-opens-world39s-largest-wind-tower-factory-in-colorado-47940/,https://www.doi.gov/news/pressreleases/Salazar-Celebrates-Grand-Opening-of-Worlds-Largest-Wind-Tower-Factory,https://choosecolorado.com/success-stories/vestas/,,https://www.sustainablebusiness.com/2008/08/vestas-to-build-two-more-factories-in-colorado-43346/ (year only),https://www.doi.gov/news/pressreleases/Salazar-Celebrates-Grand-Opening-of-Worlds-Largest-Wind-Tower-Factory (year only),https://www.doi.gov/news/pressreleases/Salazar-Celebrates-Grand-Opening-of-Worlds-Largest-Wind-Tower-Factory,,Operational
Wind,New_TPIComposites_MX2,TPI Composites,United States,Operational,Mexico,Juarez (Chihuahua),2024,2025,Wind,Manufacturing,252.5,0,0,0,,https://tpicomposites.com/about/global-footprint-manufacturing-operations/,https://tpicomposites.com/about/global-footprint-manufacturing-operations/,https://w3.windfair.net/wind-energy/news/21020-mexico-tpi-launches-second-mexico-wind-blade-plant-and-expands-its-agreement-with-gamesa,Investment value not publicly disclosed,https://w3.windfair.net/wind-energy/news/21020-mexico-tpi-launches-second-mexico-wind-blade-plant-and-expands-its-agreement-with-gamesa,https://www.stellantis.com/en/news/press-releases/2024/september/stellantis-invests-more-than-406-million-dollars-in-three-michigan-facilities-to-execute-multi-energy-strategy,https://www.diehlofgrovecity.com/stellantis-invests-in-michigan-for-ev-production/,https://tpicomposites.com/about/global-footprint-manufacturing-operations/,,Operational
Wind,FDI149642,Siemens,Germany,Completed,Egypt,Ain Sokhna (Suez),2015,2017,Wind,Manufacturing,220,0,0,0,,https://www.windpowermonthly.com/article/1350015/siemens-secures-2gw-turbine-deal-egypt,https://www.dailynewsegypt.com/2016/05/09/siemens-energy-sector-achieved-sales-e17bn-2015/,https://www.windpowermonthly.com/article/1350015/siemens-secures-2gw-turbine-deal-egypt,Investment value not publicly disclosed,https://ceenergynews.com/transport/chinese-manufacturer-semcorp-sets-up-a-plant-in-hungary-to-serve-europes-future-automotive-industry/,https://www.windpowermonthly.com/article/1350015/siemens-secures-2gw-turbine-deal-egypt (year only),https://www.rechargenews.com/wind/gamesa-opens-wind-blade-plant-in-andhra-pradesh-india/1-1-1212673,https://www.windpowermonthly.com/article/1350015/siemens-secures-2gw-turbine-deal-egypt,,Operational
Wind,FDI174059,Lagerwey,Netherlands,Completed,Russia,Volgodonsk (Rostov Oblast),2019,2020,Wind,Manufacturing,214,0,1,1,NovaWind JSC (Rosatom subsidiary),https://www.windtech-international.com/company-news/lagerwey-and-novawind-launch-joint-venture-red-wind,[UNVERIFIED] https://www.windtech-international.com/company-news/lagerwey-and-novawind-launch-joint-venture-red-wind,[UNVERIFIED] https://www.windtech-international.com/company-news/lagerwey-and-novawind-launch-joint-venture-red-wind,[UNVERIFIED] https://rosatom-centraleurope.com/press-centre/news/novawind-jsc-will-invest-955-million-rubles-in-the-construction-of-a-wind-turbine-manufacturing-plan/,https://www.windtech-international.com/company-news/lagerwey-and-novawind-launch-joint-venture-red-wind,https://www.windtech-international.com/company-news/lagerwey-and-novawind-launch-joint-venture-red-wind (year only),https://www.nsenergybusiness.com/projects/adygea-wind-farm/?cf-view,https://www.windtech-international.com/company-news/lagerwey-and-novawind-launch-joint-venture-red-wind,https://www.windtech-international.com/company-news/lagerwey-and-novawind-launch-joint-venture-red-wind,Operational
Wind,FDI51483,Siemens,Germany,Completed,Denmark,Olgod (Southern Denmark),2007,2008,Wind,Manufacturing,205,0,0,0,,https://eepower.com/news/siemens-expands-capacity-for-wind-turbines-in-denmark/,https://eepower.com/news/siemens-expands-capacity-for-wind-turbines-in-denmark/,https://eepower.com/news/siemens-expands-capacity-for-wind-turbines-in-denmark/,Investment value not publicly disclosed,https://www.the-big-green-machine.com/siteid/85,[UNVERIFIED] fDi Markets (FT),https://eepower.com/news/siemens-expands-capacity-for-wind-turbines-in-denmark/ (year only),https://eepower.com/news/siemens-expands-capacity-for-wind-turbines-in-denmark/,,Operational
Wind,New_CSWind_VN2,CS Wind Corporation (Choong San Corporation),South Korea,Announced,Vietnam,Long An,2024,N/A,Wind,Manufacturing,200,0,1,1,Dong Tam Group,https://www.cswind.com/en/media_room/news/?v=1456&board=common&category=news,https://www.offshorewind.biz/2024/09/11/cs-wind-to-pour-usd-200-million-into-new-factory-in-vietnam/,https://www.offshorewind.biz/2024/09/11/cs-wind-to-pour-usd-200-million-into-new-factory-in-vietnam/,https://vir.com.vn/dong-tam-group-and-cs-wind-corporation-to-build-200-million-wind-power-equipment-factory-114261.html,https://dongtam.com.vn/en/dongtam-group-vietnam-signed-an-agreement-with-cs-wind-corporation-south-korea/,https://www.offshorewind.biz/2024/09/11/cs-wind-to-pour-usd-200-million-into-new-factory-in-vietnam/ (09/10/2024),https://www.evwind.es/2019/11/13/wind-energy-vestas-opens-factory-with-624-wind-turbines-already-ordered-in-ceara/71796 (year only),https://www.offshorewind.biz/2024/09/11/cs-wind-to-pour-usd-200-million-into-new-factory-in-vietnam/,https://dongtam.com.vn/en/dongtam-group-vietnam-signed-an-agreement-with-cs-wind-corporation-south-korea/,Announced only
Wind,FDI79057,Siemens,Germany,Completed,Brazil,Camaçari (Bahia),2019,2020,Wind,Manufacturing,200,0,0,0,,https://renewablesnow.com/news/to-the-point-siemens-gamesa-expands-turbine-factory-in-brazil-665670/,https://renewablesnow.com/news/to-the-point-siemens-gamesa-expands-turbine-factory-in-brazil-665670/,https://renewablesnow.com/news/to-the-point-siemens-gamesa-expands-turbine-factory-in-brazil-665670/,Investment value not publicly disclosed,https://www.stellantis.com/en,https://renewablesnow.com/news/to-the-point-siemens-gamesa-expands-turbine-factory-in-brazil-665670/ (year only),https://renewablesnow.com/news/to-the-point-siemens-gamesa-expands-turbine-factory-in-brazil-665670/ (year only),https://renewablesnow.com/news/to-the-point-siemens-gamesa-expands-turbine-factory-in-brazil-665670/,,Operational
Wind,FDI46377,Alstom,France,Completed,Mexico,Morelia (Michoacán),2010,2012,Wind,Manufacturing,200,0,0,0,,[UNVERIFIED] fDi Markets (FT),[UNVERIFIED] fDi Markets (FT),[UNVERIFIED] fDi Markets (FT),Investment value not publicly disclosed,https://www.belganewsagency.eu/umicore-targets-global-battery-leadership-with-south-korean-joint-venture,[UNVERIFIED] fDi Markets (FT),[UNVERIFIED] fDi Markets (FT),[UNVERIFIED] fDi Markets (FT),,Operational
Wind,FDI198865,Nordex,Germany,Completed,Argentina,Cordoba (Córdoba),2018,2019,Wind,Manufacturing,198,0,1,1,Fábrica Argentina de Aviones,https://renewablesnow.com/news/nordex-inaugurates-wind-turbine-factory-in-argentina-656991/,https://renewablesnow.com/news/nordex-inaugurates-wind-turbine-factory-in-argentina-656991/,https://renewablesnow.com/news/nordex-inaugurates-wind-turbine-factory-in-argentina-656991/,Investment value not publicly disclosed,https://evwind.aeeolica.org/2018/12/20/nordex-collaborates-with-fabrica-argentina-de-aviones-to-set-up-local-wind-energy-manufacturing-capacity-in-argentina/65579,https://evwind.aeeolica.org/2018/12/20/nordex-collaborates-with-fabrica-argentina-de-aviones-to-set-up-local-wind-energy-manufacturing-capacity-in-argentina/65579 (year only),https://renewablesnow.com/news/nordex-inaugurates-wind-turbine-factory-in-argentina-656991/ (year only),https://renewablesnow.com/news/nordex-inaugurates-wind-turbine-factory-in-argentina-656991/,https://evwind.aeeolica.org/2018/12/20/nordex-collaborates-with-fabrica-argentina-de-aviones-to-set-up-local-wind-energy-manufacturing-capacity-in-argentina/65579,Operational
Wind,FDI145213,Vestas Wind Systems,Denmark,Completed,United Kingdom,Newport (Isle of Wight),2014,2015,Wind,Manufacturing,184.8,0,0,0,,https://www.vestas.com/en/about/our-locations/production,https://www.vestas.com/en/media/company-news/2024/vestas-to-repurpose-isle-of-wight-factory--uk--to-manuf-c4080778,https://www.vestas.com/en/media/company-news/2024/vestas-to-repurpose-isle-of-wight-factory--uk--to-manuf-c4080778,Investment value not publicly disclosed,,https://find-and-update.company-information.service.gov.uk/company/09170456 (year only),https://www.offshorewind.biz/2022/03/25/vestas-to-produce-v174-wind-turbine-blades-on-isle-of-wight/ (year only),https://www.vestas.com/en/about/our-locations/production,,Operational
Wind,FDI97865,Siemens,Germany,Completed,Denmark,Brande (Central Jutland),2011,2013,Wind,"Design, Development & Testing",150,1,0,0,,https://eepower.com/news/siemens-expands-capacity-for-wind-turbines-in-denmark/,https://eepower.com/news/siemens-expands-capacity-for-wind-turbines-in-denmark/,https://eepower.com/news/siemens-expands-capacity-for-wind-turbines-in-denmark/,https://www.offshorewind.biz/2011/06/15/siemens-invests-eur-150-million-in-expansion-of-wind-business-denmark/,,[UNVERIFIED] fDi Markets (FT),[UNVERIFIED] fDi Markets (FT),[UNVERIFIED] https://eepower.com/news/siemens-expands-capacity-for-wind-turbines-in-denmark/,,Operational
Wind,FDI44082,LM Wind Power (LM Glasfiber),Denmark,Completed,United States,Little Rock (Arkansas),2007,2008,Wind,Manufacturing,150,0,0,0,,https://littlerock.gov/lm-glasfiber-announces-new-blade-plant-in-little-rock/,https://littlerock.gov/lm-glasfiber-announces-new-blade-plant-in-little-rock/,https://littlerock.gov/lm-glasfiber-announces-new-blade-plant-in-little-rock/,https://littlerock.gov/lm-glasfiber-announces-new-blade-plant-in-little-rock/,,https://littlerock.gov/lm-glasfiber-announces-new-blade-plant-in-little-rock/ (year only),https://www.arkansasbusiness.com/article/95049/lm-wind-power-plant-in-little-rock-to-employ-400-by-years-end (year only),https://littlerock.gov/lm-glasfiber-announces-new-blade-plant-in-little-rock/,,Operational
Wind,FDI199009,Siemens,Germany,Completed,India,Bangalore (Karnataka),2018,2018,Wind,Research & Development,140,0,0,0,,https://www.prnewswire.com/in/news-releases/siemens-gamesa-s-engineering-centre-in-india-grows-to-become-one-of-its-largest-hubs-for-wind-energy-technology-in-the-world-811481788.html,https://www.offshorewind.biz/2018/12/05/siemens-gamesa-opens-rd-centre-in-india/,https://www.offshorewind.biz/2018/12/05/siemens-gamesa-opens-rd-centre-in-india/,Investment value not publicly disclosed,https://amg-nv.com/wp-content/uploads/CMD-AMG-Lithium-Presentations.pdf,https://www.offshorewind.biz/2018/12/05/siemens-gamesa-opens-rd-centre-in-india/ (12/05/2018),https://www.offshorewind.biz/2018/12/05/siemens-gamesa-opens-rd-centre-in-india/ (12/05/2018),https://www.offshorewind.biz/2018/12/05/siemens-gamesa-opens-rd-centre-in-india/,,Operational
Wind,FDI104165,Siemens,Germany,Completed,United States,Wichita (Kansas),2011,2011,Wind,"Logistics, Distribution & Transportation",135,0,0,0,,https://www.prnewswire.com/news-releases/siemens-opens-us-wind-power-distribution-center-in-wichita-kansas-133147828.html,https://www.prnewswire.com/news-releases/siemens-opens-us-wind-power-distribution-center-in-wichita-kansas-133147828.html,https://www.prnewswire.com/news-releases/siemens-opens-us-wind-power-distribution-center-in-wichita-kansas-133147828.html,Investment value not publicly disclosed,https://sloveniatimes.com/42397/revoz-could-assemble-nissan-ev-along-with-electric-twingo,https://www.prnewswire.com/news-releases/siemens-opens-us-wind-power-distribution-center-in-wichita-kansas-133147828.html (year only),https://www.prnewswire.com/news-releases/siemens-opens-us-wind-power-distribution-center-in-wichita-kansas-133147828.html (year only),https://www.prnewswire.com/news-releases/siemens-opens-us-wind-power-distribution-center-in-wichita-kansas-133147828.html,,Operational
Wind,FDI174074,LM Wind Power (LM Glasfiber),Denmark,Completed,France,Cherbourg-Octeville (Normandy),2018,2019,Wind,Manufacturing,130,0,0,0,,https://www.lmwindpower.com/en/stories-and-press/stories/news-from-lm-places/lm-wind-power-announces-new-offshore-wind-turbine-blade-factory-in-cherbourg,https://www.offshorewind.biz/2018/06/28/lm-wind-power-brings-new-jobs-with-cherbourg-plant-opening/,https://www.lmwindpower.com/en/stories-and-press/stories/news-from-lm-places/lm-wind-power-announces-new-offshore-wind-turbine-blade-factory-in-cherbourg,https://www.offshorewind.biz/2019/11/07/ge-officially-inaugurates-cherbourg-blade-factory/,,https://www.lmwindpower.com/en/stories-and-press/stories/news-from-lm-places/lm-wind-power-announces-new-offshore-wind-turbine-blade-factory-in-cherbourg (year only),https://www.offshorewind.biz/2018/06/28/lm-wind-power-brings-new-jobs-with-cherbourg-plant-opening/ (year only),https://www.lmwindpower.com/en/stories-and-press/stories/news-from-lm-places/lm-wind-power-announces-new-offshore-wind-turbine-blade-factory-in-cherbourg,,Operational
Wind,FDI159248,Siemens,Germany,Completed,Morocco,Tanger (Tanger-Tétouan-Al Hoceïma),2015,2017,Wind,Manufacturing,116.5,0,0,0,,https://www.siemensgamesa.com/global/en/home/press-releases/siemens-gamesa-inaugurates-the-first-blade-plant-in-africa-and-the-middle-east.html,https://www.siemensgamesa.com/global/en/home/press-releases/siemens-gamesa-inaugurates-the-first-blade-plant-in-africa-and-the-middle-east.html,https://www.siemensgamesa.com/global/en/home/press-releases/siemens-gamesa-inaugurates-the-first-blade-plant-in-africa-and-the-middle-east.html,https://www.mcinet.gov.ma/en/content/siemens-gamesa-opened-first-plant-manufacturing-wind-turbine-blades-africa-and-middle-east,https://www.vietnam.vn/en/tap-doan-trung-nam-hop-tac-cung-power-china-san-xuat-tru-canh-dien-gio-tai-ninh-thuan,https://www.windpowermonthly.com/article/1386863/siemens-open-moroccan-blade-plant (year only),https://www.siemensgamesa.com/global/en/home/press-releases/siemens-gamesa-inaugurates-the-first-blade-plant-in-africa-and-the-middle-east.html (year only),https://www.siemensgamesa.com/global/en/home/press-releases/siemens-gamesa-inaugurates-the-first-blade-plant-in-africa-and-the-middle-east.html,,Operational
Wind,HARW013,SANY RE,China,Completed,Kazakhstan,Jambyl (Silk Road SEZ),2024,2025,Wind,Manufacturing,114,0,1,1,Samruk-Kazyna state fund,https://www.sanyglobal.com/,https://qazinform.com/news/kazakh-president-inaugurates-plant-for-production-of-components-for-wind-power-plants-in-zhambyl-region-94b9ec,https://www.sanyglobal.com/press_releases/4184/,https://interfax.com/newsroom/top-stories/108177/,,https://mp.weixin.qq.com/s/it9VQtymhoHbxeC0EhpZoQ,https://qazinform.com/news/kazakh-president-inaugurates-plant-for-production-of-components-for-wind-power-plants-in-zhambyl-region-94b9ec,https://interfax.com/newsroom/top-stories/108177/,https://www.sanyglobal.com/,Operational
Wind,FDI145003,Gamesa,Spain,Completed,India,Mamandur (Tamil Nadu),2014,2015,Wind,Manufacturing,100,0,0,0,,https://www.business-standard.com/content/b2b-manufacturing-industry/gamesa-expands-nacelle-facility-for-wind-turbines-in-chennai-114112700247_1.html,https://www.business-standard.com/content/b2b-manufacturing-industry/gamesa-expands-nacelle-facility-for-wind-turbines-in-chennai-114112700247_1.html,https://www.business-standard.com/content/b2b-manufacturing-industry/gamesa-expands-nacelle-facility-for-wind-turbines-in-chennai-114112700247_1.html,https://www.business-standard.com/content/b2b-manufacturing-industry/gamesa-expands-nacelle-facility-for-wind-turbines-in-chennai-114112700247_1.html,,https://www.business-standard.com/content/b2b-manufacturing-industry/gamesa-expands-nacelle-facility-for-wind-turbines-in-chennai-114112700247_1.html (year only),https://www.business-standard.com/content/b2b-manufacturing-industry/gamesa-expands-nacelle-facility-for-wind-turbines-in-chennai-114112700247_1.html,https://www.business-standard.com/content/b2b-manufacturing-industry/gamesa-expands-nacelle-facility-for-wind-turbines-in-chennai-114112700247_1.html,,Operational
Wind,FDI186173,Siemens,Germany,Completed,Turkey,Gebze (Kocaeli),2018,2019,Wind,Manufacturing,100,0,0,0,,https://www.siemensgamesa.com/global/en/home/press-releases/siemens-gamesa-to-supply-118-mw-in-turkey-marking-the-debut-order-in-europe.html,https://renewablesnow.com/news/siemens-gamesa-to-soon-start-nacelle-production-in-turkish-factory-675717/,https://renewablesnow.com/news/siemens-gamesa-to-soon-start-nacelle-production-in-turkish-factory-675717/,https://renewablesnow.com/news/siemens-gamesa-to-soon-start-nacelle-production-in-turkish-factory-675717/,,https://www.siemensgamesa.com/global/en/home/press-releases/siemens-gamesa-to-supply-118-mw-in-turkey-marking-the-debut-order-in-europe.html (year only),https://renewablesnow.com/news/siemens-gamesa-to-soon-start-nacelle-production-in-turkish-factory-675717/ (year only),https://renewablesnow.com/news/siemens-gamesa-to-soon-start-nacelle-production-in-turkish-factory-675717/,,Operational
Wind,FDI93519,Gamesa,Spain,Completed,India,Vadodara (Gujarat),2012,2013,Wind,Manufacturing,100,0,0,0,,https://www.rechargenews.com/wind/841163/gamesa-starts-producing-wind-blades-at-new-indian-plant,https://www.rechargenews.com/wind/841163/gamesa-starts-producing-wind-blades-at-new-indian-plant,https://www.rechargenews.com/wind/841163/gamesa-starts-producing-wind-blades-at-new-indian-plant,https://www.rechargenews.com/wind/841163/gamesa-starts-producing-wind-blades-at-new-indian-plant,https://www.korea-certification.com/en/korean-companies-venture-into-wind-energy-market/,https://www.jeccomposites.com/news/spotted-by-jec/gamesa-expands-its-manufacturing-base-in-india-by-opening-its-first-blade-factory/?news_type=business&end_use_application=renewable-energy,https://www.rechargenews.com/wind/841163/gamesa-starts-producing-wind-blades-at-new-indian-plant (year only),https://www.rechargenews.com/wind/841163/gamesa-starts-producing-wind-blades-at-new-indian-plant,,Operational
Wind,FDI56613,Nordex,Germany,Completed,United States,Jonesboro (Arkansas),2008,2009,Wind,Manufacturing,100,0,0,0,,https://www.nsenergybusiness.com/news/newsnordex_usa_to_start_construction_of_wind_turbine_blade_manufacturing_plant_in_arkansas_us_090720/,https://www.arkansasbusiness.com/article/nordex-wind-turbine-plant-to-stop-production-in-jonesboro/,https://www.nsenergybusiness.com/news/newsnordex_usa_to_start_construction_of_wind_turbine_blade_manufacturing_plant_in_arkansas_us_090720/,https://www.nsenergybusiness.com/news/newsnordex_usa_to_start_construction_of_wind_turbine_blade_manufacturing_plant_in_arkansas_us_090720/,,https://www.nsenergybusiness.com/news/newsnordex_usa_to_start_construction_of_wind_turbine_blade_manufacturing_plant_in_arkansas_us_090720/ (year only),[UNVERIFIED] fDi Markets (FT),https://www.nsenergybusiness.com/news/newsnordex_usa_to_start_construction_of_wind_turbine_blade_manufacturing_plant_in_arkansas_us_090720/,,Ceased operations
Wind,FDI156298,Gamesa,Spain,Completed,France,Le Havre (Normandy),2020,2022,Wind,Manufacturing,100,0,0,0,,https://www.siemensgamesa.com/global/en/home/press-releases/220330-siemens-gamesa-press-release-le-havre-start-of-production.html,https://www.siemensgamesa.com/global/en/home/press-releases/220330-siemens-gamesa-press-release-le-havre-start-of-production.html,https://www.siemensgamesa.com/global/en/home/press-releases/220330-siemens-gamesa-press-release-le-havre-start-of-production.html,Investment value not publicly disclosed,https://lscable.eu/about/company,https://www.siemensgamesa.com/global/en/home/press-releases/220330-siemens-gamesa-press-release-le-havre-start-of-production.html (year only),https://www.siemensgamesa.com/global/en/home/press-releases/220330-siemens-gamesa-press-release-le-havre-start-of-production.html (year only),https://www.siemensgamesa.com/global/en/home/press-releases/220330-siemens-gamesa-press-release-le-havre-start-of-production.html,,Operational
Wind,FDI190554,Vestas Wind Systems,Denmark,Completed,Russia,Nizhny Novgorod,2018,2018,Wind,Manufacturing,96.8,0,0,0,,https://www.liebherr.com/en-us/n/vestas-opens-an-assembly-line-for-wind-turbine-nacelles-on-liebherr-site-in-russia-24722-3782185,https://www.liebherr.com/en-us/n/vestas-opens-an-assembly-line-for-wind-turbine-nacelles-on-liebherr-site-in-russia-24722-3782185,https://www.liebherr.com/en-us/n/vestas-opens-an-assembly-line-for-wind-turbine-nacelles-on-liebherr-site-in-russia-24722-3782185,Investment value not publicly disclosed,,https://www.liebherr.com/en-us/n/vestas-opens-an-assembly-line-for-wind-turbine-nacelles-on-liebherr-site-in-russia-24722-3782185 (year only),https://www.liebherr.com/en-us/n/vestas-opens-an-assembly-line-for-wind-turbine-nacelles-on-liebherr-site-in-russia-24722-3782185 (year only),https://www.liebherr.com/en-us/n/vestas-opens-an-assembly-line-for-wind-turbine-nacelles-on-liebherr-site-in-russia-24722-3782185,,Operational
Wind,FDI158453,Vestas Wind Systems,Denmark,Completed,India,Chennai (Tamil Nadu),2015,2017,Wind,Manufacturing,91.3,0,0,0,,https://www.vestas.in/en-in/about,https://www.compositesworld.com/news/tpi-to-open-india-based-wind-blade-manufacturing-facility-signs-supply-agreement-with-vestas,https://www.vestas.in/en-in/about,https://www.vestas.in/content/dam/vestas-com/in/india-factsheet/Vestas%20India%20Fact%20Sheet_V9.pdf.coredownload.inline.pdf,,https://www.bloomberg.com/news/articles/2015-11-05/vestas-winds-plans-to-build-new-blade-factory-in-india?embedded-checkout=true,https://www.compositesworld.com/news/tpi-to-open-india-based-wind-blade-manufacturing-facility-signs-supply-agreement-with-vestas (year only),https://www.vestas.in/en-in/about,,Operational
Wind,FDI78487,GXO Logistics,United States,Completed,United Kingdom,Newcastle upon Tyne (Tyne and Wear),2010,2012,Wind,"Logistics, Distribution & Transportation",88,0,0,0,,https://gxo.com/contact-us/,https://www.modernpowersystems.com/news/clipper-breaks-ground-at-its-uk-offshore-wind-factory,https://www.modernpowersystems.com/news/clipper-breaks-ground-at-its-uk-offshore-wind-factory,Investment value not publicly disclosed,https://www.worldconstructionnetwork.com/news/ronbay-two-projects/,https://www.theguardian.com/business/2010/feb/18/clipper-wind-turbine-factory-newcastle,https://www.theguardian.com/business/2010/feb/18/clipper-wind-turbine-factory-newcastle,https://www.theguardian.com/business/2010/feb/18/clipper-wind-turbine-factory-newcastle,,Operational
Wind,FDI178975,Vestas Wind Systems,Denmark,Completed,Mexico,Reynosa (Tamaulipas),2017,2018,Wind,Manufacturing,81,0,0,0,,https://www.windpowermonthly.com/article/1487377/tpi-extend-mexico-facility-vestas,https://www.windpowermonthly.com/article/1487377/tpi-extend-mexico-facility-vestas,https://www.windpowermonthly.com/article/1487377/tpi-extend-mexico-facility-vestas,https://mexico-now.com/danish-wind-blades-manufacturer-vestas-to-build-us-81-million-plant-in-tamaulipas/,,https://www.windpowermonthly.com/article/1487377/tpi-extend-mexico-facility-vestas (year only),https://www.windpowermonthly.com/article/1487377/tpi-extend-mexico-facility-vestas (year only),https://www.windpowermonthly.com/article/1487377/tpi-extend-mexico-facility-vestas,,Operational
Wind,FDI55413,Vestas Wind Systems,Denmark,Completed,China,Xuzhou (Jiangsu),2008,2010,Wind,Manufacturing,80,0,0,0,,https://insideclimatenews.org/news/28042009/next-gen-vestas-wind-turbine-made-china-china/,[UNVERIFIED] https://insideclimatenews.org/news/28042009/next-gen-vestas-wind-turbine-made-china-china/,https://www.vestas.com/en/about/this-is-vestas/history/from-2005-2008,https://www.annualreports.com/HostedData/AnnualReportArchive/v/vestas_2008.pdf,,https://www.annualreports.com/HostedData/AnnualReportArchive/v/vestas_2008.pdf,[UNVERIFIED] fDi Markets (FT),https://insideclimatenews.org/news/28042009/next-gen-vestas-wind-turbine-made-china-china/,,Operational
Wind,New_CSWind_VN3,CS Wind Corporation (Choong San Corporation),South Korea,Completed,Vietnam,Phu My (Ba Ria-Vung Tau),2024,2024,Wind,Manufacturing,80,0,0,0,,https://en.vietnamplus.vn/madeinvietnam-wind-turbine-towers-bound-for-rok/284490.vnp,https://en.vietnamplus.vn/madeinvietnam-wind-turbine-towers-bound-for-rok/284490.vnp,https://en.vietnamplus.vn/madeinvietnam-wind-turbine-towers-bound-for-rok/284490.vnp,https://en.vneconomy.vn/cs-wind-vietnam-unveils-southeast-asias-largest-offshore-wind-tower-factory.htm,,https://en.vietnamplus.vn/madeinvietnam-wind-turbine-towers-bound-for-rok/284490.vnp (year only),https://en.vneconomy.vn/cs-wind-vietnam-unveils-southeast-asias-largest-offshore-wind-tower-factory.htm (year only),https://en.vietnamplus.vn/madeinvietnam-wind-turbine-towers-bound-for-rok/284490.vnp,,Operational
Wind,FDI80168,Siemens,Germany,Completed,United Kingdom,Hull (East Riding of Yorkshire),2010,2016,Wind,Manufacturing,76.2,0,0,0,,https://news.siemens.co.uk/news/siemens-announces-green-port-hull-improvements,https://www.offshorewind.biz/2016/12/01/siemens-cuts-ribbon-at-hull-wind-turbine-blade-factory/,https://greenporthull.co.uk/what-we-do/siemens-gamesa,https://greenporthull.co.uk/what-we-do/siemens-gamesa,,https://news.siemens.co.uk/news/siemens-announces-green-port-hull-improvements (year only),https://www.offshorewind.biz/2016/12/01/siemens-cuts-ribbon-at-hull-wind-turbine-blade-factory/ (year only),https://greenporthull.co.uk/what-we-do/siemens-gamesa,,Operational
Wind,FDI60998,Vestas Wind Systems,Denmark,Completed,Spain,Villandangos del Paramo (Castile and León),2008,2008,Wind,Manufacturing,73.3,1,0,0,,https://www.evwind.com/2009/07/25/vestas-triplicara-la-produccion-de-gondolas-en-villadangos-leon/,https://www.evwind.com/2009/07/25/vestas-triplicara-la-produccion-de-gondolas-en-villadangos-leon/,https://www.leonoticias.com/paramo/vestas-leon-anos-20181126141624-nt.html,https://www.evwind.com/2009/07/25/vestas-triplicara-la-produccion-de-gondolas-en-villadangos-leon/,,https://www.evwind.com/2009/07/25/vestas-triplicara-la-produccion-de-gondolas-en-villadangos-leon/ (year only),https://www.evwind.com/2009/07/25/vestas-triplicara-la-produccion-de-gondolas-en-villadangos-leon/ (year only),https://www.evwind.com/2009/07/25/vestas-triplicara-la-produccion-de-gondolas-en-villadangos-leon/,,Operational
Wind,New_EN_PT1,Enercon,Germany,Completed,Portugal,Viana do Castelo,2003,2004,Wind,Manufacturing,73,0,0,0,,[UNVERIFIED] https://globalwindday.org/success-stories/viana-castelo-portugal-manufacturing-site/,[UNVERIFIED] https://globalwindday.org/success-stories/viana-castelo-portugal-manufacturing-site/,https://globalwindday.org/success-stories/viana-castelo-portugal-manufacturing-site/,Investment value not publicly disclosed,https://www.diehlofgrovecity.com/stellantis-invests-in-michigan-for-ev-production/,[UNVERIFIED] fDi Markets (FT),[UNVERIFIED] fDi Markets (FT),[UNVERIFIED] https://globalwindday.org/success-stories/viana-castelo-portugal-manufacturing-site/,,Operational
Wind,FDI140135,Siemens,Germany,Completed,Canada,Chatham (Ontario),2013,2014,Wind,"Logistics, Distribution & Transportation",72,0,0,0,,https://www.newswire.ca/news-releases/siemens-canada-awarded-270-mw-wind-power-order-for-south-kent-project-512084941.html,https://chathamvoice.com/2014/06/19/siemens-opens-distribution-centre-and-training-facility-in-chatham/,https://chathamvoice.com/2014/06/19/siemens-opens-distribution-centre-and-training-facility-in-chatham/,https://www.newswire.ca/news-releases/siemens-canada-awarded-270-mw-wind-power-order-for-south-kent-project-512084941.html,https://www.offshorewind.biz/2019/06/12/cs-wind-orders-tower-production-lines-for-taiwan-facility/,https://www.newswire.ca/news-releases/siemens-canada-awarded-270-mw-wind-power-order-for-south-kent-project-512084941.html (year only),https://chathamvoice.com/2014/06/19/siemens-opens-distribution-centre-and-training-facility-in-chatham/ (year only),https://chathamvoice.com/2014/06/19/siemens-opens-distribution-centre-and-training-facility-in-chatham/,,Operational
Wind,FDI76957,Siemens,Germany,Completed,United Kingdom,Sheffield (South Yorkshire),2009,2009,Wind,"Design, Development & Testing",70,0,0,0,,https://www.sheffield.ac.uk/news/nr/1458-1.173820,https://www.sheffield.ac.uk/news/nr/1458-1.173820,https://www.sheffield.ac.uk/news/nr/1458-1.173820,Investment value not publicly disclosed,https://www.sheffield.ac.uk/news/nr/1458-1.173820,https://www.sheffield.ac.uk/news/nr/1458-1.173820 (year only),https://www.sheffield.ac.uk/news/nr/1458-1.173820 (year only),https://www.sheffield.ac.uk/news/nr/1458-1.173820,,Operational
Wind,FDI171829,Siemens,Germany,Completed,United States,Hutchinson (Kansas),2016,2017,Wind,"Logistics, Distribution & Transportation",69,0,0,0,,https://news.usa.siemens.biz/press-release/wind-power-and-renewables/siemens-celebrates-5-year-anniversary-hutchinson-nacelle-pro,https://news.usa.siemens.biz/press-release/wind-power-and-renewables/siemens-celebrates-5-year-anniversary-hutchinson-nacelle-pro,https://news.usa.siemens.biz/press-release/wind-power-and-renewables/siemens-celebrates-5-year-anniversary-hutchinson-nacelle-pro,Investment value not publicly disclosed,https://www.brp.com/en/our-company.html,[UNVERIFIED] fDi Markets (FT),[UNVERIFIED] fDi Markets (FT),[UNVERIFIED] https://news.usa.siemens.biz/press-release/wind-power-and-renewables/siemens-celebrates-5-year-anniversary-hutchinson-nacelle-pro,,Operational
Wind,FDI74576,LM Wind Power (LM Glasfiber),Denmark,Completed,China,Qinhuangdao (Hebei),2009,2009,Wind,Manufacturing,67.3,0,0,0,,https://evwind.aeeolica.org/2010/03/04/lm-glasfiber-establishes-fourth-blade-manufacturing-facility-in-china/4464,[UNVERIFIED] https://evwind.aeeolica.org/2010/03/04/lm-glasfiber-establishes-fourth-blade-manufacturing-facility-in-china/4464,https://evwind.aeeolica.org/2010/03/04/lm-glasfiber-establishes-fourth-blade-manufacturing-facility-in-china/4464,Investment value not publicly disclosed,[UNVERIFIED] https://evwind.aeeolica.org/2010/03/04/lm-glasfiber-establishes-fourth-blade-manufacturing-facility-in-china/4464,fDi Markets (FT),https://www.offshore-energy.biz/lm-wind-continues-blade-supply-for-chinese-offshore-wind-turbines/,https://evwind.aeeolica.org/2010/03/04/lm-glasfiber-establishes-fourth-blade-manufacturing-facility-in-china/4464,,Operational
Wind,FDI78623,Gamesa,Spain,Completed,India,Red Hills (Tamil Nadu),2010,2011,Wind,Manufacturing,66,0,0,0,,https://w3.windfair.net/wind-energy/news/8887-india-gamesa-to-invest-60m-in-wind-turbines,https://wind-power.industry-focus.net/company-profiles-a-news/203-gamesa-wind-turbine-pvt-ltd-gamesa-wind-turbine-pvt-ltd.html,https://wind-power.industry-focus.net/company-profiles-a-news/203-gamesa-wind-turbine-pvt-ltd-gamesa-wind-turbine-pvt-ltd.html,https://w3.windfair.net/wind-energy/news/9082-india-gamesa-wind-energy-receives-financing-from-international-finance-corporation-ifc,https://evwind.aeeolica.org/2018/12/20/nordex-collaborates-with-fabrica-argentina-de-aviones-to-set-up-local-wind-energy-manufacturing-capacity-in-argentina/65579,https://w3.windfair.net/wind-energy/news/8887-india-gamesa-to-invest-60m-in-wind-turbines (year only),https://wind-power.industry-focus.net/company-profiles-a-news/203-gamesa-wind-turbine-pvt-ltd-gamesa-wind-turbine-pvt-ltd.html (year only),https://wind-power.industry-focus.net/company-profiles-a-news/203-gamesa-wind-turbine-pvt-ltd-gamesa-wind-turbine-pvt-ltd.html,,Operational
Wind,FDI64860,Vestas Wind Systems,Denmark,Completed,United States,Boston (Massachusetts),2008,2009,Wind,"Design, Development & Testing",66,0,0,0,,https://us.vestas.com/content/dam/vestas-com/us/what-is-wind/Who%20is%20Vestas_Digital_1023.pdf.coredownload.inline.pdf,https://us.vestas.com/content/dam/vestas-com/us/what-is-wind/Who%20is%20Vestas_Digital_1023.pdf.coredownload.inline.pdf,https://us.vestas.com/content/dam/vestas-com/us/what-is-wind/Who%20is%20Vestas_Digital_1023.pdf.coredownload.inline.pdf,https://w3.windfair.net/wind-energy/news/7880-usa-wind-power-vestas-to-move-north-american-headquarters,,https://us.vestas.com/content/dam/vestas-com/us/what-is-wind/Who%20is%20Vestas_Digital_1023.pdf.coredownload.inline.pdf (year only),https://us.vestas.com/content/dam/vestas-com/us/what-is-wind/Who%20is%20Vestas_Digital_1023.pdf.coredownload.inline.pdf (year only),https://us.vestas.com/content/dam/vestas-com/us/what-is-wind/Who%20is%20Vestas_Digital_1023.pdf.coredownload.inline.pdf,,Operational
Wind,FDI90903,Gamesa,Spain,Completed,India,Chennai (Tamil Nadu),2011,2015,Wind,Manufacturing,65,0,0,0,,https://www.business-standard.com/content/b2b-manufacturing-industry/gamesa-expands-nacelle-facility-for-wind-turbines-in-chennai-114112700247_1.html,https://www.business-standard.com/content/b2b-manufacturing-industry/gamesa-expands-nacelle-facility-for-wind-turbines-in-chennai-114112700247_1.html,https://www.business-standard.com/content/b2b-manufacturing-industry/gamesa-expands-nacelle-facility-for-wind-turbines-in-chennai-114112700247_1.html,https://www.constructionweekonline.in/business/gamesa-to-investment-rs700-crore-every-year,,https://www.constructionweekonline.in/business/gamesa-announces-rs500-crore-investment-in-india,https://www.business-standard.com/content/b2b-manufacturing-industry/gamesa-expands-nacelle-facility-for-wind-turbines-in-chennai-114112700247_1.html (year only),https://www.business-standard.com/content/b2b-manufacturing-industry/gamesa-expands-nacelle-facility-for-wind-turbines-in-chennai-114112700247_1.html,,Operational
Wind,FDI196785,Vestas Wind Systems,Denmark,Completed,Australia,Geelong (Victoria),2018,2019,Wind,Manufacturing,64.4,0,1,1,Marand Precision Engineering,https://www.vestas.com/en/media/company-news/2018/vestas-secures-181-mw-project-in-australia-and-sets-up--c2963317,https://reneweconomy.com.au/vestas-wind-turbine-assembly-plant-opens-at-old-ford-factory-in-victoria-20839/,https://www.vestas.com/en/media/company-news/2018/vestas-secures-181-mw-project-in-australia-and-sets-up--c2963317,Investment value not publicly disclosed,https://www.marand.com.au/vestas-partners-with-local-manufacturing-service-provider-for-wind-turbine-assembly-facility-in-geelong/,https://www.vestas.com/en/media/company-news/2018/vestas-secures-181-mw-project-in-australia-and-sets-up--c2963317 (year only),https://reneweconomy.com.au/vestas-wind-turbine-assembly-plant-opens-at-old-ford-factory-in-victoria-20839/ (year only),https://www.vestas.com/en/media/company-news/2018/vestas-secures-181-mw-project-in-australia-and-sets-up--c2963317,https://www.marand.com.au/vestas-partners-with-local-manufacturing-service-provider-for-wind-turbine-assembly-facility-in-geelong/,Operational
Wind,FDI198279,Nordex,Germany,Completed,Mexico,Matamoros (Tamaulipas),2019,2019,Wind,Manufacturing,63,0,0,0,,https://www.nordex-online.com/en/mexico/,https://www.windpowerengineering.com/nordex-to-produce-wind-turbine-blades-in-mexico/,https://www.windpowerengineering.com/nordex-to-produce-wind-turbine-blades-in-mexico/,https://laredmultimedia.com/tiene-tamaulipas-segunda-planta-de-produccion-de-palas-eolicas/,,https://www.windpowerengineering.com/nordex-to-produce-wind-turbine-blades-in-mexico/ (year only),https://www.windpowerengineering.com/nordex-to-produce-wind-turbine-blades-in-mexico/ (year only),https://www.windpowerengineering.com/nordex-to-produce-wind-turbine-blades-in-mexico/,,Operational
Wind,FDI28308,Siemens,Germany,Completed,Denmark,Engesvang (Central Jutland),2006,2006,Wind,Manufacturing,63,0,0,0,,https://eepower.com/news/siemens-expands-capacity-for-wind-turbines-in-denmark/,https://eepower.com/news/siemens-expands-capacity-for-wind-turbines-in-denmark/,https://eepower.com/news/siemens-expands-capacity-for-wind-turbines-in-denmark/,https://eepower.com/news/siemens-expands-capacity-for-wind-turbines-in-denmark/,,https://eepower.com/news/siemens-expands-capacity-for-wind-turbines-in-denmark/ (year only),https://eepower.com/news/siemens-expands-capacity-for-wind-turbines-in-denmark/ (year only),https://eepower.com/news/siemens-expands-capacity-for-wind-turbines-in-denmark/,,Operational
Wind,FDI30522,Gamesa,Spain,Completed,China,Tianjin,2005,2006,Wind,Manufacturing,62.31,0,0,0,,https://w3.windfair.net/wind-energy/news/9313-china-wind-energy-gamesa-opens-its-fifth-factory-in-the-country,[UNVERIFIED] https://www.infolink-group.com/energy-article/Tianjin-becomes-major-wind-turbine-manufacturing-base-of-Siemens-Gamesa,https://www.infolink-group.com/energy-article/Tianjin-becomes-major-wind-turbine-manufacturing-base-of-Siemens-Gamesa,"https://ftp.windtech-international.com/projects-and-contracts/gamesa-enters-the-chinese-market#:~:text=This%20equipment%20will%20be%20manufactured,be%20fully%20owned%20by%20Gamesa.",,https://www.ecoreporter.de/artikel/15112005-meldung-gamesa-elica-sale-and-installation-agreement-of-302-megawatt-15-11-2005/?utm_source,"https://ftp.windtech-international.com/projects-and-contracts/gamesa-enters-the-chinese-market#:~:text=This%20equipment%20will%20be%20manufactured,be%20fully%20owned%20by%20Gamesa.",https://www.infolink-group.com/energy-article/Tianjin-becomes-major-wind-turbine-manufacturing-base-of-Siemens-Gamesa,,Operational
Wind,FDI28309,Siemens,Germany,Completed,Denmark,Brande (Central Jutland),2006,2006,Wind,Manufacturing,60,0,0,0,,https://eepower.com/news/siemens-expands-capacity-for-wind-turbines-in-denmark/,https://eepower.com/news/siemens-expands-capacity-for-wind-turbines-in-denmark/,https://eepower.com/news/siemens-expands-capacity-for-wind-turbines-in-denmark/,https://www.power-eng.com/renewables/wind-energy/siemens-expands-wind-turbine-production-capacity/,https://www.windpowermonthly.com/article/1144094/fuhrlander-launches-ukrainian-factory,https://eepower.com/news/siemens-expands-capacity-for-wind-turbines-in-denmark/ (year only),https://eepower.com/news/siemens-expands-capacity-for-wind-turbines-in-denmark/ (year only),https://eepower.com/news/siemens-expands-capacity-for-wind-turbines-in-denmark/,,Operational
Wind,FDI28341,Suzlon Energy,India,Completed,China,Tianjin,2006,2007,Wind,Manufacturing,60,0,0,0,,https://www.suzlon.com/in-en/suzlon-worldwide/asia/china,https://eepower.com/news/indias-suzlon-energy-setting-up-operations-in-china/,https://eepower.com/news/indias-suzlon-energy-setting-up-operations-in-china/,https://eepower.com/news/indias-suzlon-energy-setting-up-operations-in-china/#,,https://www.suzlon.com/in-en/about-suzlon/history (year only),https://eepower.com/news/indias-suzlon-energy-setting-up-operations-in-china/ (year only),https://eepower.com/news/indias-suzlon-energy-setting-up-operations-in-china/,,Operational
Wind,FDI225388,CS Wind Corporation (Choong San Corporation),South Korea,Completed,Turkey,Izmir (İzmir),2018,2018,Wind,Manufacturing,60,0,0,0,,https://www.invest.gov.tr/en/news/news-from-turkey/pages/south-korean-cs-wind-opens-second-wind-tower-factory-turkiye.aspx,https://investinizmir.com/news/portfolio_page/cs-wind/,https://investinizmir.com/news/portfolio_page/cs-wind/,[UNVERIFIED] https://www.dailysabah.com/technology/2019/11/05/izmir-becomes-leading-production-center-for-wind-tech,,https://investinizmir.com/news/portfolio_page/cs-wind/ (year only),https://investinizmir.com/news/portfolio_page/cs-wind/ (year only),https://investinizmir.com/news/portfolio_page/cs-wind/,,Operational
Wind,FDI92232,Gamesa,Spain,Completed,United States,Chesapeake (Virginia),2011,2012,Wind,"Design, Development & Testing",60,0,1,1,Northrop Grumman,https://www.prnewswire.com/news-releases/gamesa-northrop-grumman-shipbuilding-launch-offshore-wind-technology-center-115729439.html,https://www.prnewswire.com/news-releases/gamesa-northrop-grumman-shipbuilding-launch-offshore-wind-technology-center-115729439.html,https://www.prnewswire.com/news-releases/gamesa-northrop-grumman-shipbuilding-launch-offshore-wind-technology-center-115729439.html,Investment value not publicly disclosed,https://www.prnewswire.com/news-releases/gamesa-northrop-grumman-shipbuilding-launch-offshore-wind-technology-center-115729439.html,https://www.prnewswire.com/news-releases/gamesa-northrop-grumman-shipbuilding-launch-offshore-wind-technology-center-115729439.html (year only),[UNVERIFIED] fDi Markets (FT),https://www.prnewswire.com/news-releases/gamesa-northrop-grumman-shipbuilding-launch-offshore-wind-technology-center-115729439.html,https://www.prnewswire.com/news-releases/gamesa-northrop-grumman-shipbuilding-launch-offshore-wind-technology-center-115729439.html,Operational
Wind,FDI17918,Siemens,Germany,Completed,Denmark,Aalborg (North Jutland),2006,2006,Wind,Manufacturing,59.9,1,0,0,,https://eepower.com/news/siemens-expands-capacity-for-wind-turbines-in-denmark/,https://eepower.com/news/siemens-expands-capacity-for-wind-turbines-in-denmark/,https://eepower.com/news/siemens-expands-capacity-for-wind-turbines-in-denmark/,https://www.power-eng.com/renewables/wind-energy/siemens-expands-wind-turbine-production-capacity/,,https://eepower.com/news/siemens-expands-capacity-for-wind-turbines-in-denmark/ (year only),https://eepower.com/news/siemens-expands-capacity-for-wind-turbines-in-denmark/ (year only),https://eepower.com/news/siemens-expands-capacity-for-wind-turbines-in-denmark/,,Operational
Wind,FDI40025,Vestas Wind Systems,Denmark,Completed,Spain,Daimiel (Castilla-La Mancha),2007,2008,Wind,Manufacturing,57.25,0,0,0,,https://w3.windfair.net/wind-energy/news/3263-vestas-to-establish-blade-factory-in-castilla-la-mancha-spain,https://w3.windfair.net/wind-energy/news/3263-vestas-to-establish-blade-factory-in-castilla-la-mancha-spain,https://w3.windfair.net/wind-energy/news/3263-vestas-to-establish-blade-factory-in-castilla-la-mancha-spain,https://w3.windfair.net/wind-energy/news/3263-vestas-to-establish-blade-factory-in-castilla-la-mancha-spain,https://www.renewable-energy-industry.com/countries/article-2430-gamesa-opens-technology-lab-in-singapore,https://w3.windfair.net/wind-energy/news/3263-vestas-to-establish-blade-factory-in-castilla-la-mancha-spain (year only),https://w3.windfair.net/wind-energy/news/3263-vestas-to-establish-blade-factory-in-castilla-la-mancha-spain (year only),https://w3.windfair.net/wind-energy/news/3263-vestas-to-establish-blade-factory-in-castilla-la-mancha-spain,,Operational
Wind,HARW005,Envision Energy,China,Commenced,India,Kalyangadh (Gujarat),2025,N/A,Wind,Manufacturing,56,0,0,0,,https://www.envision-group.com/,https://renewablesnow.com/news/envision-breaks-ground-on-2-gw-wind-turbine-blades-factory-in-india-1282128/,https://renewablesnow.com/news/envision-breaks-ground-on-2-gw-wind-turbine-blades-factory-in-india-1282128/,https://renewablesnow.com/news/envision-breaks-ground-on-2-gw-wind-turbine-blades-factory-in-india-1282128/,,https://renewablesnow.com/news/envision-breaks-ground-on-2-gw-wind-turbine-blades-factory-in-india-1282128/,,https://renewablesnow.com/news/envision-breaks-ground-on-2-gw-wind-turbine-blades-factory-in-india-1282128/,,Under construction
Wind,FDI87677,LM Wind Power (LM Glasfiber),Denmark,Completed,Brazil,Suape (Pernambuco),2012,2015,Wind,Manufacturing,54,0,0,0,,https://www.power-eng.com/2012/10/03/lm-wind-power-to-open-wind-manufacturing-plant-in-brazil/,https://www.power-eng.com/2012/10/03/lm-wind-power-to-open-wind-manufacturing-plant-in-brazil/,https://www.power-eng.com/2012/10/03/lm-wind-power-to-open-wind-manufacturing-plant-in-brazil/,https://www.rechargenews.com/wind/lm-wind-power-and-eolice-to-build-blade-factory-in-brazil/1-1-841267,https://w3.windfair.net/wind-energy/news/10345-brazil-joint-venture-between-lm-wind-power-and-eolice-boost-brazilian-wind-power-sector,https://www.power-eng.com/2012/10/03/lm-wind-power-to-open-wind-manufacturing-plant-in-brazil/ (year only),https://www.lmwindpower.com/sites/default/files/factsheets/LM-Wind-Power-Fact-Sheet-23.pdf,https://www.power-eng.com/2012/10/03/lm-wind-power-to-open-wind-manufacturing-plant-in-brazil/,,Operational
Wind,FDI164518,Siemens Gamesa Renewable Energy,Spain,Completed,India,Nellore (Andhra Pradesh),2016,2017,Wind,Manufacturing,50,0,0,0,,https://www.renewableenergymagazine.com/wind/gamesa-opens-new-blade-factory-in-india-20170206,https://www.renewableenergymagazine.com/wind/gamesa-opens-new-blade-factory-in-india-20170206,https://www.renewableenergymagazine.com/wind/gamesa-opens-new-blade-factory-in-india-20170206,https://renewablewatch.in/2017/02/05/gamesa/,,https://www.windpowerengineering.com/gamesa-reinforces-manufacturing-base-india-new-blade-factory/,https://www.renewableenergymagazine.com/wind/gamesa-opens-new-blade-factory-in-india-20170206 (year only),https://www.renewableenergymagazine.com/wind/gamesa-opens-new-blade-factory-in-india-20170206,,Operational
Wind,FDI69650,Siemens,Germany,Completed,United States,Hutchinson (Kansas),2009,2010,Wind,Manufacturing,50,0,0,0,,https://www.windsystemsmag.com/news/siemens-to-build-u-s-wind-turbine-production-facility/,https://www.gray.com/insights/siemens-wind-power-nacelle-facility-celebrates-grand-opening/,https://www.gray.com/insights/siemens-wind-power-nacelle-facility-celebrates-grand-opening/,https://www.wsj.com/articles/SB124149612926186507?gaa_at=eafs&gaa_n=ASWzDAj7gKphgVUNxGaaWnt98LKdratcPluxGYHW3yXnSwyxtnlD8vewD09SWGbjXcM%3D&gaa_ts=6852d61b&gaa_sig=1O7rIU7yJitv6gPdg-BjyBLRUoKcEVJiEc4gpoWcaX2JlztYzySJrDR8TBh_CwCLTxLp8PdjsuZHcZdd8gWY-w%3D%3D,,https://www.windsystemsmag.com/news/siemens-to-build-u-s-wind-turbine-production-facility/ (year only),https://www.gray.com/insights/siemens-wind-power-nacelle-facility-celebrates-grand-opening/ (year only),https://www.gray.com/insights/siemens-wind-power-nacelle-facility-celebrates-grand-opening/,,Operational
Wind,FDI15488,Gamesa,Spain,Completed,United States,Ebensburg (Pennsylvania),2004,2006,Wind,Manufacturing,50,0,0,0,,https://www.alleghenyfront.org/did-congress-kill-wind-energy-jobs-in-pennsylvania/,https://www.alleghenyfront.org/did-congress-kill-wind-energy-jobs-in-pennsylvania/,https://www.alleghenyfront.org/did-congress-kill-wind-energy-jobs-in-pennsylvania/,https://www.nhsec.nh.gov/projects/2006-01/documents/33_ed_case_studies.pdf,,https://www.alleghenyfront.org/did-congress-kill-wind-energy-jobs-in-pennsylvania/ (year only),https://www.alleghenyfront.org/did-congress-kill-wind-energy-jobs-in-pennsylvania/ (year only),https://www.alleghenyfront.org/did-congress-kill-wind-energy-jobs-in-pennsylvania/,,Operational
Wind,FDI65622,Siemens,Germany,Completed,Denmark,Aalborg (North Jutland),2001,2002,Wind,Manufacturing,50,0,0,0,,https://www.siemensgamesa.com/en-int/explore/journal/2022/06/wind-blade-factory-aalborg-anniversary,https://www.siemensgamesa.com/en-int/explore/journal/2022/06/wind-blade-factory-aalborg-anniversary,https://www.siemensgamesa.com/en-int/explore/journal/2022/06/wind-blade-factory-aalborg-anniversary,https://eepower.com/news/siemens-expands-capacity-for-wind-turbines-in-denmark/,,https://www.siemensgamesa.com/en-int/explore/journal/2022/06/wind-blade-factory-aalborg-anniversary (year only),https://www.siemensgamesa.com/en-int/explore/journal/2022/06/wind-blade-factory-aalborg-anniversary (year only),https://www.siemensgamesa.com/en-int/explore/journal/2022/06/wind-blade-factory-aalborg-anniversary,,Operational
Wind,FDI167071,LM Wind Power (LM Glasfiber),Denmark,Completed,Turkey,Bergama (İzmir),2015,2017,Wind,Manufacturing,50,0,0,0,,https://www.lmwindpower.com/en/stories-and-press/stories/news-from-lm-places/production-begins-at-new-wind-turbine-plant-in-turkey,https://www.lmwindpower.com/en/stories-and-press/stories/news-from-lm-places/production-begins-at-new-wind-turbine-plant-in-turkey,https://www.lmwindpower.com/en/stories-and-press/stories/news-from-lm-places/production-begins-at-new-wind-turbine-plant-in-turkey,https://balkangreenenergynews.com/lm-wind-power-inaugurates-wind-turbine-blades-plant-in-bergama-turkey/,,https://www.lmwindpower.com/en/stories-and-press/stories/news-from-lm-places/production-begins-at-new-wind-turbine-plant-in-turkey (year only),https://www.lmwindpower.com/en/stories-and-press/stories/news-from-lm-places/production-begins-at-new-wind-turbine-plant-in-turkey (year only),https://www.lmwindpower.com/en/stories-and-press/stories/news-from-lm-places/production-begins-at-new-wind-turbine-plant-in-turkey,,Operational
Wind,FDI88150,Vestas Wind Systems,Denmark,Completed,China,Beijing,2010,2010,Wind,"Design, Development & Testing",50,0,0,0,,http://www.chinadaily.com.cn/business/2010-10/13/content_11404459.htm,http://www.chinadaily.com.cn/business/2010-10/13/content_11404459.htm,http://www.chinadaily.com.cn/business/2010-10/13/content_11404459.htm,http://www.chinadaily.com.cn/business/2010-10/13/content_11404459.htm,,http://www.chinadaily.com.cn/business/2010-10/13/content_11404459.htm (year only),http://www.chinadaily.com.cn/business/2010-10/13/content_11404459.htm (year only),http://www.chinadaily.com.cn/business/2010-10/13/content_11404459.htm,,Operational
Wind,HARW010,Mingyang,China,Announced,South Korea,Sacheon (South Gyeongsang),2023,N/A,Wind,Manufacturing,49.5,0,1,1,Unison,https://en.myse.com.cn/,https://www.kedglobal.com/energy/newsView/ked202412110004,https://www.kedglobal.com/energy/newsView/ked202412110004,https://www.kedglobal.com/energy/newsView/ked202412110004,https://www.kedglobal.com/energy/newsView/ked202412110004,https://mp.weixin.qq.com/s/bnD5ZW9D1P3WjPHwJdNrIQ,,https://mp.weixin.qq.com/s/bnD5ZW9D1P3WjPHwJdNrIQ,https://www.kedglobal.com/energy/newsView/ked202412110004,Announced only
Wind,FDI113398,Siemens,Germany,Completed,Denmark,Aalborg (North Jutland),2012,2013,Wind,Manufacturing,42.6,1,0,0,,https://eepower.com/news/siemens-expands-capacity-for-wind-turbines-in-denmark/,https://eepower.com/news/siemens-expands-capacity-for-wind-turbines-in-denmark/,https://eepower.com/news/siemens-expands-capacity-for-wind-turbines-in-denmark/,Investment value not publicly disclosed,[UNVERIFIED] fDi Markets (FT),https://eepower.com/news/siemens-expands-capacity-for-wind-turbines-in-denmark/ (year only),https://eepower.com/news/siemens-expands-capacity-for-wind-turbines-in-denmark/ (year only),https://eepower.com/news/siemens-expands-capacity-for-wind-turbines-in-denmark/,,Operational
Wind,FDI187824,Vestas Wind Systems,Denmark,Completed,Argentina,Buenos Aires,2018,2018,Wind,Manufacturing,41.9,0,0,0,,https://www.windpowerengineering.com/business-news-projects/vestas-to-build-hub-nacelle-assembly-facility-in-argentina/,https://www.rechargenews.com/wind/vestas-opens-argentina-factory-to-serve-1-5gw-order-pile/2-1-471707,https://www.windpowerengineering.com/business-news-projects/vestas-to-build-hub-nacelle-assembly-facility-in-argentina/,https://www.vestas.com/en/media/company-news/2018/vestas-strengthens-presence-in-argentina-with-new-assem-c2963432,,https://www.windpowerengineering.com/business-news-projects/vestas-to-build-hub-nacelle-assembly-facility-in-argentina/ (year only),https://www.rechargenews.com/wind/vestas-opens-argentina-factory-to-serve-1-5gw-order-pile/2-1-471707 (year only),https://www.windpowerengineering.com/business-news-projects/vestas-to-build-hub-nacelle-assembly-facility-in-argentina/,,Operational
Wind,FDI40866,Vestas Wind Systems,Denmark,Completed,United States,Windsor (Colorado),2007,2008,Wind,Manufacturing,40,0,0,0,,https://www.mortenson.com/projects/vestas-blade-facility-phase-i,https://www.mortenson.com/projects/vestas-blade-facility-phase-i,https://www.mortenson.com/projects/vestas-blade-facility-phase-i,https://us.vestas.com/en-us/manufacturing,,https://docs.nrel.gov/docs/fy09osti/44620.pdf,https://www.sustainablebusiness.com/2008/03/vestas-opens-first-us-factory-42283/,https://www.mortenson.com/projects/vestas-blade-facility-phase-i,,Operational
Wind,FDI211803,Siemens,Germany,Completed,Taiwan,Taichung,2019,2021,Wind,Manufacturing,40,0,0,0,,https://www.siemensgamesa.com/global/en/home/press-releases/siemens-gamesa-pioneering-again-in-taiwan.html,https://www.siemensgamesa.com/global/en/home/press-releases/siemens-gamesa-pioneering-again-in-taiwan.html,https://www.siemensgamesa.com/global/en/home/press-releases/siemens-gamesa-pioneering-again-in-taiwan.html,Investment value not publicly disclosed,https://www.dongwhaelectrolyte.com/en/dongwha/map.asp,https://www.taiwannews.com.tw/en/news/3777768 (year only),https://www.siemensgamesa.com/global/en/home/press-releases/siemens-gamesa-pioneering-again-in-taiwan.html (year only),https://www.siemensgamesa.com/global/en/home/press-releases/siemens-gamesa-pioneering-again-in-taiwan.html,,Operational
Wind,FDI161648,Xinjiang Goldwind Science & Technology (Goldwind),China,Completed,Denmark,Copenhagen (Capital Region),2016,2016,Wind,Research & Development,39.9,0,0,0,,https://renewablesnow.com/news/goldwind-opens-new-danish-office-to-expand-activities-620130/,https://renewablesnow.com/news/goldwind-opens-new-danish-office-to-expand-activities-620130/,https://renewablesnow.com/news/goldwind-opens-new-danish-office-to-expand-activities-620130/,https://www.goldwindamericas.com/sites/default/files/GOLDWIND%20CORP%20BROCHURE.pdf,https://www.sheffield.ac.uk/news/nr/1458-1.173820,https://renewablesnow.com/news/goldwind-opens-new-danish-office-to-expand-activities-620130/ (year only),https://renewablesnow.com/news/goldwind-opens-new-danish-office-to-expand-activities-620130/ (year only),https://renewablesnow.com/news/goldwind-opens-new-danish-office-to-expand-activities-620130/,,Operational
Wind,FDI56071,Fuhrlander AG,Germany,Completed,Vietnam,Binh Dinh (Bình Định),2008,2009,Wind,Manufacturing,39,0,1,1,"Lilama, Coma, Thien Nang, Techcombank",https://www.renewable-energy-industry.com/countries/article-71-fuhrlander-plans-to-build-39-million-wind-turbine-plant-in-vietnam,https://www.renewable-energy-industry.com/countries/article-71-fuhrlander-plans-to-build-39-million-wind-turbine-plant-in-vietnam,https://www.renewable-energy-industry.com/countries/article-71-fuhrlander-plans-to-build-39-million-wind-turbine-plant-in-vietnam,https://www.renewable-energy-industry.com/countries/article-71-fuhrlander-plans-to-build-39-million-wind-turbine-plant-in-vietnam,https://www.renewable-energy-industry.com/countries/article-71-fuhrlander-plans-to-build-39-million-wind-turbine-plant-in-vietnam,https://www.renewable-energy-industry.com/countries/article-71-fuhrlander-plans-to-build-39-million-wind-turbine-plant-in-vietnam (year only),[UNVERIFIED] fDi Markets (FT),https://www.renewable-energy-industry.com/countries/article-71-fuhrlander-plans-to-build-39-million-wind-turbine-plant-in-vietnam,https://www.renewable-energy-industry.com/countries/article-71-fuhrlander-plans-to-build-39-million-wind-turbine-plant-in-vietnam,Operational
Wind,FDI166737,CS Wind Corporation (Choong San Corporation),South Korea,Completed,United Kingdom,Campbeltown (Argyll and Bute),2016,2017,Wind,Manufacturing,34,0,0,0,,https://www.insider.co.uk/news/cs-wind-create-160-new-9894925,https://www.insider.co.uk/news/cs-wind-create-160-new-9894925,https://www.insider.co.uk/news/cs-wind-create-160-new-9894925,https://www.insider.co.uk/news/cs-wind-create-160-new-9894925,,https://www.insider.co.uk/news/cs-wind-create-160-new-9894925 (year only),https://www.insider.co.uk/news/cs-wind-create-160-new-9894925 (year only),https://www.insider.co.uk/news/cs-wind-create-160-new-9894925,,Operational
Wind,FDI28773,Gamesa,Spain,Completed,United States,Fairless Hills (Pennsylvania),2005,2006,Wind,Manufacturing,34,0,0,0,,https://w3.windfair.net/wind-energy/news/10291-usa-gamesa-completes-assembly-and-shipment-of-its-1-000th-nacelle-in-the-us,https://w3.windfair.net/wind-energy/news/10291-usa-gamesa-completes-assembly-and-shipment-of-its-1-000th-nacelle-in-the-us,https://w3.windfair.net/wind-energy/news/10291-usa-gamesa-completes-assembly-and-shipment-of-its-1-000th-nacelle-in-the-us,https://w3.windfair.net/wind-energy/news/10291-usa-gamesa-completes-assembly-and-shipment-of-its-1-000th-nacelle-in-the-us,,https://w3.windfair.net/wind-energy/news/10291-usa-gamesa-completes-assembly-and-shipment-of-its-1-000th-nacelle-in-the-us (year only),https://w3.windfair.net/wind-energy/news/10291-usa-gamesa-completes-assembly-and-shipment-of-its-1-000th-nacelle-in-the-us (year only),https://w3.windfair.net/wind-energy/news/10291-usa-gamesa-completes-assembly-and-shipment-of-its-1-000th-nacelle-in-the-us,,Operational
Wind,FDI89129,Siemens,Germany,Completed,India,Vadodara (Gujarat),2010,2011,Wind,Manufacturing,33.13,0,0,0,,https://www.business-standard.com/article/companies/siemens-plans-rs-1-200-crore-capex-in-gujarat-110120100099_1.html,https://www.business-standard.com/article/companies/siemens-plans-rs-1-200-crore-capex-in-gujarat-110120100099_1.html,https://www.business-standard.com/article/companies/siemens-plans-rs-1-200-crore-capex-in-gujarat-110120100099_1.html,https://www.business-standard.com/article/companies/siemens-plans-rs-1-200-crore-capex-in-gujarat-110120100099_1.html,https://www.siemens.com/press/en/pressrelease/2008/renewable_energy/ere200806042.htm,https://www.business-standard.com/article/companies/siemens-plans-rs-1-200-crore-capex-in-gujarat-110120100099_1.html (year only),[UNVERIFIED] fDi Markets (FT),https://www.business-standard.com/article/companies/siemens-plans-rs-1-200-crore-capex-in-gujarat-110120100099_1.html,,Operational
Wind,FDI141546,Alstom,France,Completed,Brazil,Jacobina (Bahia),2014,2015,Wind,Manufacturing,33,0,1,1,Andrade Gutierrez,https://www.alstom.com/press-releases-news/2014/8/andrade-gutierrez-and-alstom-announce-a-joint-venture-for-wind-market-in-brazil,https://www.alstom.com/press-releases-news/2015/1/alstom-and-andrade-gutierrez-open-new-unit-for-wind-market-in-brazil,https://www.alstom.com/press-releases-news/2014/8/andrade-gutierrez-and-alstom-announce-a-joint-venture-for-wind-market-in-brazil,https://www.alstom.com/press-releases-news/2014/8/andrade-gutierrez-and-alstom-announce-a-joint-venture-for-wind-market-in-brazil,https://www.alstom.com/press-releases-news/2014/8/andrade-gutierrez-and-alstom-announce-a-joint-venture-for-wind-market-in-brazil,https://www.alstom.com/press-releases-news/2014/8/andrade-gutierrez-and-alstom-announce-a-joint-venture-for-wind-market-in-brazil (year only),https://www.alstom.com/press-releases-news/2015/1/alstom-and-andrade-gutierrez-open-new-unit-for-wind-market-in-brazil (year only),https://www.alstom.com/press-releases-news/2014/8/andrade-gutierrez-and-alstom-announce-a-joint-venture-for-wind-market-in-brazil,https://www.alstom.com/press-releases-news/2014/8/andrade-gutierrez-and-alstom-announce-a-joint-venture-for-wind-market-in-brazil,Operational
Wind,FDI154177,Siemens,Germany,Completed,Serbia,Subotica (Vojvodina),2015,2015,Wind,Manufacturing,32.1,1,0,0,,https://www.ekapija.com/en/news/697167/siemens-to-invest-eur-10-million-in-production-in-serbia-every-fourth,https://www.ekapija.com/en/news/697167/siemens-to-invest-eur-10-million-in-production-in-serbia-every-fourth,https://www.ekapija.com/en/news/697167/siemens-to-invest-eur-10-million-in-production-in-serbia-every-fourth,https://www.ekapija.com/en/news/697167/siemens-to-invest-eur-10-million-in-production-in-serbia-every-fourth,,https://www.ekapija.com/en/news/697167/siemens-to-invest-eur-10-million-in-production-in-serbia-every-fourth (year only),https://www.ekapija.com/en/news/697167/siemens-to-invest-eur-10-million-in-production-in-serbia-every-fourth (year only),https://www.ekapija.com/en/news/697167/siemens-to-invest-eur-10-million-in-production-in-serbia-every-fourth,,Operational
Wind,FDI31142,Acciona,Spain,Completed,China,Nantong (Jiangsu),2005,2006,Wind,Manufacturing,31,0,1,1,"China Aerospace Science and Technology Corporation, INCEISA",https://www.compositesworld.com/articles/high-wind-in-china,https://www.compositesworld.com/articles/high-wind-in-china,https://www.compositesworld.com/articles/high-wind-in-china,https://www.compositesworld.com/articles/high-wind-in-china,https://www.compositesworld.com/articles/high-wind-in-china,https://www.windpowermonthly.com/article/956392/paving-growth-china (year only),https://www.compositesworld.com/articles/high-wind-in-china (year only),https://www.compositesworld.com/articles/high-wind-in-china,https://www.compositesworld.com/articles/high-wind-in-china,Operational
Wind,FDI95371,Siemens,Germany,Completed,Serbia,Subotica (Vojvodina),2011,2012,Wind,Manufacturing,30,0,0,0,,https://www.windpowermonthly.com/article/1067949/siemens-increase-serbian-production-capacity,https://www.windpowermonthly.com/article/1067949/siemens-increase-serbian-production-capacity,https://www.windpowermonthly.com/article/1067949/siemens-increase-serbian-production-capacity,https://serbia-energy.eu/siemens-invests-24-million-euros-in-production-of-new-type-of-generator-in-subotica-based-plant/,,https://www.windpowermonthly.com/article/1067949/siemens-increase-serbian-production-capacity (year only),https://www.windpowermonthly.com/article/1067949/siemens-increase-serbian-production-capacity (year only),https://www.windpowermonthly.com/article/1067949/siemens-increase-serbian-production-capacity,,Operational
Wind,FDI112913,Fuhrlander AG,Germany,Completed,Ukraine,Kramatorsk (Donetsk),2014,2019,Wind,Manufacturing,30,0,1,1,Kramatorsk Heavy Machine Tool Plant ,https://www.windpowermonthly.com/article/1144094/fuhrlander-launches-ukrainian-factory,https://euromaidanpress.com/2017/07/30/most-powerful-wind-turbines-in-ukraine-produced-in-kramatorsk-45-km-away-from-the-frontline/,https://www.windpowermonthly.com/article/1144094/fuhrlander-launches-ukrainian-factory,Investment value not publicly disclosed,https://www.windpowermonthly.com/article/1144094/fuhrlander-launches-ukrainian-factory,https://www.windpowermonthly.com/article/1144094/fuhrlander-launches-ukrainian-factory (year only),https://euromaidanpress.com/2017/07/30/most-powerful-wind-turbines-in-ukraine-produced-in-kramatorsk-45-km-away-from-the-frontline/ (year only),https://www.windpowermonthly.com/article/1144094/fuhrlander-launches-ukrainian-factory,https://www.windpowermonthly.com/article/1144094/fuhrlander-launches-ukrainian-factory,Operational
Wind,New_TPIComposites_MX4,TPI Composites,United States,Operational,Mexico,Matamoros (Tamaulipas),2024,2024,Wind,Manufacturing,30,0,0,0,,https://tpicomposites.com/about/global-footprint-manufacturing-operations/,https://www.globenewswire.com/news-release/2017/04/28/974326/0/en/TPI-and-Vestas-Sign-Wind-Blade-Supply-Agreement-for-Latin-America.html,https://www.globenewswire.com/news-release/2017/04/28/974326/0/en/TPI-and-Vestas-Sign-Wind-Blade-Supply-Agreement-for-Latin-America.html,https://www.electrive.com/2024/08/22/stellantis-starts-ev-production-in-mexico/,https://www.globenewswire.com/news-release/2017/04/28/974326/0/en/TPI-and-Vestas-Sign-Wind-Blade-Supply-Agreement-for-Latin-America.html,https://www.electrive.com/2024/08/22/stellantis-starts-ev-production-in-mexico/,,https://tpicomposites.com/about/global-footprint-manufacturing-operations/,,Operational
Wind,FDI134440,2-B Energy,Netherlands,Completed,United Kingdom,Methil (Fife),2012,2015,Wind,Manufacturing,29,0,1,1,The Scottish European Green Energy Centre,https://www.windpowermonthly.com/article/1308475/two-bladed-6mw-offshore-turbines-set-scotland,https://www.windpowermonthly.com/article/1308475/two-bladed-6mw-offshore-turbines-set-scotland,https://www.scottish-enterprise-mediacentre.com/news/dutch-wind-energy-company-joins-forces-with-scottish-enterprise,https://www.scottish-enterprise-mediacentre.com/news/ground-breaking-renewable-company-secures-265m-for-growth-plans-to-drive-down-cost-of-energy,https://www.scottish-enterprise-mediacentre.com/news/dutch-wind-energy-company-joins-forces-with-scottish-enterprise,https://www.windpowermonthly.com/article/1308475/two-bladed-6mw-offshore-turbines-set-scotland (year only),https://www.windpowermonthly.com/article/1308475/two-bladed-6mw-offshore-turbines-set-scotland (year only),https://www.windpowermonthly.com/article/1308475/two-bladed-6mw-offshore-turbines-set-scotland,https://www.scottish-enterprise-mediacentre.com/news/dutch-wind-energy-company-joins-forces-with-scottish-enterprise,Operational
Wind,FDI37512,LM Wind Power (LM Glasfiber),Denmark,Completed,Spain,Castellon (Valencia),2006,2007,Wind,Manufacturing,28.7,0,0,0,,https://www.ge.com/renewableenergy/stories/lm-castellon-factory,https://www.lmwindpower.com/en/stories-and-press/stories/news-from-lm-places/wind-powers-rural-development-in-castellon-spain,https://www.ge.com/renewableenergy/stories/lm-castellon-factory,Investment value not publicly disclosed,,fDi Markets (FT),https://www.lmwindpower.com/en/stories-and-press/stories/news-from-lm-places/wind-powers-rural-development-in-castellon-spain (year only),https://www.lmwindpower.com/en/stories-and-press/stories/news-from-lm-places/wind-powers-rural-development-in-castellon-spain,,Operational
Wind,FDI158044,LM Wind Power (LM Glasfiber),Denmark,Completed,India,Vadodara (Gujarat),2015,2016,Wind,Manufacturing,28,0,0,0,,https://www.compositesworld.com/news/lm-wind-power-to-build-new-blade-plant-in-india,https://firstgreen.co/lm-wind-power-sets-up-e25-m-turbine-blade-plant-at-halol/,https://firstgreen.co/lm-wind-power-sets-up-e25-m-turbine-blade-plant-at-halol/,https://firstgreen.co/lm-wind-power-sets-up-e25-m-turbine-blade-plant-at-halol/,,https://www.compositesworld.com/news/lm-wind-power-to-build-new-blade-plant-in-india (year only),https://firstgreen.co/lm-wind-power-sets-up-e25-m-turbine-blade-plant-at-halol/ (year only),https://www.compositesworld.com/news/lm-wind-power-to-build-new-blade-plant-in-india,,Operational
Wind,FDI76234,Alstom,France,Completed,Brazil,Camacari (Bahia),2011,2012,Wind,Manufacturing,28,0,0,0,,https://www.alstom.com/press-releases-news/2011/11/alstom-opens-new-wind-turbine-plant-brazil-first-wind-facility-latin-america,https://www.alstom.com/press-releases-news/2011/11/alstom-opens-new-wind-turbine-plant-brazil-first-wind-facility-latin-america,https://www.alstom.com/press-releases-news/2011/11/alstom-opens-new-wind-turbine-plant-brazil-first-wind-facility-latin-america,https://www.industryweek.com/the-economy/environment/article/21957273/alstom-opens-first-brazil-wind-turbine-plant,,https://www.alstom.com/press-releases-news/2011/11/alstom-opens-new-wind-turbine-plant-brazil-first-wind-facility-latin-america (year only),https://www.alstom.com/press-releases-news/2011/11/alstom-opens-new-wind-turbine-plant-brazil-first-wind-facility-latin-america (year only),https://www.alstom.com/press-releases-news/2011/11/alstom-opens-new-wind-turbine-plant-brazil-first-wind-facility-latin-america,,Operational
Wind,FDI46184,Siemens,Germany,Completed,United States,Fort Madison (Iowa),2006,2007,Wind,Manufacturing,28,0,0,0,,https://www.siemens.com/press/en/pr_cc/2007/09_sep/pg200709076_1463246.htm,https://www.siemens.com/press/en/pr_cc/2007/09_sep/pg200709076_1463246.htm,https://www.siemens.com/press/en/pr_cc/2007/09_sep/pg200709076_1463246.htm,https://eepower.com/news/siemens-power-generation-opens-wind-turbine-blade-facility/,,https://www.siemens.com/press/en/pr_cc/2007/09_sep/pg200709076_1463246.htm (year only),https://www.siemens.com/press/en/pr_cc/2007/09_sep/pg200709076_1463246.htm (year only),https://www.siemens.com/press/en/pr_cc/2007/09_sep/pg200709076_1463246.htm,,Operational
Wind,FDI38801,Nordex,Germany,Completed,China,Dongying (Shandong),2006,2007,Wind,Manufacturing,26,0,0,0,,https://w3.windfair.net/wind-energy/news/2090-germany-nordex-establishing-joint-venture-in-china,https://www.compositesworld.com/articles/high-wind-in-china,https://www.compositesworld.com/articles/high-wind-in-china,https://www.presseportal.ch/de/pm/100009375/100523314,,https://w3.windfair.net/wind-energy/news/2090-germany-nordex-establishing-joint-venture-in-china (year only),https://www.compositesworld.com/articles/high-wind-in-china (year only),https://www.compositesworld.com/articles/high-wind-in-china,,Operational
Wind,FDI127050,Alstom,France,Completed,Brazil,Canoas (Rio Grande do Sul),2012,2013,Wind,Manufacturing,26,0,0,0,,https://www.alstom.com/press-releases-news/2012/10/alstom-intends-set-up-wind-tower-factory-canoas-rio-grande-do-sul,https://renewablesnow.com/news/alstom-opens-wind-tower-factory-in-brazil-370730/,https://www.alstom.com/press-releases-news/2012/10/alstom-intends-set-up-wind-tower-factory-canoas-rio-grande-do-sul,https://www.alstom.com/press-releases-news/2012/10/alstom-intends-set-up-wind-tower-factory-canoas-rio-grande-do-sul,https://noticias.sorocaba.sp.gov.br/toyota-inicia-obras-de-segunda-fabrica-em-sorocaba-e-anuncia-investimento-de-r-11-bilhoes/,https://www.alstom.com/press-releases-news/2012/10/alstom-intends-set-up-wind-tower-factory-canoas-rio-grande-do-sul (year only),https://renewablesnow.com/news/alstom-opens-wind-tower-factory-in-brazil-370730/ (year only),https://www.alstom.com/press-releases-news/2012/10/alstom-intends-set-up-wind-tower-factory-canoas-rio-grande-do-sul,,Operational
Wind,HARW001,Envision Energy,China,Completed,India,Pune (Maharashtra),2018,2018,Wind,Manufacturing,25,0,0,0,,https://www.envision-group.com/,https://www.prnewswire.com/il/news-releases/envision-energy-awarded-2000-mw-wind-turbine-contract-in-india-856635258.html,https://www.prnewswire.com/il/news-releases/envision-energy-awarded-2000-mw-wind-turbine-contract-in-india-856635258.html,https://www.prnewswire.com/il/news-releases/envision-energy-awarded-2000-mw-wind-turbine-contract-in-india-856635258.htmll,,https://www.prnewswire.com/il/news-releases/envision-energy-awarded-2000-mw-wind-turbine-contract-in-india-856635258.html,https://www.prnewswire.com/il/news-releases/envision-energy-awarded-2000-mw-wind-turbine-contract-in-india-856635258.html,https://www.prnewswire.com/il/news-releases/envision-energy-awarded-2000-mw-wind-turbine-contract-in-india-856635258.html,,Operational
Wind,HARW020,Sinoma,China,Announced,Uzbekistan,Jizzakh,2025,N/A,Wind,Manufacturing,25,0,0,0,,http://yp.sinomatech.com/en/,https://mp.weixin.qq.com/s/VbnZ1HtrkmvQp9Arlmqf_g,https://www.yicaiglobal.com/news/chinas-sinoma-to-build-wind-turbine-blade-plant-in-uzbekistan-for-usd252-million,https://www.yicaiglobal.com/news/chinas-sinoma-to-build-wind-turbine-blade-plant-in-uzbekistan-for-usd252-million,,https://mp.weixin.qq.com/s/VbnZ1HtrkmvQp9Arlmqf_g,,https://mp.weixin.qq.com/s/VbnZ1HtrkmvQp9Arlmqf_g,,Announced only
Wind,FDI81356,Alstom,France,Completed,United States,Amarillo (Texas),2010,2011,Wind,Manufacturing,25,0,0,0,,https://www.alstom.com/press-releases-news/2010/5/wind-turbine-nacelle-assembly-amarillo,https://www.alstom.com/press-releases-news/2010/5/wind-turbine-nacelle-assembly-amarillo,https://www.alstom.com/press-releases-news/2010/5/wind-turbine-nacelle-assembly-amarillo,https://www.industrialinfo.com/news/article/alstom-wind-north-america-nears-completion-of-texas-manufacturing-plant--174044,https://piracicaba.sp.gov.br/noticias/hyundai-anuncia-investimentos-de-r-55-bilhoes-no-parque-automotivo-de-piracicaba/,https://www.alstom.com/press-releases-news/2010/5/wind-turbine-nacelle-assembly-amarillo (year only),https://www.alstom.com/press-releases-news/2010/5/wind-turbine-nacelle-assembly-amarillo (year only),https://www.alstom.com/press-releases-news/2010/5/wind-turbine-nacelle-assembly-amarillo,,Operational
Wind,New_SINOMAT_UZ1,Sinomatech,China,Announced,Uzbekistan,Navoi (Navoi Free Economic Zone),2025,2028,Wind,Manufacturing,25,0,0,0,,https://www.uzdaily.uz/en/sino-wind-energy-plans-to-set-up-wind-turbine-blade-production-in-uzbekistan/,https://www.uzdaily.uz/en/sino-wind-energy-plans-to-set-up-wind-turbine-blade-production-in-uzbekistan/,https://www.uzdaily.uz/en/sino-wind-energy-plans-to-set-up-wind-turbine-blade-production-in-uzbekistan/,https://www.uzdaily.uz/en/sino-wind-energy-plans-to-set-up-wind-turbine-blade-production-in-uzbekistan/,https://www.cnnbrasil.com.br/auto/caoa-anuncia-r-5-bi-na-fabrica-de-anapolis-para-produzir-changan-e-chery/,https://www.uzdaily.uz/en/sino-wind-energy-plans-to-set-up-wind-turbine-blade-production-in-uzbekistan/ (year only),https://www.cnnbrasil.com.br/auto/caoa-anuncia-r-5-bi-na-fabrica-de-anapolis-para-produzir-changan-e-chery/,https://www.uzdaily.uz/en/sino-wind-energy-plans-to-set-up-wind-turbine-blade-production-in-uzbekistan/,,Announced only
Wind,FDI84860,ABB (Asea Brown Boveri),Switzerland,Completed,India,Vadodara (Gujarat),2010,2010,Wind,Manufacturing,24,0,0,0,,https://www.automation.com/en-us/articles/2010-2/abb-opens-wind-power-factory-in-india,https://www.automation.com/en-us/articles/2010-2/abb-opens-wind-power-factory-in-india,https://www.automation.com/en-us/articles/2010-2/abb-opens-wind-power-factory-in-india,https://timesofindia.indiatimes.com/city/vadodara/abb-to-invest-rs-200-crore-in-vadodara/articleshow/6332611.cms,https://news.chevrolet.com.br/newsroom.detail.html/Pages/news/br/pt/2024/aug/0904-investe.html,https://www.automation.com/en-us/articles/2010-2/abb-opens-wind-power-factory-in-india (year only),https://www.automation.com/en-us/articles/2010-2/abb-opens-wind-power-factory-in-india (year only),https://www.automation.com/en-us/articles/2010-2/abb-opens-wind-power-factory-in-india,,Operational
Wind,FDI105458,Alstom,France,Completed,United Kingdom,Stafford (Staffordshire),2011,2013,Wind,Manufacturing,23,0,0,0,,https://www.alstom.com/press-releases-news/2012/5/alstom-grid-celebrates-50-years-of-hvdc-expertise-in-stafford-and-invests-in-new-manufacturing-facilities,https://www.alstom.com/press-releases-news/2012/5/alstom-grid-celebrates-50-years-of-hvdc-expertise-in-stafford-and-invests-in-new-manufacturing-facilities,https://www.alstom.com/press-releases-news/2012/5/alstom-grid-celebrates-50-years-of-hvdc-expertise-in-stafford-and-invests-in-new-manufacturing-facilities,https://www.newcivilengineer.com/archive/alstom-grid-to-supply-boosters-for-wind-energy-projects-02-03-2011/,https://www.diariodepernambuco.com.br/economia/2026/01/11704527-stellantis-investe-rs13-bilhoes-no-polo-de-goiana.html,https://www.alstom.com/press-releases-news/2012/5/alstom-grid-celebrates-50-years-of-hvdc-expertise-in-stafford-and-invests-in-new-manufacturing-facilities (year only),https://www.alstom.com/press-releases-news/2012/5/alstom-grid-celebrates-50-years-of-hvdc-expertise-in-stafford-and-invests-in-new-manufacturing-facilities (year only),[UNVERIFIED] https://www.alstom.com/press-releases-news/2012/5/alstom-grid-celebrates-50-years-of-hvdc-expertise-in-stafford-and-invests-in-new-manufacturing-facilities,,Operational
Wind,FDI40918,Acciona,Spain,Completed,United States,West Branch (Iowa),2007,2008,Wind,Manufacturing,23,0,0,0,,https://nawindpower.com/acciona-completes-iowa-wind-turbine-manufacturing-facility,https://nawindpower.com/acciona-completes-iowa-wind-turbine-manufacturing-facility,https://nawindpower.com/acciona-completes-iowa-wind-turbine-manufacturing-facility,https://nawindpower.com/acciona-completes-iowa-wind-turbine-manufacturing-facility,https://istoedinheiro.com.br/stellantis-vai-investir-r-3-bilhoes-em-fabrica-da-citroen-ate-2030-no-rj,https://nawindpower.com/acciona-completes-iowa-wind-turbine-manufacturing-facility (year only),https://nawindpower.com/acciona-completes-iowa-wind-turbine-manufacturing-facility (year only),https://nawindpower.com/acciona-completes-iowa-wind-turbine-manufacturing-facility,,Operational
Wind,HARW011,Paguld,China,Commenced,Thailand,Chonburi,2024,N/A,Wind,Manufacturing,22,0,0,0,,https://en.paguld.com/,https://mp.weixin.qq.com/s/GcqRdPmJplKoo3C8dvoGcw,https://mp.weixin.qq.com/s/1HXwP5dYsLg63-3wYubUkw,https://www.stcn.com/article/detail/3566835.html?u_atoken=8929707868ba82fe5a88f33fad5174b4&u_asig=ffbfd,,https://mp.weixin.qq.com/s/Rg90uBNPkA_W7OO02iemqw,,https://mp.weixin.qq.com/s/1HXwP5dYsLg63-3wYubUkw,,Under construction
Wind,HARW002,Sinoma,China,Completed,Brazil,Camaçari (Bahia),2021,2023,Wind,Manufacturing,20,0,0,0,,http://yp.sinomatech.com/en/,http://yp.sinomatech.com/en/news/9746.html,http://yp.sinomatech.com/en/contact/index.html,https://money.finance.sina.com.cn/corp/view/vCB_AllBulletinDetail.php?stockid=002080&id=7737887,https://www.renewableenergyworld.com/wind-power/turbines-equipment/winergy-siemens-open/,https://money.finance.sina.com.cn/corp/view/vCB_AllBulletinDetail.php?stockid=002080&id=7737887,http://yp.sinomatech.com/en/news/9746.html,http://yp.sinomatech.com/en/cybj_detail.thtml?id=9424,,Operational
Wind,HARW006,Envision Energy,China,Commenced,Kazakhstan,Khorgos (Almaty),2024,N/A,Wind,Manufacturing,20,0,1,1,Kazakhstan Utility Systems,https://www.envision-group.com/,https://www.energy-storage.news/envision-builds-gigawatt-scale-wind-turbine-energy-storage-factory-in-kazakhstan/,https://renewablesnow.com/news/envision-energy-local-partner-break-ground-on-factory-in-kazakhstan-1269529/,https://www.energy-storage.news/envision-builds-gigawatt-scale-wind-turbine-energy-storage-factory-in-kazakhstan/,,https://www.renews.biz/97417/envision-to-build-turbine-factory-in-kazakhstan/,,https://www.energy-storage.news/envision-builds-gigawatt-scale-wind-turbine-energy-storage-factory-in-kazakhstan/,https://www.envision-group.com/,Under construction
Wind,FDI213504,WEG,Brazil,Completed,India,Hosur (Tamil Nadu),2017,2018,Wind,Manufacturing,20,0,0,0,,https://www.weg.net/institutional/US/en/news/corporate/weg-announces-entry-into-the-indian-wind-market,https://www.weg.net/institutional/US/en/news/corporate/weg-inaugurates-plant-in-india,https://www.weg.net/institutional/US/en/news/corporate/weg-announces-entry-into-the-indian-wind-market,Investment value not publicly disclosed,https://exame.com/negocios/gwm-anuncia-segunda-fabrica-no-brasil-e-escolhe-espirito-santo-para-novo-polo-automotivo/,https://www.weg.net/institutional/US/en/news/corporate/weg-announces-entry-into-the-indian-wind-market (year only),https://www.weg.net/institutional/US/en/news/corporate/weg-inaugurates-plant-in-india (year only),https://www.weg.net/institutional/US/en/news/corporate/weg-announces-entry-into-the-indian-wind-market,,Operational
Wind,FDI56879,Siemens,Germany,Completed,United States,Elgin (Illinois),2008,2009,Wind,Manufacturing,20,0,1,1,Winergy Drive Systems Corp,https://www.areadevelopment.com/newsitems/8-31-2009/siemens-winergy-open-new-illinois-plant.shtml,https://www.areadevelopment.com/newsitems/8-31-2009/siemens-winergy-open-new-illinois-plant.shtml,https://www.areadevelopment.com/newsitems/8-31-2009/siemens-winergy-open-new-illinois-plant.shtml,https://www.areadevelopment.com/newsitems/8-31-2009/siemens-winergy-open-new-illinois-plant.shtml,https://www.renewableenergyworld.com/wind-power/turbines-equipment/winergy-siemens-open/,https://www.areadevelopment.com/newsitems/8-31-2009/siemens-winergy-open-new-illinois-plant.shtml (year only),https://www.areadevelopment.com/newsitems/8-31-2009/siemens-winergy-open-new-illinois-plant.shtml (year only),https://www.areadevelopment.com/newsitems/8-31-2009/siemens-winergy-open-new-illinois-plant.shtml,https://www.renewableenergyworld.com/wind-power/turbines-equipment/winergy-siemens-open/,Operational
Wind,FDI82213,Siemens,Germany,Completed,Canada,Tillsonburg (Ontario),2010,2011,Wind,Manufacturing,19.9,0,0,0,,https://building.ca/siemens-selects-tillsonburg-ontario-as-new-home-for-canadian-wind-turbine-blade-manufacturing-facili/,https://www.canadianmanufacturing.com/manufacturing/siemens-celebrates-1000th-ontario-built-wind-turbine-blade-145239/,https://building.ca/siemens-selects-tillsonburg-ontario-as-new-home-for-canadian-wind-turbine-blade-manufacturing-facili/,https://building.ca/siemens-selects-tillsonburg-ontario-as-new-home-for-canadian-wind-turbine-blade-manufacturing-facili/,https://www.cnnbrasil.com.br/economia/negocios/volvo-investira-r-25-bilhoes-no-brasil-ate-2028/,https://building.ca/siemens-selects-tillsonburg-ontario-as-new-home-for-canadian-wind-turbine-blade-manufacturing-facili/ (year only),https://www.canadianmanufacturing.com/manufacturing/siemens-celebrates-1000th-ontario-built-wind-turbine-blade-145239/ (year only),https://building.ca/siemens-selects-tillsonburg-ontario-as-new-home-for-canadian-wind-turbine-blade-manufacturing-facili/,,Operational
Wind,HARW004,Envision Energy,China,Completed,India,Trichy (Tamil Nadu),2022,2023,Wind,Manufacturing,19.6,0,0,0,,https://www.envision-group.com/,https://www.greatplacetowork.in/great/company/envision/,https://www.greatplacetowork.in/great/company/envision/,https://theinvestor.vn/solar-module-majors-bullish-on-vietnam-d417.html,,https://reglobal.org/envision-energy-wins-a-2-gw-wind-turbine-project-in-india/?utm_source=chatgpt.com,https://www.greatplacetowork.in/great/company/envision/,https://www.vmsconsultants.com/news/envision-wind-power-blade-manufacturing-facility-at-trichy/,,Operational
Wind,FDI100819,Gamesa,Spain,Completed,United Kingdom,Bellshill (North Lanarkshire),2011,2015,Wind,"Design, Development & Testing",19.6,0,0,0,,https://www.renewableenergymagazine.com/wind/gamesa-opens-offshore-wind-r-amp-d,https://www.renewableenergymagazine.com/wind/gamesa-opens-offshore-wind-r-amp-d,https://www.renewableenergymagazine.com/wind/gamesa-opens-offshore-wind-r-amp-d,https://www.renewableenergymagazine.com/wind/gamesa-opens-offshore-wind-r-amp-d,https://autopapo.com.br/noticia/vw-investe-r-13-bi-ate-2028/,https://blogovate.typepad.com/renewables/2011/10/offshore-wind-rd-centre-in-glasgow-opened-by-gamesa.html (year only),[UNVERIFIED] fDi Markets (FT),https://www.renewableenergymagazine.com/wind/gamesa-opens-offshore-wind-r-amp-d,,Operational
Wind,HARW008,Goldwind,China,Completed,Brazil,Camaçari (Bahia),2024,2024,Wind,Manufacturing,18.2,0,0,0,,https://www.goldwind.com/en/,https://www.goldwind.com/en/news/focus-1014195289512395776/,https://www.goldwind.com/en/news/focus-1014195289512395776/,https://renewablesnow.com/news/goldwind-inaugurates-factory-in-brazils-bahia-1st-outside-china-867206/,,https://www.goldwind.com/cn/news/focus-973876587105867776/?id=980493776088974336,https://www.goldwind.com/en/news/focus-1014195289512395776/,https://www.goldwind.com/en/news/focus-1014195289512395776/,,Operational
Wind,FDI195437,Vestas Wind Systems,Denmark,Completed,Russia,Ulyanovsk,2018,2018,Wind,Manufacturing,17.5,0,0,0,,https://renewablesnow.com/news/vestas-opens-russian-blade-manufacturing-site-636535/,https://renewablesnow.com/news/vestas-opens-russian-blade-manufacturing-site-636535/,https://renewablesnow.com/news/vestas-opens-russian-blade-manufacturing-site-636535/,Investment value not publicly disclosed,https://smabc.org.br/fabrica-da-volkswagen-em-sao-bernardo-recebera-hibrido-flex-em-2026/,https://www.windpowermonthly.com/article/1521046/vestas-opens-russian-blade-factory (year only),https://renewablesnow.com/news/vestas-opens-russian-blade-manufacturing-site-636535/ (year only),https://renewablesnow.com/news/vestas-opens-russian-blade-manufacturing-site-636535/,,Operational
Wind,FDI46965,LM Wind Power (LM Glasfiber),Denmark,Completed,China,Urumqi (Xinjiang),2007,2010,Wind,Manufacturing,17,0,0,0,,https://www.compositesworld.com/articles/high-wind-in-china,https://www.compositesworld.com/articles/high-wind-in-china,https://www.compositesworld.com/articles/high-wind-in-china,https://www.industrialinfo.com/news/article/chinas-xinjiang-to-boost-wind-power--115408,https://www.campograndenews.com.br/veiculos/a-volkswagen-anuncia-investimento-de-16-bilhoes-e-16-novos-veiculos-ate-2028,https://www.compositesworld.com/articles/high-wind-in-china (year only),https://www.compositesworld.com/articles/high-wind-in-china (year only),https://www.compositesworld.com/articles/high-wind-in-china,,Operational
Wind,FDI154161,Senvion (REpower Systems),Germany,Completed,India,Bangalore (Karnataka),2015,2015,Wind,"Design, Development & Testing",17,0,0,0,,https://www.business-standard.com/content/b2b-manufacturing-industry/german-wind-turbine-maker-senvion-opens-r-d-centre-in-bangalore-115070700526_1.html,https://www.business-standard.com/content/b2b-manufacturing-industry/german-wind-turbine-maker-senvion-opens-r-d-centre-in-bangalore-115070700526_1.html,https://www.business-standard.com/content/b2b-manufacturing-industry/german-wind-turbine-maker-senvion-opens-r-d-centre-in-bangalore-115070700526_1.html,Investment value not publicly disclosed,https://tpicomposites.com/about/global-footprint-manufacturing-operations/,https://www.business-standard.com/content/b2b-manufacturing-industry/german-wind-turbine-maker-senvion-opens-r-d-centre-in-bangalore-115070700526_1.html (year only),https://www.windpowermonthly.com/article/1354694/senvion-open-indian-r-d-centre (year only),https://www.business-standard.com/content/b2b-manufacturing-industry/german-wind-turbine-maker-senvion-opens-r-d-centre-in-bangalore-115070700526_1.html,,Operational
Wind,HARW007,Envision Energy,China,Announced,Saudi Arabia,Saudi Arabia (site TBD),2024,N/A,Wind,Manufacturing,16.5,0,1,1,"PIF, Vision Industries",https://www.envision-group.com/,https://www.envision-group.com/news-detail?id=66977acc8c6f4501ad86173f&lang=en,https://www.envision-group.com/news-detail?id=66977acc8c6f4501ad86173f&lang=en,https://theinvestor.vn/solar-module-majors-bullish-on-vietnam-d417.html,"https://visionindustries.com/news-posts/vision-industries-join-hands-with-pif-and-global-partners-to-manufacture-green-energy-systems-in-saudi-arabia/#:~:text=The%20first%20agreement%20involves%20a%20JV%20with,RELC%2040%25%20and%20Vision%20Industries%20holds%2010%25.",https://www.envision-group.com/news-detail?id=66977acc8c6f4501ad86173f&lang=en,,https://www.envision-group.com/news-detail?id=66977acc8c6f4501ad86173f&lang=en,"https://visionindustries.com/news-posts/vision-industries-join-hands-with-pif-and-global-partners-to-manufacture-green-energy-systems-in-saudi-arabia/#:~:text=The%20first%20agreement%20involves%20a%20JV%20with,RELC%2040%25%20and%20Vision%20Industries%20holds%2010%25.",Announced only
Wind,FDI84912,Areva,France,Completed,Germany,Bremerhaven (Bremen),2010,2011,Wind,Manufacturing,16.5,0,1,1,Multibrid GmbH,https://www.renewableenergyworld.com/wind-power/areva-multibrids-series-production-an-ambitious-growth-path/,https://www.renewableenergyworld.com/wind-power/areva-multibrids-series-production-an-ambitious-growth-path/,https://www.renewableenergyworld.com/wind-power/areva-multibrids-series-production-an-ambitious-growth-path/,https://www.offshorewind.biz/2011/11/22/areva-tests-5mw-turbines-in-new-test-bench-in-bremerhaven-germany/,https://www.renewableenergyworld.com/wind-power/areva-multibrids-series-production-an-ambitious-growth-path/,https://www.renewableenergyworld.com/wind-power/areva-multibrids-series-production-an-ambitious-growth-path/ (year only),https://www.renewableenergyworld.com/wind-power/areva-multibrids-series-production-an-ambitious-growth-path/ (year only),https://www.renewableenergyworld.com/wind-power/areva-multibrids-series-production-an-ambitious-growth-path/,https://www.renewableenergyworld.com/wind-power/areva-multibrids-series-production-an-ambitious-growth-path/,Operational
Wind,FDI59496,Xinjiang Goldwind Science & Technology (Goldwind),China,Completed,Germany,Neunkirchen (Saarland),2008,2008,Wind,Research & Development,16.2,0,0,0,,http://www.goldwindinternational.com/about/reg_europe.html,http://www.goldwindinternational.com/about/reg_europe.html,https://www.vensys.de/en/company/,http://ftp01.economist.com.hk/GroupIT/Goldwind-Corporate-Brochure.pdf,https://www.chemengonline.com/umicore-to-increase-global-production-of-nmc-cathode-materials/?printmode=1,http://www.goldwindinternational.com/about/reg_europe.html (year only),http://www.goldwindinternational.com/about/reg_europe.html (year only),http://www.goldwindinternational.com/about/reg_europe.html,,Operational
Wind,FDI101675,Vestas Wind Systems,Denmark,Completed,United States,Marlborough (Massachusetts),2011,2012,Wind,"Design, Development & Testing",16,0,0,0,,https://www.windpowermonthly.com/article/1121515/vestas-cancels-massachusetts-r-d-facility,[UNVERIFIED] https://www.windpowermonthly.com/article/1121515/vestas-cancels-massachusetts-r-d-facility,https://www.windpowermonthly.com/article/1121515/vestas-cancels-massachusetts-r-d-facility,https://www.metrowestdailynews.com/story/business/2012/03/07/vestas-backs-out-plans-to/37909167007/,http://www.dongwhaelectrolyte.com/en/dongwha/map.asp,https://www.windpowermonthly.com/article/1121515/vestas-cancels-massachusetts-r-d-facility (year only),[UNVERIFIED] https://www.windpowermonthly.com/article/1121515/vestas-cancels-massachusetts-r-d-facility,https://www.windpowermonthly.com/article/1121515/vestas-cancels-massachusetts-r-d-facility,,Operational
Wind,FDI30157,Vestas Wind Systems,Denmark,Completed,China,Tianjin,2005,2006,Wind,Manufacturing,15.75,0,0,0,,"https://news.cision.com/vestas-wind-systems-a-s/r/vestas-wind-systems--vestas-establishes-blade-factory-in-tianjin--china,c2965158","https://news.cision.com/vestas-wind-systems-a-s/r/vestas-wind-systems--vestas-establishes-blade-factory-in-tianjin--china,c2965158","https://news.cision.com/vestas-wind-systems-a-s/r/vestas-wind-systems--vestas-establishes-blade-factory-in-tianjin--china,c2965158","https://news.cision.com/vestas-wind-systems-a-s/r/vestas-wind-systems--vestas-establishes-blade-factory-in-tianjin--china,c2965158",https://www.enchem.net/eng/main.php#mainsection03,"https://news.cision.com/vestas-wind-systems-a-s/r/vestas-wind-systems--vestas-establishes-blade-factory-in-tianjin--china,c2965158 (year only)","https://news.cision.com/vestas-wind-systems-a-s/r/vestas-wind-systems--vestas-establishes-blade-factory-in-tianjin--china,c2965158 (year only)","https://news.cision.com/vestas-wind-systems-a-s/r/vestas-wind-systems--vestas-establishes-blade-factory-in-tianjin--china,c2965158",,Operational
Wind,HARW012,SANY RE,China,Completed,India,Pune (Maharashtra),2024,2025,Wind,Manufacturing,14.5,0,0,0,,https://www.sany.in/,,,https://www.vestas.com/en/media/company-news/2017/vestas-strengthens-research-and-development-capabilitie-c2963618,,"https://www.sany.in/news/sany-india-secures-1-6-gw-wind-turbine-contracts-strengthening-position-in-indias-wind-energy-sector/#:~:text=Notably%2C%20these%20wind%20turbines%20will%20be%20manufactured,furthering%20the%20company's%20commitment%20to%20local%20manufacturing.",,,,Operational
Wind,FDI177263,Vestas Wind Systems,Denmark,Completed,Portugal,Porto,2017,2017,Wind,"Design, Development & Testing",14.5,0,0,0,,https://www.vestas.com/en/media/company-news/2017/vestas-strengthens-research-and-development-capabilitie-c2963618,https://www.vestas.com/en/media/company-news/2017/vestas-strengthens-research-and-development-capabilitie-c2963618,https://www.vestas.com/en/media/company-news/2017/vestas-strengthens-research-and-development-capabilitie-c2963618,https://www.vestas.com/en/media/company-news/2017/vestas-strengthens-research-and-development-capabilitie-c2963618,https://www.businesspost.co.kr/BP?command=article_view&num=424818,https://www.vestas.com/en/media/company-news/2017/vestas-strengthens-research-and-development-capabilitie-c2963618 (year only),https://www.windpowerengineering.com/vestas-opens-new-wind-rd-design-center-portugal/ (year only),https://www.vestas.com/en/media/company-news/2017/vestas-strengthens-research-and-development-capabilitie-c2963618,,Operational
Wind,FDI136711,Siemens,Germany,Completed,Serbia,Subotica (Vojvodina),2013,2014,Wind,Manufacturing,13.3,1,0,0,,https://www.windpowermonthly.com/article/1067949/siemens-increase-serbian-production-capacity,https://www.windpowermonthly.com/article/1067949/siemens-increase-serbian-production-capacity,https://www.windpowermonthly.com/article/1067949/siemens-increase-serbian-production-capacity,https://www.ekapija.com/en/news/697167/siemens-to-invest-eur-10-million-in-production-in-serbia-every-fourth,https://www.electrive.com/2024/04/29/bmw-makes-china-site-fit-for-the-neue-klasse/,https://www.windpowermonthly.com/article/1067949/siemens-increase-serbian-production-capacity (year only),https://www.windpowermonthly.com/article/1067949/siemens-increase-serbian-production-capacity (year only),https://www.windpowermonthly.com/article/1067949/siemens-increase-serbian-production-capacity,,Operational
Wind,FDI193131,Xinjiang Goldwind Science & Technology (Goldwind),China,Completed,Denmark,Hinnerup (Central Jutland),2018,2018,Wind,Research & Development,12.7,0,0,0,,https://renewablesnow.com/news/goldwind-opens-new-danish-office-to-expand-activities-620130/,https://renewablesnow.com/news/goldwind-opens-new-danish-office-to-expand-activities-620130/,https://renewablesnow.com/news/goldwind-opens-new-danish-office-to-expand-activities-620130/,https://goldwinddenmark.com/,https://www.volkswagen-group.com/en/press-releases/volkswagen-group-commences-climate-friendly-meb-production-at-foshan-and-anting-plants-17115/download?disposition=attachment,https://renewablesnow.com/news/goldwind-opens-new-danish-office-to-expand-activities-620130/ (year only),https://renewablesnow.com/news/goldwind-opens-new-danish-office-to-expand-activities-620130/ (year only),https://renewablesnow.com/news/goldwind-opens-new-danish-office-to-expand-activities-620130/,,Operational
Wind,HARW015,Goldwind,China,Commenced,Saudi Arabia,Starah Wind Farm,2025,N/A,Wind,Manufacturing,12.5,0,0,0,,https://www.goldwind.com/en/,https://mp.weixin.qq.com/s/vy3y9QP9Wq9Xe6syYJ0O9Q,https://mp.weixin.qq.com/s/vy3y9QP9Wq9Xe6syYJ0O9Q,https://www.prnewswire.com/news-releases/siemens-opens-us-wind-service-distribution-center-in-woodward-oklahoma-139478503.html,,https://mp.weixin.qq.com/s/vy3y9QP9Wq9Xe6syYJ0O9Q,,https://mp.weixin.qq.com/s/vy3y9QP9Wq9Xe6syYJ0O9Q,,Under construction
Wind,FDI96558,Siemens,Germany,Completed,United States,Woodward (Oklahoma),2011,2012,Wind,"Logistics, Distribution & Transportation",12.5,0,0,0,,https://www.prnewswire.com/news-releases/siemens-opens-us-wind-service-distribution-center-in-woodward-oklahoma-139478503.html,https://www.prnewswire.com/news-releases/siemens-opens-us-wind-service-distribution-center-in-woodward-oklahoma-139478503.html,https://www.prnewswire.com/news-releases/siemens-opens-us-wind-service-distribution-center-in-woodward-oklahoma-139478503.html,https://www.prnewswire.com/news-releases/siemens-opens-us-wind-service-distribution-center-in-woodward-oklahoma-139478503.html,https://www.volkswagen-group.com/en/press-releases/volkswagen-group-commences-climate-friendly-meb-production-at-foshan-and-anting-plants-17115/download?disposition=attachment,https://www.prnewswire.com/news-releases/siemens-opens-us-wind-service-distribution-center-in-woodward-oklahoma-139478503.html (year only),https://www.prnewswire.com/news-releases/siemens-opens-us-wind-service-distribution-center-in-woodward-oklahoma-139478503.html (year only),https://www.prnewswire.com/news-releases/siemens-opens-us-wind-service-distribution-center-in-woodward-oklahoma-139478503.html,,Operational
Wind,HARW016,Goldwind,China,Announced,Turkey,İzmir,2025,N/A,Wind,Manufacturing,12,0,1,1,Dere Construction,https://www.goldwind.com/en/,https://balkangreenenergynews.com/china-based-goldwind-to-build-wind-turbine-blade-factory-in-turkey/,https://balkangreenenergynews.com/china-based-goldwind-to-build-wind-turbine-blade-factory-in-turkey/,https://nawindpower.com/lm-wind-power-blade-facility-set-for-expansion,,https://balkangreenenergynews.com/china-based-goldwind-to-build-wind-turbine-blade-factory-in-turkey/,,https://balkangreenenergynews.com/china-based-goldwind-to-build-wind-turbine-blade-factory-in-turkey/,https://www.goldwind.com/en/,Announced only
Wind,HARW017,Power China,China,Announced,Vietnam,Ca Na (Ninh Thuận),2024,N/A,Wind,Manufacturing,12,0,1,1,Trung Nam Group,https://en.powerchina.cn/,https://www.vietnam.vn/en/tap-doan-trung-nam-hop-tac-cung-power-china-san-xuat-tru-canh-dien-gio-tai-ninh-thuan,https://www.vietnam.vn/en/tap-doan-trung-nam-hop-tac-cung-power-china-san-xuat-tru-canh-dien-gio-tai-ninh-thuan,https://w3.windfair.net/wind-energy/news/1634-vestas-establishes-nacelle-assembly-factory-in-spain,,https://www.vietnam.vn/en/tap-doan-trung-nam-hop-tac-cung-power-china-san-xuat-tru-canh-dien-gio-tai-ninh-thuan,,https://www.vietnam.vn/en/tap-doan-trung-nam-hop-tac-cung-power-china-san-xuat-tru-canh-dien-gio-tai-ninh-thuan,https://en.powerchina.cn/,Announced only
Wind,FDI173233,LM Wind Power (LM Glasfiber),Denmark,Completed,Canada,Gaspesie (Quebec),2017,2017,Wind,Manufacturing,12,1,0,0,,https://nawindpower.com/lm-wind-power-blade-facility-set-for-expansion,https://nawindpower.com/lm-wind-power-blade-facility-set-for-expansion,https://www.ebmag.com/lm-wind-power-expanding-gaspe-wind-turbine-blade-facility-again/,https://nawindpower.com/lm-wind-power-blade-facility-set-for-expansion,https://volkswagengroupchina.com.cn/en/volkswagengroupchina/chronology,https://nawindpower.com/lm-wind-power-blade-facility-set-for-expansion (year only),https://nawindpower.com/lm-wind-power-blade-facility-set-for-expansion (year only),https://www.ebmag.com/lm-wind-power-expanding-gaspe-wind-turbine-blade-facility-again/,,Operational
Wind,FDI21851,Vestas Wind Systems,Denmark,Completed,Spain,Villandangos del Paramo (Castile and León),2005,2006,Wind,Manufacturing,12,0,0,0,,https://w3.windfair.net/wind-energy/news/1634-vestas-establishes-nacelle-assembly-factory-in-spain,https://w3.windfair.net/wind-energy/news/1634-vestas-establishes-nacelle-assembly-factory-in-spain,https://w3.windfair.net/wind-energy/news/1634-vestas-establishes-nacelle-assembly-factory-in-spain,https://w3.windfair.net/wind-energy/news/1634-vestas-establishes-nacelle-assembly-factory-in-spain,https://volkswagengroupchina.com.cn/en/partner/volkswagenanhui,https://w3.windfair.net/wind-energy/news/1634-vestas-establishes-nacelle-assembly-factory-in-spain (year only),https://w3.windfair.net/wind-energy/news/1634-vestas-establishes-nacelle-assembly-factory-in-spain (year only),https://w3.windfair.net/wind-energy/news/1634-vestas-establishes-nacelle-assembly-factory-in-spain,,Operational
Wind,HARW019,Shanghai Electric,China,Announced,Uzbekistan,Fergana,2025,N/A,Wind,Manufacturing,10,0,0,0,,https://www.shanghai-electric.com/,https://daryo.uz/en/2025/08/24/uzbekistan-chinese-firms-discuss-industrial-park-and-wind-energy-project-in-fergana/,https://daryo.uz/en/2025/08/24/uzbekistan-chinese-firms-discuss-industrial-park-and-wind-energy-project-in-fergana/,https://renewablesnow.com/news/suzlon-aeris-start-wind-turbine-blades-production-in-brazil-289650/,https://www.compositesworld.com/articles/cw-plant-tour-aeris-energy-caucaia-brazil,https://daryo.uz/en/2025/08/24/uzbekistan-chinese-firms-discuss-industrial-park-and-wind-energy-project-in-fergana/,,https://daryo.uz/en/2025/08/24/uzbekistan-chinese-firms-discuss-industrial-park-and-wind-energy-project-in-fergana/,,Announced only
Wind,FDI59501,Vestas Wind Systems,Denmark,Completed,China,Tianjin,2008,2009,Wind,Manufacturing,10,1,0,0,,https://www.vestas.com/en/about/this-is-vestas/history/from-2005-2008,https://invest.teda.gov.cn/contents/1489/95625.html,https://invest.teda.gov.cn/contents/1489/95625.html,https://www.power-eng.com/renewables/wind-energy/vestas-to-establish-generator-factory-in-tianjin-china/,https://cnevpost.com/2024/12/18/audi-faw-plant-goes-into-production/,https://www.vestas.com/en/about/this-is-vestas/history/from-2005-2008 (year only),https://invest.teda.gov.cn/contents/1489/95625.html (year only),https://invest.teda.gov.cn/contents/1489/95625.html,,Operational
Wind,FDI85646,Suzlon Energy,India,Completed,Brazil,Caucaia (Ceará),2010,2014,Wind,Manufacturing,10,0,0,0,,https://renewablesnow.com/news/suzlon-aeris-start-wind-turbine-blades-production-in-brazil-289650/,https://renewablesnow.com/news/suzlon-aeris-start-wind-turbine-blades-production-in-brazil-289650/,https://renewablesnow.com/news/suzlon-aeris-start-wind-turbine-blades-production-in-brazil-289650/,https://renewablesnow.com/news/suzlon-aeris-start-wind-turbine-blades-production-in-brazil-289650/,https://www.compositesworld.com/articles/cw-plant-tour-aeris-energy-caucaia-brazil,https://renewablesnow.com/news/suzlon-aeris-start-wind-turbine-blades-production-in-brazil-289650/ (year only),https://renewablesnow.com/news/suzlon-aeris-start-wind-turbine-blades-production-in-brazil-289650/ (year only),https://renewablesnow.com/news/suzlon-aeris-start-wind-turbine-blades-production-in-brazil-289650/,,Operational
Wind,FDI41317,LM Wind Power (LM Glasfiber),Denmark,Completed,India,Dabaspet (Karnataka),2005,2006,Wind,"Design, Development & Testing",9,0,0,0,,https://www.lmwindpower.com/en/services/technology-centers/technology-center-india,https://www.lmwindpower.com/en/services/technology-centers/technology-center-india,https://www.lmwindpower.com/en/services/technology-centers/technology-center-india,https://renewablewatch.in/2017/06/01/lm-wind-power/,https://govt.chinadaily.com.cn/s/202307/06/WS64a65d9a498ea274927c3042/beijing-benz-automotive-co-ltd.html,[UNVERIFIED] fDi Markets (FT),[UNVERIFIED] fDi Markets (FT),https://www.lmwindpower.com/en/services/technology-centers/technology-center-india,,Operational
Wind,HARW021,Windey,China,Completed,Brazil,Salvador (Bahia),2025,2025,Wind,Manufacturing,7.6,0,0,0,,https://www.windeyenergy.com/en,https://www.windeyenergy.com/en/news_show?id=185,https://www.windeyenergy.com/en/news_show?id=185,https://renewablesnow.com/news/acciona-windpower-to-build-usd-76m-tower-factory-in-brazil-544559/,,https://mp.weixin.qq.com/s/JbPTZck-RY3j81lmmyG1ag,https://mp.weixin.qq.com/s/JbPTZck-RY3j81lmmyG1ag,https://www.windeyenergy.com/en/news_show?id=185,,Operational
Wind,FDI169844,Acciona,Spain,Completed,Brazil,Mulungu do Morro (Bahia),2016,2017,Wind,Manufacturing,7.6,0,0,0,,https://renewablesnow.com/news/acciona-windpower-to-build-usd-76m-tower-factory-in-brazil-544559/,https://renewablesnow.com/news/acciona-windpower-to-build-usd-76m-tower-factory-in-brazil-544559/,https://renewablesnow.com/news/acciona-windpower-to-build-usd-76m-tower-factory-in-brazil-544559/,https://renewablesnow.com/news/acciona-windpower-to-build-usd-76m-tower-factory-in-brazil-544559/,https://www.electrive.com/2024/12/13/hyundai-and-baic-to-launch-joint-venture-in-china/,https://renewablesnow.com/news/acciona-windpower-to-build-usd-76m-tower-factory-in-brazil-544559/ (year only),https://renewablesnow.com/news/acciona-windpower-to-build-usd-76m-tower-factory-in-brazil-544559/ (year only),https://renewablesnow.com/news/acciona-windpower-to-build-usd-76m-tower-factory-in-brazil-544559/,,Operational
Wind,FDI128040,Acciona,Spain,Completed,Brazil,Simões Filho (Bahia),2013,2015,Wind,Manufacturing,3.6,0,0,0,,https://www.acciona.com/updates/news/acciona-windpower-opens-wind-turbine-plant-brazil-biggest-market-sales-3-mw-turbine,https://www.acciona.com/updates/news/acciona-windpower-opens-wind-turbine-plant-brazil-biggest-market-sales-3-mw-turbine,https://www.acciona.com/updates/news/acciona-windpower-opens-wind-turbine-plant-brazil-biggest-market-sales-3-mw-turbine,https://petronoticias.com.br/empresa-espanhola-inaugura-empreendimento-eolico-na-bahia/,https://www.electrive.com/2023/07/11/saic-gm-to-build-third-ev-factory-in-china/,https://www.acciona.com/updates/news/acciona-windpower-opens-wind-turbine-plant-brazil-biggest-market-sales-3-mw-turbine (year only),https://www.windsystemsmag.com/acciona-opens-turbine-assembly-plant-in-brazil/ (year only),https://www.acciona.com/updates/news/acciona-windpower-opens-wind-turbine-plant-brazil-biggest-market-sales-3-mw-turbine,,Operational
Wind,FDI195239,Siemens,Germany,Completed,Spain,Madrid,2018,2018,Wind,Research & Development,3.54,0,0,0,,https://www.siemensgamesa.com/global/en/home.html,https://www.siemensgamesa.com/global/en/home/press-releases/180517-pr-sgre-new-technology-centre-madrid.html,https://www.siemensgamesa.com/global/en/home/press-releases/180517-pr-sgre-new-technology-centre-madrid.html,https://www.siemensgamesa.com/global/en/home/press-releases/180517-pr-sgre-new-technology-centre-madrid.html,https://www.electrive.com/2023/01/06/saic-gm-open-second-electric-car-plant-in-china/,fDi Markets (FT),https://www.siemensgamesa.com/global/en/home/press-releases/180517-pr-sgre-new-technology-centre-madrid.html,https://www.siemensgamesa.com/global/en/home/press-releases/180517-pr-sgre-new-technology-centre-madrid.html,,Operational
Wind,FDI87990,Siemens,Germany,Completed,United Kingdom,Leeds (West Yorkshire),2010,2011,Wind,Manufacturing,1.93,0,0,0,,[UNVERIFIED] fDi Markets (FT),[UNVERIFIED] fDi Markets (FT),[UNVERIFIED] fDi Markets (FT),https://www.offshorewind.biz/2011/02/18/siemens-mechanical-drives-moves-from-bradford-to-stourton-leeds-uk/,https://www.umicore.com/en/media/newsroom/umicore-to-acquire-cobalt-refinery-and-cathode-precursor-operations-in-finland/,[UNVERIFIED] fDi Markets (FT),[UNVERIFIED] fDi Markets (FT),[UNVERIFIED] fDi Markets (FT),,Operational
Wind,FDI149949,Alstom,France,Completed,United Kingdom,Manchester (Greater Manchester),2015,2015,Wind,"Logistics, Distribution & Transportation",1.7,0,0,0,,https://www.alstom.com/press-releases-news/2012/10/alstom-awarded-contract-to-supply-and-service-equipment-for-new-gas-fired-power-station-at-carrington-manchester,https://www.alstom.com/press-releases-news/2012/10/alstom-awarded-contract-to-supply-and-service-equipment-for-new-gas-fired-power-station-at-carrington-manchester,https://www.alstom.com/press-releases-news/2015/4/alstom-invests-13-million-in-its-facilities-in-north-west,https://www.alstom.com/press-releases-news/2015/4/alstom-invests-13-million-in-its-facilities-in-north-west,https://www.alstom.com/press-releases-news/2015/4/alstom-invests-13-million-in-its-facilities-in-north-west,https://www.alstom.com/press-releases-news/2015/4/alstom-invests-13-million-in-its-facilities-in-north-west,https://www.alstom.com/press-releases-news/2015/4/alstom-invests-13-million-in-its-facilities-in-north-west,https://www.alstom.com/press-releases-news/2012/10/alstom-awarded-contract-to-supply-and-service-equipment-for-new-gas-fired-power-station-at-carrington-manchester,,Operational
Wind,FDI141246,Siemens,Germany,Completed,United Kingdom,Leeds (West Yorkshire),2014,2016,Wind,Manufacturing,1.69,0,0,0,,https://www.siemens.com/press/en/feature/2014/energy/2014-03-hull.php,https://greenporthull.co.uk/business-support-job-seekers/news/world-class-siemens-factory-produces-first-blade-at-green-port-hull,https://www.siemens.com/press/en/feature/2014/energy/2014-03-hull.php,https://www.gov.uk/government/news/siemens-to-build-major-offshore-wind-manufacturing-site-in-the-uk,https://finance.yahoo.com/news/xtc-energy-orano-announce-construction-144800456.html,https://www.siemens.com/press/en/feature/2014/energy/2014-03-hull.php (year only),https://greenporthull.co.uk/business-support-job-seekers/news/world-class-siemens-factory-produces-first-blade-at-green-port-hull (year only),https://www.siemens.com/press/en/feature/2014/energy/2014-03-hull.php,,Operational
Wind,FDI175397,Siemens,Germany,Under Construction,United Kingdom,Leeds (West Yorkshire),2017,2026,Wind,Manufacturing,1.24,0,0,0,,https://www.siemens.com/press/en/feature/2014/energy/2014-03-hull.php,https://greenporthull.co.uk/business-support-job-seekers/news/world-class-siemens-factory-produces-first-blade-at-green-port-hull,https://www.siemens.com/press/en/feature/2014/energy/2014-03-hull.php,https://www.themanufacturer.com/articles/siemens-leeds-announces-1m-investment/,https://www.theworldfolio.com/interviews/enchem-the-winning-plan-to-dominate-the-battery-electrolyte-market/6407/,https://www.siemens.com/press/en/feature/2014/energy/2014-03-hull.php (year only),[UNVERIFIED] fDi Markets (FT),https://www.siemens.com/press/en/feature/2014/energy/2014-03-hull.php,,Under construction
Wind,New_CSWind_US1,CS Wind Corporation (Choong San Corporation),South Korea,Commenced,United States,Pueblo (Colorado),2023,2026,Wind,Manufacturing,,0,0,0,,https://www.cswind.com/en/media_room/news/?v=1456&board=common&category=news,https://www.cpr.org/2023/04/06/wind-tower-manufacturing-plant-pueblo-county-expansion/,https://www.cpr.org/2023/04/06/wind-tower-manufacturing-plant-pueblo-county-expansion/,Investment value not publicly disclosed,https://www.mi.com/global/discover/article?id=5474,https://www.cpr.org/2023/04/06/wind-tower-manufacturing-plant-pueblo-county-expansion/ (year only),https://www.greencarstocks.com/xiaomi-opens-ev-development-facility-in-germany-as-it-targets-european-market/,https://www.cpr.org/2023/04/06/wind-tower-manufacturing-plant-pueblo-county-expansion/,,Under construction
Wind,FDI196786,Vestas Wind Systems,Denmark,Completed,Brazil,Aquiraz (Ceará),2018,2019,Wind,Manufacturing,,0,0,0,,https://www.windsystemsmag.com/vestas-inaugurates-hub-and-nacelle-factory-in-brazil/,https://www.evwind.es/2019/11/13/wind-energy-vestas-opens-factory-with-624-wind-turbines-already-ordered-in-ceara/71796,https://www.windsystemsmag.com/vestas-inaugurates-hub-and-nacelle-factory-in-brazil/,https://www.vestas.com/en/media/company-news/2018/vestas-to-produce-the-v150-4-2-mw-wind-turbine-in-the-s-c2963299,https://www.cartoq.com/car-news/renault-to-acquire-full-control-of-chennai-plant-from-nissan-by-2025/,https://www.windsystemsmag.com/vestas-inaugurates-hub-and-nacelle-factory-in-brazil/ (year only),https://www.evwind.es/2019/11/13/wind-energy-vestas-opens-factory-with-624-wind-turbines-already-ordered-in-ceara/71796 (year only),https://www.windsystemsmag.com/vestas-inaugurates-hub-and-nacelle-factory-in-brazil/,,Operational
Wind,New_SANY_EG1,Sany,China,Commenced,Egypt,Ain Sokhna (Suez),2025,N/A,Wind,Manufacturing,,0,0,0,,https://renewablesnow.com/news/chinas-sany-in-talks-to-build-wind-turbine-factory-in-egypt-1288591/,https://egyptoil-gas.com/news/esmat-chinas-sany-discuss-plans-to-launch-egypts-first-wind-turbine-plant/,https://renewablesnow.com/news/chinas-sany-in-talks-to-build-wind-turbine-factory-in-egypt-1288591/,Investment value not publicly disclosed,https://www.scmp.com/country-reports/country-reports/topics/south-korea-business-report-2021/article/3128603/rd-and-new,https://renewablesnow.com/news/chinas-sany-in-talks-to-build-wind-turbine-factory-in-egypt-1288591/ (year only),,https://renewablesnow.com/news/chinas-sany-in-talks-to-build-wind-turbine-factory-in-egypt-1288591/,,Under construction
Wind,FDI224137,Nordex,Germany,Completed,Spain,Motilla del Palancar (Castilla-La Mancha),2020,2020,Wind,Manufacturing,,0,0,0,,https://www.nordex-online.com/en/2020/07/the-nordex-group-around-the-world-spain/,https://www.nordex-online.com/en/2020/07/the-nordex-group-around-the-world-spain/,https://www.nordex-online.com/en/2020/07/the-nordex-group-around-the-world-spain/,Investment value not publicly disclosed,https://www.audi.com.mx/,https://evwind.aeeolica.org/2020/06/26/nordex-to-build-concrete-tower-factory-for-wind-turbines-for-wind-energy-in-spain/75349 (year only),https://www.nordex-online.com/en/2020/07/the-nordex-group-around-the-world-spain/ (year only),https://www.nordex-online.com/en/2020/07/the-nordex-group-around-the-world-spain/,,Operational
Wind,FDI176887,LM Wind Power (LM Glasfiber),Denmark,Completed,China,Baodi (Tianjin),2017,2017,Wind,Manufacturing,,0,0,0,,https://www.lmwindpower.com/en/stories-and-press/stories/news-from-lm-places/lm-wind-power-announces-fourth-chinese-factory-in-baodi,https://www.lmwindpower.com/en/stories-and-press/stories/news-from-lm-places/lm-wind-power-announces-fourth-chinese-factory-in-baodi,https://www.lmwindpower.com/en/stories-and-press/stories/news-from-lm-places/lm-wind-power-announces-fourth-chinese-factory-in-baodi,Investment value not publicly disclosed,https://www.prnewswire.com/news-releases/sona-comstar-inaugurates-new-manufacturing-plant-in-mexico-to-cater-to-growing-ev-demand-in-north-america-302123244.html,https://www.lmwindpower.com/en/stories-and-press/stories/news-from-lm-places/lm-wind-power-announces-fourth-chinese-factory-in-baodi (year only),https://www.lmwindpower.com/en/stories-and-press/stories/news-from-lm-places/lm-wind-power-announces-fourth-chinese-factory-in-baodi (year only),https://www.lmwindpower.com/en/stories-and-press/stories/news-from-lm-places/lm-wind-power-announces-fourth-chinese-factory-in-baodi,,Operational
Wind,FDI201190,CRRC,China,Completed,Denmark,Copenhagen (Capital Region),2016,2019,Wind,Research & Development,,0,0,0,,https://www.copcap.com/cases/crrc-wind-power-opens-european-rd-office-in-copenhagen,https://www.copcap.com/cases/crrc-wind-power-opens-european-rd-office-in-copenhagen,https://www.copcap.com/cases/crrc-wind-power-opens-european-rd-office-in-copenhagen,Investment value not publicly disclosed,https://www.lsems.com/en/,https://www.offshorewind.biz/2019/02/01/chinese-turbine-manufacturer-opens-rd-office-denmark/ (year only),https://www.copcap.com/cases/crrc-wind-power-opens-european-rd-office-in-copenhagen (year only),https://www.copcap.com/cases/crrc-wind-power-opens-european-rd-office-in-copenhagen,,Operational
Wind,FDI161506,Suzlon Energy,India,Completed,Denmark,Vejle (Southern Denmark),2016,2016,Wind,"Design, Development & Testing",,0,0,0,,https://www.offshorewind.biz/2016/02/03/suzlon-opens-blade-science-center-in-denmark/,https://www.offshorewind.biz/2016/02/03/suzlon-opens-blade-science-center-in-denmark/,https://www.offshorewind.biz/2016/02/03/suzlon-opens-blade-science-center-in-denmark/,Investment value not publicly disclosed,https://tpicomposites.com/about/global-footprint-manufacturing-operations/,https://www.offshorewind.biz/2016/02/03/suzlon-opens-blade-science-center-in-denmark/ (year only),https://www.offshorewind.biz/2016/02/03/suzlon-opens-blade-science-center-in-denmark/ (year only),https://www.offshorewind.biz/2016/02/03/suzlon-opens-blade-science-center-in-denmark/,,Operational
Wind,FDI159787,Envision Energy,China,Completed,United States,Boulder (Colorado),2015,2016,Wind,"Design, Development & Testing",,0,0,0,,https://www.prnewswire.com/news-releases/envision-energy-establishes-global-blade-innovation-center-in-boulder-colorado-300206436.html,https://www.prnewswire.com/news-releases/envision-energy-establishes-global-blade-innovation-center-in-boulder-colorado-300206436.html,https://www.prnewswire.com/news-releases/envision-energy-establishes-global-blade-innovation-center-in-boulder-colorado-300206436.html,Investment value not publicly disclosed,https://w3.windfair.net/wind-energy/news/21020-mexico-tpi-launches-second-mexico-wind-blade-plant-and-expands-its-agreement-with-gamesa,https://www.prnewswire.com/news-releases/envision-energy-establishes-global-blade-innovation-center-in-boulder-colorado-300206436.html (year only),https://renewablesnow.com/news/envision-energy-sets-up-turbine-blade-r-d-centre-in-colorado-510050/ (year only),https://www.prnewswire.com/news-releases/envision-energy-establishes-global-blade-innovation-center-in-boulder-colorado-300206436.html,,Operational
Wind,FDI90907,Gamesa,Spain,Completed,Singapore,Singapore,2011,2011,Wind,Research & Development,,0,0,0,,https://www.renewable-energy-industry.com/countries/article-2430-gamesa-opens-technology-lab-in-singapore,https://www.renewable-energy-industry.com/countries/article-2430-gamesa-opens-technology-lab-in-singapore,https://www.renewable-energy-industry.com/countries/article-2430-gamesa-opens-technology-lab-in-singapore,Investment value not publicly disclosed,https://www.renewable-energy-industry.com/countries/article-2430-gamesa-opens-technology-lab-in-singapore,https://www.renewable-energy-industry.com/countries/article-2430-gamesa-opens-technology-lab-in-singapore (year only),https://www.renewable-energy-industry.com/countries/article-2430-gamesa-opens-technology-lab-in-singapore (year only),https://www.renewable-energy-industry.com/countries/article-2430-gamesa-opens-technology-lab-in-singapore,,Operational
Wind,FDI81701,Gamesa,Spain,Completed,China,Da’an (Jilin),2010,2011,Wind,Manufacturing,,0,0,0,,https://www.reliableplant.com/Read/24492/Gamesa-expands-presence-China,https://www.reliableplant.com/Read/24492/Gamesa-expands-presence-China,https://www.reliableplant.com/Read/24492/Gamesa-expands-presence-China,Investment value not publicly disclosed,https://www.yicaiglobal.com/news/chinas-ronbay-gets-go-ahead-to-hike-battery-materials-capacity-in-south-korea,https://www.reliableplant.com/Read/24492/Gamesa-expands-presence-China (year only),https://www.rechargenews.com/wind/gamesa-completes-500mw-jilin-nacelle-assembly-plant/1-1-844286 (year only),https://www.reliableplant.com/Read/24492/Gamesa-expands-presence-China,,Operational
Wind,FDI71528,LM Wind Power (LM Glasfiber),Denmark,Completed,Poland,Goleniow (West Pomerania),2008,2009,Wind,Manufacturing,,0,0,0,,https://www.windtech-international.com/company-news/lm-glasfiber-inaugurates-blade-factory-in-poland,https://www.windtech-international.com/company-news/lm-glasfiber-inaugurates-blade-factory-in-poland,https://www.windtech-international.com/company-news/lm-glasfiber-inaugurates-blade-factory-in-poland,Investment value not publicly disclosed,https://www.edaily.co.kr/News/Read?newsId=02952006638856776&mediaCodeNo=257,https://netcomposites.com/news/lm-glasfiber-inaugurates-blade-factory-in-poland/ (year only),https://www.windtech-international.com/company-news/lm-glasfiber-inaugurates-blade-factory-in-poland (year only),https://www.windtech-international.com/company-news/lm-glasfiber-inaugurates-blade-factory-in-poland,,Operational
Wind,FDI59504,Vestas Wind Systems,Denmark,Completed,United Kingdom,Isle of Wight,2008,2008,Wind,"Design, Development & Testing",,0,0,0,,https://w3.windfair.net/wind-energy/news/6442-vestas-closes-blade-factory-on-the-isle-of-wight-uk,https://w3.windfair.net/wind-energy/news/6442-vestas-closes-blade-factory-on-the-isle-of-wight-uk,https://w3.windfair.net/wind-energy/news/6442-vestas-closes-blade-factory-on-the-isle-of-wight-uk,Investment value not publicly disclosed,https://www.the-big-green-machine.com/siteid/609,https://w3.windfair.net/wind-energy/news/6442-vestas-closes-blade-factory-on-the-isle-of-wight-uk (year only),https://w3.windfair.net/wind-energy/news/6442-vestas-closes-blade-factory-on-the-isle-of-wight-uk (year only),https://w3.windfair.net/wind-energy/news/6442-vestas-closes-blade-factory-on-the-isle-of-wight-uk,,Ceased operations
EV,New_Stellantis_US7,Stellantis,Netherlands,Operational,United States,Detroit (Michigan),2019,2021,EV,Manufacturing,1600,0,0,0,,https://media.stellantisnorthamerica.com/newsrelease.do?id=20661,https://media.stellantisnorthamerica.com/newsrelease.do?id=20661,https://media.stellantisnorthamerica.com/newsrelease.do?id=20661,https://media.stellantisnorthamerica.com/newsrelease.do?id=20661,https://media.stellantisnorthamerica.com/newsrelease.do?id=20661,https://media.stellantisnorthamerica.com/newsrelease.do?id=20661 02/26/2019,https://media.stellantisnorthamerica.com/newsrelease.do?id=20661,https://media.stellantisnorthamerica.com/newsrelease.do?id=20661,,Operational
Battery,New_Enchem_US3,Enchem,South Korea,Operational,United States,Jackson County (Georgia),2020,2022,Battery,Manufacturing,30.68,0,0,0,,https://gov.georgia.gov/press-releases/2020-01-22/enchem-build-two-facilities-jackson-county-create-300-jobs,https://gov.georgia.gov/press-releases/2020-01-22/enchem-build-two-facilities-jackson-county-create-300-jobs,https://gov.georgia.gov/press-releases/2020-01-22/enchem-build-two-facilities-jackson-county-create-300-jobs,https://gov.georgia.gov/press-releases/2020-01-22/enchem-build-two-facilities-jackson-county-create-300-jobs,https://gov.georgia.gov/press-releases/2020-01-22/enchem-build-two-facilities-jackson-county-create-300-jobs,https://gov.georgia.gov/press-releases/2020-01-22/enchem-build-two-facilities-jackson-county-create-300-jobs,https://gov.georgia.gov/press-releases/2020-01-22/enchem-build-two-facilities-jackson-county-create-300-jobs,https://gov.georgia.gov/press-releases/2020-01-22/enchem-build-two-facilities-jackson-county-create-300-jobs,,Operational
Battery,New_Syrah_US2,Syrah,Australia,Operational,United States,Vidalia (Louisiana),2018,2024,Battery,Manufacturing,176,0,0,0,,https://www.opportunitylouisiana.gov/led-news/news-releases/news/2022/02/15/louisiana-gains-foothold-in-ev-battery-supply-chain-with-$176-million-syrah-technologies-expansion,https://www.opportunitylouisiana.gov/led-news/news-releases/news/2022/02/15/louisiana-gains-foothold-in-ev-battery-supply-chain-with-$176-million-syrah-technologies-expansion,https://www.opportunitylouisiana.gov/led-news/news-releases/news/2022/02/15/louisiana-gains-foothold-in-ev-battery-supply-chain-with-$176-million-syrah-technologies-expansion,https://www.opportunitylouisiana.gov/led-news/news-releases/news/2022/02/15/louisiana-gains-foothold-in-ev-battery-supply-chain-with-$176-million-syrah-technologies-expansion,https://www.opportunitylouisiana.gov/led-news/news-releases/news/2022/02/15/louisiana-gains-foothold-in-ev-battery-supply-chain-with-$176-million-syrah-technologies-expansion,https://www.opportunitylouisiana.gov/led-news/news-releases/news/2022/02/15/louisiana-gains-foothold-in-ev-battery-supply-chain-with-$176-million-syrah-technologies-expansion,https://www.opportunitylouisiana.gov/led-news/news-releases/news/2022/02/15/louisiana-gains-foothold-in-ev-battery-supply-chain-with-$176-million-syrah-technologies-expansion,https://www.opportunitylouisiana.gov/led-news/news-releases/news/2022/02/15/louisiana-gains-foothold-in-ev-battery-supply-chain-with-$176-million-syrah-technologies-expansion,,Operational
EV,New_Nissan_US2,Nissan,Japan,Cancelled,United States,Canton (Mississippi),2022,N/A,EV,Manufacturing,500,0,0,0,,https://www.reuters.com/business/autos-transportation/nissan-will-build-two-electric-vehicles-its-mississippi-plant-2022-02-17/,https://www.reuters.com/business/autos-transportation/nissan-will-build-two-electric-vehicles-its-mississippi-plant-2022-02-17/,https://www.reuters.com/business/autos-transportation/nissan-will-build-two-electric-vehicles-its-mississippi-plant-2022-02-17/,https://www.reuters.com/business/autos-transportation/nissan-will-build-two-electric-vehicles-its-mississippi-plant-2022-02-17/,https://www.reuters.com/business/autos-transportation/nissan-will-build-two-electric-vehicles-its-mississippi-plant-2022-02-17/,https://www.reuters.com/business/autos-transportation/nissan-will-build-two-electric-vehicles-its-mississippi-plant-2022-02-17/,,https://www.reuters.com/business/autos-transportation/nissan-will-build-two-electric-vehicles-its-mississippi-plant-2022-02-17/,,Ceased operations
Battery,New_GraphiteOne_US1,Graphite One,Canada,Announced,United States,Washington (state; site TBD),2022,N/A,Battery,Manufacturing,580,0,0,0,,https://www.graphiteoneinc.com/graphite-one-announces-location-of-its-advanced-graphite-anode-facility/,https://www.graphiteoneinc.com/graphite-one-announces-location-of-its-advanced-graphite-anode-facility/,https://www.graphiteoneinc.com/graphite-one-announces-location-of-its-advanced-graphite-anode-facility/,https://www.graphiteoneinc.com/graphite-one-announces-location-of-its-advanced-graphite-anode-facility/,https://www.graphiteoneinc.com/graphite-one-announces-location-of-its-advanced-graphite-anode-facility/,https://www.graphiteoneinc.com/graphite-one-announces-location-of-its-advanced-graphite-anode-facility/,https://www.graphiteoneinc.com/graphite-one-announces-location-of-its-advanced-graphite-anode-facility/,https://www.graphiteoneinc.com/graphite-one-announces-location-of-its-advanced-graphite-anode-facility/,,Announced only
Battery,New_AESC_US2,AESC,Japan,Under Construction,United States,Bowling Green (Kentucky),2022,2027,Battery,Manufacturing,2000,0,0,0,,https://apnews.com/article/technology-business-kentucky-bowling-green-89f5d275e3a8a02e4790bb049bda8053,https://apnews.com/article/technology-business-kentucky-bowling-green-89f5d275e3a8a02e4790bb049bda8053,https://apnews.com/article/technology-business-kentucky-bowling-green-89f5d275e3a8a02e4790bb049bda8053,https://apnews.com/article/technology-business-kentucky-bowling-green-89f5d275e3a8a02e4790bb049bda8053,https://apnews.com/article/technology-business-kentucky-bowling-green-89f5d275e3a8a02e4790bb049bda8053,https://apnews.com/article/technology-business-kentucky-bowling-green-89f5d275e3a8a02e4790bb049bda8053,https://www.tradeandindustrydev.com/region/kentucky/news/ky-officials-celebrate-aescs-bowling-green-32294 (year only),https://apnews.com/article/technology-business-kentucky-bowling-green-89f5d275e3a8a02e4790bb049bda8053,,Under construction
Battery,New_Koura_US1,Koura,Mexico,Under Construction,United States,St. Gabriel (Louisiana),2022,2026,Battery,Manufacturing,203.29,0,0,0,,https://www.energy.gov/sites/default/files/2022-10/DOE%20BIL%20Battery%20FOA-2678%20Selectee%20Fact%20Sheets%20-%201_2.pdf,https://www.energy.gov/sites/default/files/2022-10/DOE%20BIL%20Battery%20FOA-2678%20Selectee%20Fact%20Sheets%20-%201_2.pdf,https://www.energy.gov/sites/default/files/2022-10/DOE%20BIL%20Battery%20FOA-2678%20Selectee%20Fact%20Sheets%20-%201_2.pdf,https://www.energy.gov/sites/default/files/2022-10/DOE%20BIL%20Battery%20FOA-2678%20Selectee%20Fact%20Sheets%20-%201_2.pdf,https://www.energy.gov/sites/default/files/2022-10/DOE%20BIL%20Battery%20FOA-2678%20Selectee%20Fact%20Sheets%20-%201_2.pdf,https://www.energy.gov/sites/default/files/2022-10/DOE%20BIL%20Battery%20FOA-2678%20Selectee%20Fact%20Sheets%20-%201_2.pdf,https://www.opportunitylouisiana.gov/news/koura-proposes-800-million-investment-in-two-ev-battery-supply-chain-projects-in-iberville-parish (year only),https://www.energy.gov/sites/default/files/2022-10/DOE%20BIL%20Battery%20FOA-2678%20Selectee%20Fact%20Sheets%20-%201_2.pdf,,Under construction
EV,New_Bosch_US1,Bosch,Germany,Operational,United States,Charleston (South Carolina),2022,2023,EV,Manufacturing,260,0,0,0,,https://cleantechnica.com/2022/10/26/bosch-set-to-invest-260-million-create-350-jobs-in-sc/,https://cleantechnica.com/2022/10/26/bosch-set-to-invest-260-million-create-350-jobs-in-sc/,https://cleantechnica.com/2022/10/26/bosch-set-to-invest-260-million-create-350-jobs-in-sc/,https://cleantechnica.com/2022/10/26/bosch-set-to-invest-260-million-create-350-jobs-in-sc/,https://cleantechnica.com/2022/10/26/bosch-set-to-invest-260-million-create-350-jobs-in-sc/,https://cleantechnica.com/2022/10/26/bosch-set-to-invest-260-million-create-350-jobs-in-sc/,https://cleantechnica.com/2022/10/26/bosch-set-to-invest-260-million-create-350-jobs-in-sc/,https://cleantechnica.com/2022/10/26/bosch-set-to-invest-260-million-create-350-jobs-in-sc/,,Operational
EV,New_Nissan_US3,Nissan,Japan,Announced,United States,Decherd (Tennessee),2023,N/A,EV,Manufacturing,250,0,0,0,,https://www.electrive.com/2023/01/24/nissan-invests-in-e-mobility-production-in-the-usa/,https://www.electrive.com/2023/01/24/nissan-invests-in-e-mobility-production-in-the-usa/,https://www.electrive.com/2023/01/24/nissan-invests-in-e-mobility-production-in-the-usa/,https://www.electrive.com/2023/01/24/nissan-invests-in-e-mobility-production-in-the-usa/,https://www.electrive.com/2023/01/24/nissan-invests-in-e-mobility-production-in-the-usa/,https://www.electrive.com/2023/01/24/nissan-invests-in-e-mobility-production-in-the-usa/,https://www.electrive.com/2023/01/24/nissan-invests-in-e-mobility-production-in-the-usa/,https://www.electrive.com/2023/01/24/nissan-invests-in-e-mobility-production-in-the-usa/,,Announced only
Battery,New_LioChem_US1,LioChem,Japan,Announced,United States,Simpson County (Kentucky),2023,N/A,Battery,Manufacturing,104.4,0,0,0,,https://artience-liochem.com/toyo-ink-establishes-second-u-s-production-site-for-li-ion-battery-materials/,https://artience-liochem.com/toyo-ink-establishes-second-u-s-production-site-for-li-ion-battery-materials/,https://artience-liochem.com/toyo-ink-establishes-second-u-s-production-site-for-li-ion-battery-materials/,https://artience-liochem.com/toyo-ink-establishes-second-u-s-production-site-for-li-ion-battery-materials/,https://artience-liochem.com/toyo-ink-establishes-second-u-s-production-site-for-li-ion-battery-materials/,https://artience-liochem.com/toyo-ink-establishes-second-u-s-production-site-for-li-ion-battery-materials/,https://artience-liochem.com/toyo-ink-establishes-second-u-s-production-site-for-li-ion-battery-materials/,https://artience-liochem.com/toyo-ink-establishes-second-u-s-production-site-for-li-ion-battery-materials/,,Announced only
Battery,New_Fortescue_US1,Fortescue,Australia,Operational,United States,Detroit (Michigan),2023,2025,Battery,Manufacturing,52.5,0,0,0,,https://www.mlive.com/public-interest/2024/01/australian-company-turning-old-michigan-auto-factory-into-210m-battery-plant.html,https://www.mlive.com/public-interest/2024/01/australian-company-turning-old-michigan-auto-factory-into-210m-battery-plant.html,https://www.mlive.com/public-interest/2024/01/australian-company-turning-old-michigan-auto-factory-into-210m-battery-plant.html,https://www.mlive.com/public-interest/2024/01/australian-company-turning-old-michigan-auto-factory-into-210m-battery-plant.html,https://www.mlive.com/public-interest/2024/01/australian-company-turning-old-michigan-auto-factory-into-210m-battery-plant.html,https://www.mlive.com/public-interest/2024/01/australian-company-turning-old-michigan-auto-factory-into-210m-battery-plant.html,https://www.ess-news.com/2024/10/16/fortescue-launches-us-manufacturing-plant-in-detroit-making-high-voltage-34-kwh-battery-packs/ (year only),https://www.mlive.com/public-interest/2024/01/australian-company-turning-old-michigan-auto-factory-into-210m-battery-plant.html,,Operational
Battery,New_Capchem_US1,Capchem,China,Announced,United States,Louisiana (site TBD),2023,N/A,Battery,Manufacturing,175,0,0,0,,https://www.opportunitylouisiana.gov/news/capchem-usa-evaluating-350-million-investment-to-establish-ev-battery-supply-chain-facility-in-louisiana,https://www.opportunitylouisiana.gov/news/capchem-usa-evaluating-350-million-investment-to-establish-ev-battery-supply-chain-facility-in-louisiana,https://www.opportunitylouisiana.gov/news/capchem-usa-evaluating-350-million-investment-to-establish-ev-battery-supply-chain-facility-in-louisiana,https://www.opportunitylouisiana.gov/news/capchem-usa-evaluating-350-million-investment-to-establish-ev-battery-supply-chain-facility-in-louisiana,https://www.opportunitylouisiana.gov/news/capchem-usa-evaluating-350-million-investment-to-establish-ev-battery-supply-chain-facility-in-louisiana,https://www.opportunitylouisiana.gov/news/capchem-usa-evaluating-350-million-investment-to-establish-ev-battery-supply-chain-facility-in-louisiana,https://www.opportunitylouisiana.gov/news/capchem-usa-evaluating-350-million-investment-to-establish-ev-battery-supply-chain-facility-in-louisiana,https://www.opportunitylouisiana.gov/news/capchem-usa-evaluating-350-million-investment-to-establish-ev-battery-supply-chain-facility-in-louisiana,,Announced only
Battery,New_UBE_US1,UBE,Japan,Under Construction,United States,Waggaman (Louisiana),2023,2026,Battery,Manufacturing,500,0,0,0,,https://www.fox8live.com/2023/12/11/louisiana-board-approves-80-million-tax-break-ev-battery-chemical-plant-with-9-permanent-jobs-waggaman/,https://www.fox8live.com/2023/12/11/louisiana-board-approves-80-million-tax-break-ev-battery-chemical-plant-with-9-permanent-jobs-waggaman/,https://www.fox8live.com/2023/12/11/louisiana-board-approves-80-million-tax-break-ev-battery-chemical-plant-with-9-permanent-jobs-waggaman/,https://www.fox8live.com/2023/12/11/louisiana-board-approves-80-million-tax-break-ev-battery-chemical-plant-with-9-permanent-jobs-waggaman/,https://www.fox8live.com/2023/12/11/louisiana-board-approves-80-million-tax-break-ev-battery-chemical-plant-with-9-permanent-jobs-waggaman/,https://www.fox8live.com/2023/12/11/louisiana-board-approves-80-million-tax-break-ev-battery-chemical-plant-with-9-permanent-jobs-waggaman/,https://www.ube.com/ube/en/news/2025/0217.html (year only),https://www.fox8live.com/2023/12/11/louisiana-board-approves-80-million-tax-break-ev-battery-chemical-plant-with-9-permanent-jobs-waggaman/,,Under construction
Battery,New_LGEnergySolution_US4,LG Energy Solution,South Korea,Under Construction,United States,Clarksville (Tennessee),2023,2025,Battery,Manufacturing,1600,0,0,0,,https://www.electrive.com/2023/12/20/lg-chem-commences-construction-of-mega-cam-factory-in-tennessee/,https://www.electrive.com/2023/12/20/lg-chem-commences-construction-of-mega-cam-factory-in-tennessee/,https://www.electrive.com/2023/12/20/lg-chem-commences-construction-of-mega-cam-factory-in-tennessee/,https://www.electrive.com/2023/12/20/lg-chem-commences-construction-of-mega-cam-factory-in-tennessee/,https://www.electrive.com/2023/12/20/lg-chem-commences-construction-of-mega-cam-factory-in-tennessee/,https://www.electrive.com/2023/12/20/lg-chem-commences-construction-of-mega-cam-factory-in-tennessee/,https://www.manufacturingdive.com/news/lg-chem-build-largest-cathode-plant-in-us-tennessee-gm-supplier/637182/ (year only),https://www.electrive.com/2023/12/20/lg-chem-commences-construction-of-mega-cam-factory-in-tennessee/,,Under construction
EV,New_Toyota_US4,Toyota,Japan,Under Construction,United States,Georgetown (Kentucky),2021,2026,EV,Manufacturing,650,0,0,0,,https://pressroom.toyota.com/toyota-bringing-battery-electric-vehicle-production-to-kentucky/,https://pressroom.toyota.com/toyota-bringing-battery-electric-vehicle-production-to-kentucky/,https://pressroom.toyota.com/toyota-bringing-battery-electric-vehicle-production-to-kentucky/,https://pressroom.toyota.com/toyota-bringing-battery-electric-vehicle-production-to-kentucky/,https://pressroom.toyota.com/toyota-bringing-battery-electric-vehicle-production-to-kentucky/,https://pressroom.toyota.com/toyota-bringing-battery-electric-vehicle-production-to-kentucky/,https://pressroom.toyota.com/toyota-bringing-battery-electric-vehicle-production-to-kentucky/ (year only),https://pressroom.toyota.com/toyota-bringing-battery-electric-vehicle-production-to-kentucky/,,Under construction
EV,New_JingJin_US1,Jing-Jin,China,Announced,United States,Farmington Hills (Michigan),2024,N/A,EV,Manufacturing,16.5,0,0,0,,https://www.areadevelopment.com/newsitems/2-22-2024/jing-jin_electric-north-america-farmington-hills-michigan.shtml,https://www.areadevelopment.com/newsitems/2-22-2024/jing-jin_electric-north-america-farmington-hills-michigan.shtml,https://www.areadevelopment.com/newsitems/2-22-2024/jing-jin_electric-north-america-farmington-hills-michigan.shtml,https://www.areadevelopment.com/newsitems/2-22-2024/jing-jin_electric-north-america-farmington-hills-michigan.shtml,https://www.areadevelopment.com/newsitems/2-22-2024/jing-jin_electric-north-america-farmington-hills-michigan.shtml,https://www.areadevelopment.com/newsitems/2-22-2024/jing-jin_electric-north-america-farmington-hills-michigan.shtml,https://www.areadevelopment.com/newsitems/2-22-2024/jing-jin_electric-north-america-farmington-hills-michigan.shtml,https://www.areadevelopment.com/newsitems/2-22-2024/jing-jin_electric-north-america-farmington-hills-michigan.shtml,,Announced only
EV,New_Schaeffler_US1,Schaeffler,Germany,Operational,United States,Dover (Ohio),2024,2025,EV,Manufacturing,230,0,0,0,,https://www.electrive.com/2024/02/27/schaeffler-expands-production-in-the-usa-for-ev-components/,https://www.electrive.com/2024/02/27/schaeffler-expands-production-in-the-usa-for-ev-components/,https://www.electrive.com/2024/02/27/schaeffler-expands-production-in-the-usa-for-ev-components/,https://www.electrive.com/2024/02/27/schaeffler-expands-production-in-the-usa-for-ev-components/,https://www.electrive.com/2024/02/27/schaeffler-expands-production-in-the-usa-for-ev-components/,https://www.electrive.com/2024/02/27/schaeffler-expands-production-in-the-usa-for-ev-components/,https://www.electrive.com/2024/02/27/schaeffler-expands-production-in-the-usa-for-ev-components/,https://www.electrive.com/2024/02/27/schaeffler-expands-production-in-the-usa-for-ev-components/,,Operational
Battery,New_AESC_US3,AESC,Japan,Announced,United States,Florence County (South Carolina),2024,N/A,Battery,Manufacturing,1500,0,0,0,,"https://governor.sc.gov/news/2024-03/aesc-grows-florence-county-operations-second-expansion-4-months#:~:text=COLUMBIA%2C%20S.C.%20%E2%80%93%20AESC%2C%20a,will%20create%201%2C080%20new%20jobs.","https://governor.sc.gov/news/2024-03/aesc-grows-florence-county-operations-second-expansion-4-months#:~:text=COLUMBIA%2C%20S.C.%20%E2%80%93%20AESC%2C%20a,will%20create%201%2C080%20new%20jobs.","https://governor.sc.gov/news/2024-03/aesc-grows-florence-county-operations-second-expansion-4-months#:~:text=COLUMBIA%2C%20S.C.%20%E2%80%93%20AESC%2C%20a,will%20create%201%2C080%20new%20jobs.","https://governor.sc.gov/news/2024-03/aesc-grows-florence-county-operations-second-expansion-4-months#:~:text=COLUMBIA%2C%20S.C.%20%E2%80%93%20AESC%2C%20a,will%20create%201%2C080%20new%20jobs.","https://governor.sc.gov/news/2024-03/aesc-grows-florence-county-operations-second-expansion-4-months#:~:text=COLUMBIA%2C%20S.C.%20%E2%80%93%20AESC%2C%20a,will%20create%201%2C080%20new%20jobs.","https://governor.sc.gov/news/2024-03/aesc-grows-florence-county-operations-second-expansion-4-months#:~:text=COLUMBIA%2C%20S.C.%20%E2%80%93%20AESC%2C%20a,will%20create%201%2C080%20new%20jobs.","https://governor.sc.gov/news/2024-03/aesc-grows-florence-county-operations-second-expansion-4-months#:~:text=COLUMBIA%2C%20S.C.%20%E2%80%93%20AESC%2C%20a,will%20create%201%2C080%20new%20jobs.","https://governor.sc.gov/news/2024-03/aesc-grows-florence-county-operations-second-expansion-4-months#:~:text=COLUMBIA%2C%20S.C.%20%E2%80%93%20AESC%2C%20a,will%20create%201%2C080%20new%20jobs.",,Announced only
Battery,New_OrbiaFluorEnergy_US1,Orbia Fluor & Energy Materials,Mexico,Operational,United States,Madison (Wisconsin),2025,2025,Battery,Manufacturing,4.2,0,0,0,,https://www.orbia.com/this-is-orbia/news-and-stories/US-Wisconsin-Senator-Tammy-Baldw-Inaugurates-Orbia-Fluor-Energy-Materials-Custom-Electrolyte-Facility/,https://www.orbia.com/this-is-orbia/news-and-stories/US-Wisconsin-Senator-Tammy-Baldw-Inaugurates-Orbia-Fluor-Energy-Materials-Custom-Electrolyte-Facility/,https://www.orbia.com/this-is-orbia/news-and-stories/US-Wisconsin-Senator-Tammy-Baldw-Inaugurates-Orbia-Fluor-Energy-Materials-Custom-Electrolyte-Facility/,https://www.orbia.com/this-is-orbia/news-and-stories/US-Wisconsin-Senator-Tammy-Baldw-Inaugurates-Orbia-Fluor-Energy-Materials-Custom-Electrolyte-Facility/,https://www.orbia.com/this-is-orbia/news-and-stories/US-Wisconsin-Senator-Tammy-Baldw-Inaugurates-Orbia-Fluor-Energy-Materials-Custom-Electrolyte-Facility/,https://www.orbia.com/this-is-orbia/news-and-stories/US-Wisconsin-Senator-Tammy-Baldw-Inaugurates-Orbia-Fluor-Energy-Materials-Custom-Electrolyte-Facility/,https://www.orbia.com/this-is-orbia/news-and-stories/US-Wisconsin-Senator-Tammy-Baldw-Inaugurates-Orbia-Fluor-Energy-Materials-Custom-Electrolyte-Facility/,https://www.orbia.com/this-is-orbia/news-and-stories/US-Wisconsin-Senator-Tammy-Baldw-Inaugurates-Orbia-Fluor-Energy-Materials-Custom-Electrolyte-Facility/,,Operational
Battery,New_GraphiteOne_US2,Graphite One,Canada,Announced,United States,Trumbull County (Ohio),2025,N/A,Battery,Manufacturing,3485,0,0,0,,https://www.wfmj.com/story/52777438/report-reveals-size-of-proposed-billion-dollar-graphite-plant-in-weathersfield,https://www.wfmj.com/story/52777438/report-reveals-size-of-proposed-billion-dollar-graphite-plant-in-weathersfield,https://www.wfmj.com/story/52777438/report-reveals-size-of-proposed-billion-dollar-graphite-plant-in-weathersfield,https://www.wfmj.com/story/52777438/report-reveals-size-of-proposed-billion-dollar-graphite-plant-in-weathersfield,https://www.wfmj.com/story/52777438/report-reveals-size-of-proposed-billion-dollar-graphite-plant-in-weathersfield,https://www.wfmj.com/story/52777438/report-reveals-size-of-proposed-billion-dollar-graphite-plant-in-weathersfield,https://www.wfmj.com/story/52777438/report-reveals-size-of-proposed-billion-dollar-graphite-plant-in-weathersfield,https://www.wfmj.com/story/52777438/report-reveals-size-of-proposed-billion-dollar-graphite-plant-in-weathersfield,,Announced only
EV,New_Honda_TH1,Honda,Japan,Operational,Thailand,Prachinburi (Rojana Industrial Park),2018,2024,EV,Manufacturing,180,0,0,0,,https://finance.yahoo.com/news/thailand-approves-electric-vehicle-investment-082523069.html,https://finance.yahoo.com/news/thailand-approves-electric-vehicle-investment-082523069.html,https://finance.yahoo.com/news/thailand-approves-electric-vehicle-investment-082523069.html,https://finance.yahoo.com/news/thailand-approves-electric-vehicle-investment-082523069.html,https://finance.yahoo.com/news/thailand-approves-electric-vehicle-investment-082523069.html,https://finance.yahoo.com/news/thailand-approves-electric-vehicle-investment-082523069.html,https://finance.yahoo.com/news/thailand-approves-electric-vehicle-investment-082523069.html,https://finance.yahoo.com/news/thailand-approves-electric-vehicle-investment-082523069.html,,Operational
EV,New_Hyundai_TH1,Hyundai,South Korea,Announced,Thailand,Thailand (site TBD),2024,N/A,EV,Manufacturing,28,0,0,0,,https://www.reuters.com/business/autos-transportation/thailand-approves-28-mln-ev-investment-hyundai-2024-08-07/,https://www.reuters.com/business/autos-transportation/thailand-approves-28-mln-ev-investment-hyundai-2024-08-07/,https://www.reuters.com/business/autos-transportation/thailand-approves-28-mln-ev-investment-hyundai-2024-08-07/,https://www.reuters.com/business/autos-transportation/thailand-approves-28-mln-ev-investment-hyundai-2024-08-07/,https://www.reuters.com/business/autos-transportation/thailand-approves-28-mln-ev-investment-hyundai-2024-08-07/,https://www.reuters.com/business/autos-transportation/thailand-approves-28-mln-ev-investment-hyundai-2024-08-07/,https://www.reuters.com/business/autos-transportation/thailand-approves-28-mln-ev-investment-hyundai-2024-08-07/,https://www.reuters.com/business/autos-transportation/thailand-approves-28-mln-ev-investment-hyundai-2024-08-07/,,Announced only
EV,New_Hyundai_SG1,Hyundai,South Korea,Operational,Singapore,Jurong (Singapore),2020,2023,EV,Manufacturing,295,0,0,0,,https://www.reuters.com/article/us-hyundai-singapore-idUKKBN26Y0I4,https://www.reuters.com/article/us-hyundai-singapore-idUKKBN26Y0I4,https://www.reuters.com/article/us-hyundai-singapore-idUKKBN26Y0I4,https://www.reuters.com/article/us-hyundai-singapore-idUKKBN26Y0I4,https://www.reuters.com/article/us-hyundai-singapore-idUKKBN26Y0I4,https://www.reuters.com/article/us-hyundai-singapore-idUKKBN26Y0I4,https://www.reuters.com/article/us-hyundai-singapore-idUKKBN26Y0I4,https://www.reuters.com/article/us-hyundai-singapore-idUKKBN26Y0I4,,Operational
EV,New_Stellantis_PT1,Stellantis,Netherlands,Operational,Portugal,Mangualde (Viseu),2023,2024,EV,Manufacturing,131.45,0,0,0,,https://www.media.stellantis.com/em-en/corporate-communications/press/stellantis-allocates-electric-van-to-mangualde-to-support-light-commercial-vehicle-leadership-in-europe,https://www.media.stellantis.com/em-en/corporate-communications/press/stellantis-allocates-electric-van-to-mangualde-to-support-light-commercial-vehicle-leadership-in-europe,https://www.media.stellantis.com/em-en/corporate-communications/press/stellantis-allocates-electric-van-to-mangualde-to-support-light-commercial-vehicle-leadership-in-europe,https://www.media.stellantis.com/em-en/corporate-communications/press/stellantis-allocates-electric-van-to-mangualde-to-support-light-commercial-vehicle-leadership-in-europe,https://www.media.stellantis.com/em-en/corporate-communications/press/stellantis-allocates-electric-van-to-mangualde-to-support-light-commercial-vehicle-leadership-in-europe,https://www.media.stellantis.com/em-en/corporate-communications/press/stellantis-allocates-electric-van-to-mangualde-to-support-light-commercial-vehicle-leadership-in-europe,https://www.media.stellantis.com/em-en/corporate-communications/press/stellantis-allocates-electric-van-to-mangualde-to-support-light-commercial-vehicle-leadership-in-europe,https://www.media.stellantis.com/em-en/corporate-communications/press/stellantis-allocates-electric-van-to-mangualde-to-support-light-commercial-vehicle-leadership-in-europe,,Operational
Battery,New_Northvolt_PL1,Northvolt,Sweden,Cancelled,Poland,Gdansk (Pomerania),2021,N/A,Battery,Manufacturing,200,0,0,0,,https://northvolt.com/articles/systems-poland/,https://northvolt.com/articles/systems-poland/,https://northvolt.com/articles/systems-poland/,https://northvolt.com/articles/systems-poland/,https://northvolt.com/articles/systems-poland/,https://northvolt.com/articles/systems-poland/,https://northvolt.com/articles/systems-poland/,https://northvolt.com/articles/systems-poland/,,Ceased operations
EV,New_NidecMotor_MX1,Nidec Motor,Japan,Announced,Mexico,Mexico (site TBD),2022,N/A,EV,Manufacturing,715,0,0,0,,https://asia.nikkei.com/Business/Automobiles/Japan-s-Nidec-to-build-715m-plant-in-Mexico-to-tap-EV-demand,https://asia.nikkei.com/Business/Automobiles/Japan-s-Nidec-to-build-715m-plant-in-Mexico-to-tap-EV-demand,https://asia.nikkei.com/Business/Automobiles/Japan-s-Nidec-to-build-715m-plant-in-Mexico-to-tap-EV-demand,https://asia.nikkei.com/Business/Automobiles/Japan-s-Nidec-to-build-715m-plant-in-Mexico-to-tap-EV-demand,https://asia.nikkei.com/Business/Automobiles/Japan-s-Nidec-to-build-715m-plant-in-Mexico-to-tap-EV-demand,https://asia.nikkei.com/Business/Automobiles/Japan-s-Nidec-to-build-715m-plant-in-Mexico-to-tap-EV-demand,https://asia.nikkei.com/Business/Automobiles/Japan-s-Nidec-to-build-715m-plant-in-Mexico-to-tap-EV-demand,https://asia.nikkei.com/Business/Automobiles/Japan-s-Nidec-to-build-715m-plant-in-Mexico-to-tap-EV-demand,,Announced only
EV,New_Stellantis_IT1,Stellantis,Netherlands,Operational,Italy,Turin (Piedmont),2021,N/A,EV,Manufacturing,2350,0,0,0,,https://www.nasdaq.com/articles/stellantis-chairman-says-turin-italy-key-to-groups-production-2021-09-22,https://www.nasdaq.com/articles/stellantis-chairman-says-turin-italy-key-to-groups-production-2021-09-22,https://www.nasdaq.com/articles/stellantis-chairman-says-turin-italy-key-to-groups-production-2021-09-22,https://www.nasdaq.com/articles/stellantis-chairman-says-turin-italy-key-to-groups-production-2021-09-22,https://www.nasdaq.com/articles/stellantis-chairman-says-turin-italy-key-to-groups-production-2021-09-22,https://www.nasdaq.com/articles/stellantis-chairman-says-turin-italy-key-to-groups-production-2021-09-22,https://www.nasdaq.com/articles/stellantis-chairman-says-turin-italy-key-to-groups-production-2021-09-22,https://www.nasdaq.com/articles/stellantis-chairman-says-turin-italy-key-to-groups-production-2021-09-22,,Operational
EV,New_Toyota_ID1,Toyota,Japan,Operational,Indonesia,Karawang (West Java),2019,2022,EV,Manufacturing,2000,0,0,0,,https://www.reuters.com/article/us-toyota-indonesia-idUSKCN1TS1SL,https://www.reuters.com/article/us-toyota-indonesia-idUSKCN1TS1SL,https://www.reuters.com/article/us-toyota-indonesia-idUSKCN1TS1SL,https://www.reuters.com/article/us-toyota-indonesia-idUSKCN1TS1SL,https://www.reuters.com/article/us-toyota-indonesia-idUSKCN1TS1SL,https://www.reuters.com/article/us-toyota-indonesia-idUSKCN1TS1SL,https://www.reuters.com/article/us-toyota-indonesia-idUSKCN1TS1SL,https://www.reuters.com/article/us-toyota-indonesia-idUSKCN1TS1SL,,Operational
EV,New_Stellantis_HU1,Stellantis,Netherlands,Under Construction,Hungary,Szentgotthard (Vas),2024,2026,EV,Manufacturing,111.42,0,0,0,,https://www.electrive.com/2024/02/13/stellantis-prepares-electric-motor-production-in-hungary/,https://www.electrive.com/2024/02/13/stellantis-prepares-electric-motor-production-in-hungary/,https://www.electrive.com/2024/02/13/stellantis-prepares-electric-motor-production-in-hungary/,https://www.electrive.com/2024/02/13/stellantis-prepares-electric-motor-production-in-hungary/,https://www.electrive.com/2024/02/13/stellantis-prepares-electric-motor-production-in-hungary/,https://www.electrive.com/2024/02/13/stellantis-prepares-electric-motor-production-in-hungary/,https://www.stellantis.com/en/news/press-releases/2024/february/stellantis-increasing-production-of-electric-drive-modules-to-support-growth-in-electrification-portfolio (year only),https://www.electrive.com/2024/02/13/stellantis-prepares-electric-motor-production-in-hungary/,,Under construction
EV,New_Stellantis_DE1,Stellantis,Netherlands,Operational,Germany,Eisenach (Thuringia),2023,2024,EV,Manufacturing,141.62,0,0,0,,https://money.usnews.com/investing/news/articles/2023-03-22/stellantis-to-invest-130-million-euros-in-german-plant-for-new-opel-electric-car,https://money.usnews.com/investing/news/articles/2023-03-22/stellantis-to-invest-130-million-euros-in-german-plant-for-new-opel-electric-car,https://money.usnews.com/investing/news/articles/2023-03-22/stellantis-to-invest-130-million-euros-in-german-plant-for-new-opel-electric-car,https://money.usnews.com/investing/news/articles/2023-03-22/stellantis-to-invest-130-million-euros-in-german-plant-for-new-opel-electric-car,https://money.usnews.com/investing/news/articles/2023-03-22/stellantis-to-invest-130-million-euros-in-german-plant-for-new-opel-electric-car,https://money.usnews.com/investing/news/articles/2023-03-22/stellantis-to-invest-130-million-euros-in-german-plant-for-new-opel-electric-car,https://www.stellantis.com/en/news/press-releases/2023/march/stellantis-invests-130-million-in-eisenach-assembly-plant-in-germany-for-electric-opel-grandland-successor (year only),https://money.usnews.com/investing/news/articles/2023-03-22/stellantis-to-invest-130-million-euros-in-german-plant-for-new-opel-electric-car,,Operational
Battery,New_Northvolt_DE1,Northvolt,Sweden,Cancelled,Germany,Heide (Schleswig-Holstein),2023,N/A,Battery,Manufacturing,3231,0,0,0,,https://www.reuters.com/technology/northvolt-build-multi-billion-euro-battery-plant-germany-2023-05-12/,https://www.reuters.com/technology/northvolt-build-multi-billion-euro-battery-plant-germany-2023-05-12/,https://www.reuters.com/technology/northvolt-build-multi-billion-euro-battery-plant-germany-2023-05-12/,https://www.reuters.com/technology/northvolt-build-multi-billion-euro-battery-plant-germany-2023-05-12/,https://www.reuters.com/technology/northvolt-build-multi-billion-euro-battery-plant-germany-2023-05-12/,https://www.reuters.com/technology/northvolt-build-multi-billion-euro-battery-plant-germany-2023-05-12/,https://www.reuters.com/technology/northvolt-build-multi-billion-euro-battery-plant-germany-2023-05-12/,https://www.reuters.com/technology/northvolt-build-multi-billion-euro-battery-plant-germany-2023-05-12/,,Ceased operations
Battery,New_ProLogium_FR1,ProLogium,Taiwan,Under Construction,France,Dunkirk (Hauts-de-France),2023,2028,Battery,Manufacturing,5689.15,0,0,0,,https://prologium.com/prologium-announces-e5-2b-gigafactory-in-dunkirk-france-and-greets-french-president-emmanuel-macron/,https://prologium.com/prologium-announces-e5-2b-gigafactory-in-dunkirk-france-and-greets-french-president-emmanuel-macron/,https://prologium.com/prologium-announces-e5-2b-gigafactory-in-dunkirk-france-and-greets-french-president-emmanuel-macron/,https://prologium.com/prologium-announces-e5-2b-gigafactory-in-dunkirk-france-and-greets-french-president-emmanuel-macron/,https://prologium.com/prologium-announces-e5-2b-gigafactory-in-dunkirk-france-and-greets-french-president-emmanuel-macron/,https://prologium.com/prologium-announces-e5-2b-gigafactory-in-dunkirk-france-and-greets-french-president-emmanuel-macron/,https://www.electrive.com/2026/02/11/prologium-begins-construction-of-battery-factory-in-france/ (year only),https://prologium.com/prologium-announces-e5-2b-gigafactory-in-dunkirk-france-and-greets-french-president-emmanuel-macron/,,Under construction
EV,New_Stellantis_FR1,Stellantis,Netherlands,Operational,France,Rennes (Brittany),2023,2025,EV,Manufacturing,176.13,0,0,0,,https://www.reuters.com/business/autos-transportation/stellantis-announces-160-million-euro-investment-launch-electric-suv-2025-2023-06-01/,https://www.reuters.com/business/autos-transportation/stellantis-announces-160-million-euro-investment-launch-electric-suv-2025-2023-06-01/,https://www.reuters.com/business/autos-transportation/stellantis-announces-160-million-euro-investment-launch-electric-suv-2025-2023-06-01/,https://www.reuters.com/business/autos-transportation/stellantis-announces-160-million-euro-investment-launch-electric-suv-2025-2023-06-01/,https://www.reuters.com/business/autos-transportation/stellantis-announces-160-million-euro-investment-launch-electric-suv-2025-2023-06-01/,https://www.reuters.com/business/autos-transportation/stellantis-announces-160-million-euro-investment-launch-electric-suv-2025-2023-06-01/,https://www.reuters.com/business/autos-transportation/stellantis-announces-160-million-euro-investment-launch-electric-suv-2025-2023-06-01/,https://www.reuters.com/business/autos-transportation/stellantis-announces-160-million-euro-investment-launch-electric-suv-2025-2023-06-01/,,Operational
EV,New_BMW_AT1,BMW,Germany,Operational,Austria,Steyr (Upper Austria),2024,2025,EV,Manufacturing,532.74,0,0,0,,https://www.press.bmwgroup.com/global/article/detail/T0439491EN/milestone-at-bmw-group-plant-steyr:-production-facilities-for-next-gen-electric-drives-completed,https://www.press.bmwgroup.com/global/article/detail/T0439491EN/milestone-at-bmw-group-plant-steyr:-production-facilities-for-next-gen-electric-drives-completed,https://www.press.bmwgroup.com/global/article/detail/T0439491EN/milestone-at-bmw-group-plant-steyr:-production-facilities-for-next-gen-electric-drives-completed,https://www.press.bmwgroup.com/global/article/detail/T0439491EN/milestone-at-bmw-group-plant-steyr:-production-facilities-for-next-gen-electric-drives-completed,https://www.press.bmwgroup.com/global/article/detail/T0439491EN/milestone-at-bmw-group-plant-steyr:-production-facilities-for-next-gen-electric-drives-completed,https://www.press.bmwgroup.com/global/article/detail/T0439491EN/milestone-at-bmw-group-plant-steyr:-production-facilities-for-next-gen-electric-drives-completed,https://www.press.bmwgroup.com/usa/article/detail/T0451591EN_US/steyr-goes-electric-bmw-group-launches-series-production-of-electric-engines-for-neue-klasse?language=en_US (year only),https://www.press.bmwgroup.com/global/article/detail/T0439491EN/milestone-at-bmw-group-plant-steyr:-production-facilities-for-next-gen-electric-drives-completed,,Operational
Battery,New_LGChemVinFast_VN1,LG Chem,South Korea,Operational,Vietnam,Hai Phong (Hải Phòng),2019,2019,Battery,Manufacturing,,0,1,1,VinFast (VinFast Trading and Production),https://vingroup.net/en/news/detail/1933/vinfast-and-lg-chem-co-operate-for-battery-production,https://vingroup.net/en/news/detail/1933/vinfast-and-lg-chem-co-operate-for-battery-production,https://vingroup.net/en/news/detail/1933/vinfast-and-lg-chem-co-operate-for-battery-production,Investment value not officially confirmed (~US$1.5bn reported Sep 2018),https://www.reuters.com/article/business/south-koreas-lg-chem-sets-up-joint-venture-with-vietnams-vinfast-idUSKCN1RJ00U/,https://www.reuters.com/article/business/south-koreas-lg-chem-sets-up-joint-venture-with-vietnams-vinfast-idUSKCN1RJ00U/ 04/05/2019,https://vingroup.net/en/news/detail/1933/vinfast-and-lg-chem-co-operate-for-battery-production (year only),https://vingroup.net/en/news/detail/1933/vinfast-and-lg-chem-co-operate-for-battery-production,https://vingroup.net/en/news/detail/1933/vinfast-and-lg-chem-co-operate-for-battery-production,Operational
Wind,SS_New_GEV_IN1,GE Vernova,United States,Announced,India,Pune (Maharashtra),2026,,Wind,Manufacturing,,0,0,0,0,https://www.gevernova.com/news/press-releases/ge-vernova-deepens-india-commitment-38mw-workhorse-turbine-launch-powerica-order-allm-certification-pune-manufacturing,https://www.gevernova.com/news/press-releases/ge-vernova-deepens-india-commitment-38mw-workhorse-turbine-launch-powerica-order-allm-certification-pune-manufacturing,https://www.gevernova.com/news/press-releases/ge-vernova-deepens-india-commitment-38mw-workhorse-turbine-launch-powerica-order-allm-certification-pune-manufacturing,Investment value not publicly disclosed,,https://www.gevernova.com/news/press-releases/ge-vernova-deepens-india-commitment-38mw-workhorse-turbine-launch-powerica-order-allm-certification-pune-manufacturing (year only),,https://www.gevernova.com/news/press-releases/ge-vernova-deepens-india-commitment-38mw-workhorse-turbine-launch-powerica-order-allm-certification-pune-manufacturing,,
EV,SS_New_GEELY_ES1,Geely,China,Announced,Spain,Almussafes (Valencia),2026,,EV,Manufacturing,251,0,1,0,Ford (JV: Ford 66% / Geely 34%),https://www.geely.com/en/news/2026/geely-ford-joint-venture-spain-valencia-plant,https://www.geely.com/en/news/2026/geely-ford-joint-venture-spain-valencia-plant,https://www.geely.com/en/news/2026/geely-ford-joint-venture-spain-valencia-plant,https://www.geely.com/en/news/2026/geely-ford-joint-venture-spain-valencia-plant,Ford 66% / Geely 34%,https://www.geely.com/en/news/2026/geely-ford-joint-venture-spain-valencia-plant,,,https://www.geely.com/en/news/2026/geely-ford-joint-venture-spain-valencia-plant,Announced only
EV,SS_New_SAIC_ES1,SAIC Motor (MG),China,Announced,Spain,Ferrol (Galicia),2026,,EV,Manufacturing,232,0,0,0,,https://www.just-auto.com/news/saic-motor-first-eu-plant-spain/,https://www.just-auto.com/news/saic-motor-first-eu-plant-spain/,https://www.just-auto.com/news/saic-motor-first-eu-plant-spain/,https://www.just-auto.com/news/saic-motor-first-eu-plant-spain/,,https://www.just-auto.com/news/saic-motor-first-eu-plant-spain/,,,,Announced only
EV,SS_New_GEELY_EG1,Geely,China,Operational,Egypt,Giza (6th of October City),2025,2025,EV,Manufacturing,100,0,1,1,Auto Mobility,https://www.geely.com/en/news/2025/geely-auto-egypt-ckd-plant,https://www.geely.com/en/news/2025/geely-auto-egypt-ckd-plant,https://www.geely.com/en/news/2025/geely-auto-egypt-ckd-plant,https://www.geely.com/en/news/2025/geely-auto-egypt-ckd-plant,,https://www.geely.com/en/news/2025/geely-auto-egypt-ckd-plant,https://www.geely.com/en/news/2025/geely-auto-egypt-ckd-plant,,https://www.geely.com/en/news/2025/geely-auto-egypt-ckd-plant,Operational
EV,SS_New_CHANGAN_EG1,Chang'an,China,Commenced,Egypt,Cairo,2025,,EV,Manufacturing,,0,1,1,GB Auto / Seoudi Investment Group,https://www.zawya.com/en/economy/north-africa/gb-auto-launches-1st-locally-assembled-changan-cs55-in-egypt-i1z3mj7c,https://www.zawya.com/en/economy/north-africa/gb-auto-launches-1st-locally-assembled-changan-cs55-in-egypt-i1z3mj7c,https://www.zawya.com/en/economy/north-africa/gb-auto-launches-1st-locally-assembled-changan-cs55-in-egypt-i1z3mj7c,,,https://www.zawya.com/en/economy/north-africa/gb-auto-launches-1st-locally-assembled-changan-cs55-in-egypt-i1z3mj7c,,,https://www.zawya.com/en/economy/north-africa/gb-auto-launches-1st-locally-assembled-changan-cs55-in-egypt-i1z3mj7c,Under construction
EV,SS_New_GWM_PK1,Greatwall Motor (GWM),China,Operational,Pakistan,Lahore,2021,2022,EV,Manufacturing,,0,1,1,Sazgar Engineering Works,https://www.gwm-global.com/news/3402402.html,https://www.gwm-global.com/news/3402402.html,https://www.gwm-global.com/news/3402402.html,,,https://www.gwm-global.com/news/3402402.html,https://www.gwm-global.com/news/3402402.html,,https://www.gwm-global.com/news/3402402.html,Operational
EV,SS_New_GEELY_ID1,Geely,China,Operational,Indonesia,Purwakarta (West Java),2025,2025,EV,Manufacturing,,0,1,1,PT Handal Indonesia Motor,https://global.geely.com/en/news/2025/geely-auto-launch-indonesia,https://global.geely.com/en/news/2025/geely-auto-launch-indonesia,https://global.geely.com/en/news/2025/geely-auto-launch-indonesia,,,https://global.geely.com/en/news/2025/geely-auto-launch-indonesia,https://global.geely.com/en/news/2025/geely-auto-launch-indonesia,,https://global.geely.com/en/news/2025/geely-auto-launch-indonesia,Operational
EV,SS_New_CHERY_ZA1,Chery,China,Commenced,South Africa,"Rosslyn (near Pretoria, Gauteng)",2026,,EV,Manufacturing,,0,0,0,,https://www.citizen.co.za/motoring/chery-commits-rosslyn-assembly-plant/,https://www.citizen.co.za/motoring/chery-commits-rosslyn-assembly-plant/,https://www.citizen.co.za/motoring/chery-commits-rosslyn-assembly-plant/,,,https://www.citizen.co.za/motoring/chery-commits-rosslyn-assembly-plant/,,,,Under construction
EV,SS_New_CHERY_GB1,Chery,China,Announced,United Kingdom,Sunderland,2026,,EV,Manufacturing,,0,0,0,Nissan (contract mfg; non-binding MoU),https://cnevpost.com/2026/06/04/chery-nissan-uk-manufacturing-deal/,https://cnevpost.com/2026/06/04/chery-nissan-uk-manufacturing-deal/,https://cnevpost.com/2026/06/04/chery-nissan-uk-manufacturing-deal/,,,https://cnevpost.com/2026/06/04/chery-nissan-uk-manufacturing-deal/,,,,Announced only
Battery,SS_New_WINDEY_BR1,Windey,China,Commenced,Brazil,Camaçari (Bahia),2026,,Battery,Manufacturing,19,0,0,0,,https://www.mixvale.com.br/2026/06/09/chinese-windey-energy-announces-r100-million-factory-in-camacari-for-energy-storage-en/,https://www.mixvale.com.br/2026/06/09/chinese-windey-energy-announces-r100-million-factory-in-camacari-for-energy-storage-en/,https://www.mixvale.com.br/2026/06/09/chinese-windey-energy-announces-r100-million-factory-in-camacari-for-energy-storage-en/,https://www.mixvale.com.br/2026/06/09/chinese-windey-energy-announces-r100-million-factory-in-camacari-for-energy-storage-en/,,https://www.mixvale.com.br/2026/06/09/chinese-windey-energy-announces-r100-million-factory-in-camacari-for-energy-storage-en/,,,,Under construction
Battery,SS_New_PUTAILAI_MY1,Shanghai Putailai New Energy Technology Group,China,Commenced,Malaysia,Gurun (Kedah),2026,,Battery,Manufacturing,297,0,0,0,,https://www.yicaiglobal.com/news/chinas-putailai-to-invest-usd297-million-in-new-lithium-battery-materials-plant-in-malaysia,https://www.yicaiglobal.com/news/chinas-putailai-to-invest-usd297-million-in-new-lithium-battery-materials-plant-in-malaysia,https://www.yicaiglobal.com/news/chinas-putailai-to-invest-usd297-million-in-new-lithium-battery-materials-plant-in-malaysia,https://www.yicaiglobal.com/news/chinas-putailai-to-invest-usd297-million-in-new-lithium-battery-materials-plant-in-malaysia,,https://www.yicaiglobal.com/news/chinas-putailai-to-invest-usd297-million-in-new-lithium-battery-materials-plant-in-malaysia,,,,Under construction
Battery,SS_New_LIYUAN_ID1,Changzhou Liyuan New Energy Technology,China,Commenced,Indonesia,Kendal (Central Java),2024,,Battery,Manufacturing,350,0,1,1,Indonesia Investment Authority (INA) consortium,https://www.kendalindustrialpark.co.id/post/index/617/building-a-lithium-cathode-material-factory-in-kendal-kek-pt-lbm-energi-baru-indonesia-invests-usd-350-million,https://www.kendalindustrialpark.co.id/post/index/617/building-a-lithium-cathode-material-factory-in-kendal-kek-pt-lbm-energi-baru-indonesia-invests-usd-350-million,https://www.kendalindustrialpark.co.id/post/index/617/building-a-lithium-cathode-material-factory-in-kendal-kek-pt-lbm-energi-baru-indonesia-invests-usd-350-million,https://www.kendalindustrialpark.co.id/post/index/617/building-a-lithium-cathode-material-factory-in-kendal-kek-pt-lbm-energi-baru-indonesia-invests-usd-350-million,,https://www.kendalindustrialpark.co.id/post/index/617/building-a-lithium-cathode-material-factory-in-kendal-kek-pt-lbm-energi-baru-indonesia-invests-usd-350-million,,,https://www.kendalindustrialpark.co.id/post/index/617/building-a-lithium-cathode-material-factory-in-kendal-kek-pt-lbm-energi-baru-indonesia-invests-usd-350-million,Under construction
Battery,SS_New_VALMET_DE1,Valmet Automotive,Finland,Operational,Germany,Kirchardt,2023,2023,Battery,Manufacturing,,0,0,0,,https://www.just-auto.com/news/valmet-starts-production-at-german-battery-systems-plant/?cf-view,https://www.just-auto.com/news/valmet-starts-production-at-german-battery-systems-plant/?cf-view,https://www.just-auto.com/news/valmet-starts-production-at-german-battery-systems-plant/?cf-view,,,https://www.just-auto.com/news/valmet-starts-production-at-german-battery-systems-plant/?cf-view,https://www.just-auto.com/news/valmet-starts-production-at-german-battery-systems-plant/?cf-view,,,Operational
Battery,SS_New_SOULBRAIN_HU1,Soulbrain,South Korea,Operational,Hungary,Tatabánya,2019,2021,Battery,Manufacturing,22,0,0,0,,https://2015-2019.kormany.hu/en/ministry-of-foreign-affairs-and-trade/news/government-provides-425-million-forints-in-funding-towards-tatabanya-investment-by-korean-company-soulbrain,https://2015-2019.kormany.hu/en/ministry-of-foreign-affairs-and-trade/news/government-provides-425-million-forints-in-funding-towards-tatabanya-investment-by-korean-company-soulbrain,https://2015-2019.kormany.hu/en/ministry-of-foreign-affairs-and-trade/news/government-provides-425-million-forints-in-funding-towards-tatabanya-investment-by-korean-company-soulbrain,https://2015-2019.kormany.hu/en/ministry-of-foreign-affairs-and-trade/news/government-provides-425-million-forints-in-funding-towards-tatabanya-investment-by-korean-company-soulbrain,,https://2015-2019.kormany.hu/en/ministry-of-foreign-affairs-and-trade/news/government-provides-425-million-forints-in-funding-towards-tatabanya-investment-by-korean-company-soulbrain,https://2015-2019.kormany.hu/en/ministry-of-foreign-affairs-and-trade/news/government-provides-425-million-forints-in-funding-towards-tatabanya-investment-by-korean-company-soulbrain,,,Operational
EV,SS_New_STELL_PL1,Stellantis,Netherlands,Operational,Poland,Tychy,2021,2023,EV,Manufacturing,202,0,0,0,,https://www.reuters.com/article/us-fiat-poland-idUSKBN2931OQ/,https://www.reuters.com/article/us-fiat-poland-idUSKBN2931OQ/,https://www.reuters.com/article/us-fiat-poland-idUSKBN2931OQ/,https://www.reuters.com/article/us-fiat-poland-idUSKBN2931OQ/,,https://www.reuters.com/article/us-fiat-poland-idUSKBN2931OQ/,https://www.reuters.com/article/us-fiat-poland-idUSKBN2931OQ/,,,Operational
EV,SS_New_TOYOTA_CZ1,Toyota,Japan,Announced,Czechia,Kolín,2025,,EV,Manufacturing,792,0,0,0,,https://mpo.gov.cz/en/guidepost/for-the-media/press-releases/a-major-success-for-czechia--toyota-to-start-producing-electric-cars-and-batteries-in-kolin--289370/,https://mpo.gov.cz/en/guidepost/for-the-media/press-releases/a-major-success-for-czechia--toyota-to-start-producing-electric-cars-and-batteries-in-kolin--289370/,https://mpo.gov.cz/en/guidepost/for-the-media/press-releases/a-major-success-for-czechia--toyota-to-start-producing-electric-cars-and-batteries-in-kolin--289370/,https://mpo.gov.cz/en/guidepost/for-the-media/press-releases/a-major-success-for-czechia--toyota-to-start-producing-electric-cars-and-batteries-in-kolin--289370/,,https://mpo.gov.cz/en/guidepost/for-the-media/press-releases/a-major-success-for-czechia--toyota-to-start-producing-electric-cars-and-batteries-in-kolin--289370/,,,,Announced only
EV,SS_New_HYUNDAI_CZ1,Hyundai,South Korea,Operational,Czech Republic,Nošovice,2023,2023,EV,Manufacturing,,0,0,0,,https://www.hyundai.news/eu/articles/press-releases/all-new-kona-electric-begins-production-in-czech-republic.html,https://www.hyundai.news/eu/articles/press-releases/all-new-kona-electric-begins-production-in-czech-republic.html,https://www.hyundai.news/eu/articles/press-releases/all-new-kona-electric-begins-production-in-czech-republic.html,,,https://www.hyundai.news/eu/articles/press-releases/all-new-kona-electric-begins-production-in-czech-republic.html,https://www.hyundai.news/eu/articles/press-releases/all-new-kona-electric-begins-production-in-czech-republic.html,,,Operational
EV,SS_New_KIA_SK1,Kia,South Korea,Operational,Slovakia,Žilina,2025,2025,EV,Manufacturing,123,0,0,0,,https://www.electrive.com/2025/10/16/kia-to-nearly-triple-electric-car-production-in-slovakia/,https://www.electrive.com/2025/10/16/kia-to-nearly-triple-electric-car-production-in-slovakia/,https://www.electrive.com/2025/10/16/kia-to-nearly-triple-electric-car-production-in-slovakia/,https://www.electrive.com/2025/10/16/kia-to-nearly-triple-electric-car-production-in-slovakia/,,https://www.electrive.com/2025/10/16/kia-to-nearly-triple-electric-car-production-in-slovakia/,https://www.electrive.com/2025/10/16/kia-to-nearly-triple-electric-car-production-in-slovakia/,,,Operational
EV,SS_New_JLR_SK1,JLR (Tata),India,Announced,Slovakia,Nitra,2023,,EV,Manufacturing,,0,0,0,,https://www.fleetnews.co.uk/news/jlr-invests-in-ev-production-at-slovakian-plant,https://www.fleetnews.co.uk/news/jlr-invests-in-ev-production-at-slovakian-plant,https://www.fleetnews.co.uk/news/jlr-invests-in-ev-production-at-slovakian-plant,,,https://www.fleetnews.co.uk/news/jlr-invests-in-ev-production-at-slovakian-plant,,,,Announced only
Battery,SS_New_BMW_TH1,BMW Group,Germany,Commenced,Thailand,Rayong,2024,,Battery,Manufacturing,45,1,1,1,BMW Group Mfg Thailand (WMG / Dräxlmaier),https://www.press.bmwgroup.com/global/article/detail/T0439923EN/bmw-group-launches-construction-of-high-voltage-battery-assembly-plant-in-thailand?language=en,https://www.press.bmwgroup.com/global/article/detail/T0439923EN/bmw-group-launches-construction-of-high-voltage-battery-assembly-plant-in-thailand?language=en,https://www.press.bmwgroup.com/global/article/detail/T0439923EN/bmw-group-launches-construction-of-high-voltage-battery-assembly-plant-in-thailand?language=en,https://www.press.bmwgroup.com/global/article/detail/T0439923EN/bmw-group-launches-construction-of-high-voltage-battery-assembly-plant-in-thailand?language=en,,https://www.press.bmwgroup.com/global/article/detail/T0439923EN/bmw-group-launches-construction-of-high-voltage-battery-assembly-plant-in-thailand?language=en,,,https://www.press.bmwgroup.com/global/article/detail/T0439923EN/bmw-group-launches-construction-of-high-voltage-battery-assembly-plant-in-thailand?language=en,Under construction
Battery,SS_New_BMW_TH2,BMW Group,Germany,Operational,Thailand,Rayong,2019,2019,Battery,Manufacturing,15,0,1,1,BMW Group Mfg Thailand (Dräxlmaier),https://autobuzz.my/2019/09/12/bmw-group-thailand-to-locally-assemble-high-voltage-batteries-for-bmw-phevs/,https://autobuzz.my/2019/09/12/bmw-group-thailand-to-locally-assemble-high-voltage-batteries-for-bmw-phevs/,https://autobuzz.my/2019/09/12/bmw-group-thailand-to-locally-assemble-high-voltage-batteries-for-bmw-phevs/,https://autobuzz.my/2019/09/12/bmw-group-thailand-to-locally-assemble-high-voltage-batteries-for-bmw-phevs/,,https://autobuzz.my/2019/09/12/bmw-group-thailand-to-locally-assemble-high-voltage-batteries-for-bmw-phevs/,https://autobuzz.my/2019/09/12/bmw-group-thailand-to-locally-assemble-high-voltage-batteries-for-bmw-phevs/,,https://autobuzz.my/2019/09/12/bmw-group-thailand-to-locally-assemble-high-voltage-batteries-for-bmw-phevs/,Operational
EV,SS_New_MAZDA_TH1,Mazda,Japan,Announced,Thailand,Rayong,2025,,EV,Manufacturing,150,0,1,1,AutoAlliance Thailand (AAT),https://www.reuters.com/business/autos-transportation/japans-mazda-plans-150-million-investment-thailand-ev-production-2025-02-13/,https://www.reuters.com/business/autos-transportation/japans-mazda-plans-150-million-investment-thailand-ev-production-2025-02-13/,https://www.reuters.com/business/autos-transportation/japans-mazda-plans-150-million-investment-thailand-ev-production-2025-02-13/,https://www.reuters.com/business/autos-transportation/japans-mazda-plans-150-million-investment-thailand-ev-production-2025-02-13/,Mazda 50% / Ford 50% (AAT JV),https://www.reuters.com/business/autos-transportation/japans-mazda-plans-150-million-investment-thailand-ev-production-2025-02-13/,,,https://www.reuters.com/business/autos-transportation/japans-mazda-plans-150-million-investment-thailand-ev-production-2025-02-13/,Announced only
EV,SS_New_MERC_TH1,Mercedes-Benz,Germany,Operational,Thailand,Samut Prakan,2022,2022,EV,Manufacturing,,0,1,1,Thonburi Automotive (TAAP),https://www.bangkokpost.com/business/general/2456929/mercedes-benz-to-make-evs-in-thailand,https://www.bangkokpost.com/business/general/2456929/mercedes-benz-to-make-evs-in-thailand,https://www.bangkokpost.com/business/general/2456929/mercedes-benz-to-make-evs-in-thailand,,,https://www.bangkokpost.com/business/general/2456929/mercedes-benz-to-make-evs-in-thailand,https://www.bangkokpost.com/business/general/2456929/mercedes-benz-to-make-evs-in-thailand,,https://www.bangkokpost.com/business/general/2456929/mercedes-benz-to-make-evs-in-thailand,Operational
Battery,SS_New_CNGR_KR1,CNGR,China,Announced,South Korea,Pohang,2025,,Battery,Manufacturing,,0,1,1,POSCO Future M + CNGR + FINO,https://www.koreaherald.com/article/10643215,https://www.koreaherald.com/article/10643215,https://www.koreaherald.com/article/10643215,,,https://www.koreaherald.com/article/10643215,,,https://www.koreaherald.com/article/10643215,Announced only
